{"type":"FeatureCollection","name":"red-transito-pesado","description":"Tramos con hgv=designated: la Red de Transito Pesado segun OpenStreetMap. Transcripcion comunitaria, no la capa oficial del GCBA (ver L-1).","attribution":"Datos de OpenStreetMap (ODbL)","generatedOn":"2026-08-31","features":[{"type":"Feature","properties":{"name":"Avenida Costanera Rafael Obligado","ref":null,"osm":"way/4927980"},"geometry":{"type":"LineString","coordinates":[[-58.395217,-34.572185],[-58.396016,-34.571717],[-58.398717,-34.570198],[-58.398768,-34.570168],[-58.39909,-34.569989]]}},{"type":"Feature","properties":{"name":"Avenida Triunvirato","ref":null,"osm":"way/9967926"},"geometry":{"type":"LineString","coordinates":[[-58.462053,-34.585126],[-58.461903,-34.585129],[-58.461672,-34.585134],[-58.461001,-34.58515]]}},{"type":"Feature","properties":{"name":"Avenida San Martín","ref":null,"osm":"way/10055451"},"geometry":{"type":"LineString","coordinates":[[-58.518481,-34.589523],[-58.518442,-34.589534],[-58.518299,-34.589576]]}},{"type":"Feature","properties":{"name":"Avenida Álvarez Thomas","ref":null,"osm":"way/10238786"},"geometry":{"type":"LineString","coordinates":[[-58.448424,-34.581473],[-58.448308,-34.581517],[-58.447215,-34.581964],[-58.447106,-34.582014]]}},{"type":"Feature","properties":{"name":"Avenida de los Constituyentes","ref":null,"osm":"way/10430549"},"geometry":{"type":"LineString","coordinates":[[-58.509081,-34.570023],[-58.508904,-34.570122]]}},{"type":"Feature","properties":{"name":"Avenida de los Constituyentes","ref":null,"osm":"way/10430623"},"geometry":{"type":"LineString","coordinates":[[-58.47736,-34.5913],[-58.477084,-34.591401],[-58.476552,-34.591552],[-58.47645,-34.591595],[-58.476344,-34.591657],[-58.476273,-34.591724],[-58.476213,-34.591809],[-58.47617,-34.591905],[-58.476146,-34.591996],[-58.476136,-34.592106],[-58.476131,-34.592242]]}},{"type":"Feature","properties":{"name":"Avenida Triunvirato","ref":null,"osm":"way/10435994"},"geometry":{"type":"LineString","coordinates":[[-58.49651,-34.555174],[-58.496405,-34.55542],[-58.496337,-34.55557],[-58.496288,-34.555702],[-58.496278,-34.555756],[-58.496272,-34.555814],[-58.496272,-34.555908],[-58.496283,-34.55599],[-58.49631,-34.556065],[-58.496357,-34.556149],[-58.496409,-34.556221]]}},{"type":"Feature","properties":{"name":"Galicia","ref":null,"osm":"way/10808022"},"geometry":{"type":"LineString","coordinates":[[-58.476702,-34.618904],[-58.47601,-34.618551],[-58.475805,-34.618443]]}},{"type":"Feature","properties":{"name":null,"ref":null,"osm":"way/17429745"},"geometry":{"type":"LineString","coordinates":[[-58.417885,-34.561422],[-58.417573,-34.561833],[-58.417494,-34.561919],[-58.417431,-34.561988],[-58.41737,-34.562047]]}},{"type":"Feature","properties":{"name":null,"ref":null,"osm":"way/18908030"},"geometry":{"type":"LineString","coordinates":[[-58.462687,-34.645212],[-58.462908,-34.645628],[-58.463102,-34.645982]]}},{"type":"Feature","properties":{"name":"Autopista 25 de Mayo","ref":"AU1","osm":"way/18908534"},"geometry":{"type":"LineString","coordinates":[[-58.463675,-34.647783],[-58.462963,-34.646358]]}},{"type":"Feature","properties":{"name":"Avenida Piedra Buena","ref":null,"osm":"way/19232890"},"geometry":{"type":"LineString","coordinates":[[-58.494548,-34.671291],[-58.494353,-34.671497],[-58.493458,-34.67241]]}},{"type":"Feature","properties":{"name":"Murguiondo","ref":null,"osm":"way/19232927"},"geometry":{"type":"LineString","coordinates":[[-58.504617,-34.653655],[-58.504508,-34.65378],[-58.503936,-34.654353],[-58.502842,-34.655461]]}},{"type":"Feature","properties":{"name":"Avenida Directorio","ref":null,"osm":"way/19233006"},"geometry":{"type":"LineString","coordinates":[[-58.49883,-34.657339],[-58.498642,-34.657184],[-58.498258,-34.656867]]}},{"type":"Feature","properties":{"name":"Avenida Directorio","ref":null,"osm":"way/19233054"},"geometry":{"type":"LineString","coordinates":[[-58.499808,-34.658159],[-58.500208,-34.658499],[-58.500523,-34.658766],[-58.500592,-34.658824],[-58.5007,-34.658916],[-58.50093,-34.659119],[-58.501125,-34.659258],[-58.501357,-34.659387],[-58.501376,-34.659398],[-58.501558,-34.659477],[-58.502124,-34.65968],[-58.502529,-34.659826],[-58.502653,-34.659872],[-58.502727,-34.659899],[-58.502902,-34.659975]]}},{"type":"Feature","properties":{"name":"Avenida Eva Perón","ref":null,"osm":"way/19679747"},"geometry":{"type":"LineString","coordinates":[[-58.484128,-34.66132],[-58.483218,-34.66071]]}},{"type":"Feature","properties":{"name":"Suárez","ref":null,"osm":"way/19782449"},"geometry":{"type":"LineString","coordinates":[[-58.389516,-34.642921],[-58.388272,-34.642969],[-58.386978,-34.643031],[-58.386855,-34.64304]]}},{"type":"Feature","properties":{"name":"Avenida Australia","ref":null,"osm":"way/19782450"},"geometry":{"type":"LineString","coordinates":[[-58.388514,-34.646784],[-58.387724,-34.646748],[-58.386577,-34.6467],[-58.386536,-34.646696],[-58.386487,-34.64669],[-58.386448,-34.646683],[-58.386407,-34.646674],[-58.386119,-34.6466],[-58.38574,-34.646512],[-58.385029,-34.646348],[-58.383921,-34.646087],[-58.383181,-34.645907]]}},{"type":"Feature","properties":{"name":"Hipólito Vieytes","ref":null,"osm":"way/19782471"},"geometry":{"type":"LineString","coordinates":[[-58.379347,-34.643645],[-58.379392,-34.643097],[-58.379399,-34.643011],[-58.379401,-34.642966],[-58.379402,-34.642939]]}},{"type":"Feature","properties":{"name":"Pedro de Luján","ref":null,"osm":"way/19782481"},"geometry":{"type":"LineString","coordinates":[[-58.388543,-34.656923],[-58.38691,-34.656839],[-58.385331,-34.656757]]}},{"type":"Feature","properties":{"name":"Pedro de Luján","ref":null,"osm":"way/19782483"},"geometry":{"type":"LineString","coordinates":[[-58.38332,-34.656655],[-58.381458,-34.656544],[-58.380827,-34.656504],[-58.380005,-34.656452]]}},{"type":"Feature","properties":{"name":"Avenida Don Pedro de Mendoza","ref":null,"osm":"way/19782488"},"geometry":{"type":"LineString","coordinates":[[-58.369049,-34.650615],[-58.369951,-34.650966]]}},{"type":"Feature","properties":{"name":"Herrera","ref":null,"osm":"way/19782492"},"geometry":{"type":"LineString","coordinates":[[-58.375829,-34.645242],[-58.37556,-34.646301],[-58.37538,-34.647012],[-58.375362,-34.647081],[-58.37532,-34.647247]]}},{"type":"Feature","properties":{"name":"Herrera","ref":null,"osm":"way/19782654"},"geometry":{"type":"LineString","coordinates":[[-58.37492,-34.648555],[-58.37472,-34.649226],[-58.374553,-34.649794]]}},{"type":"Feature","properties":{"name":"Avenida Perito Moreno","ref":null,"osm":"way/19783060"},"geometry":{"type":"LineString","coordinates":[[-58.44163,-34.650882],[-58.440866,-34.650846],[-58.439018,-34.650744]]}},{"type":"Feature","properties":{"name":"Avenida General Francisco Fernández de La Cruz","ref":null,"osm":"way/19783094"},"geometry":{"type":"LineString","coordinates":[[-58.437244,-34.655176],[-58.437061,-34.655044],[-58.436196,-34.654465]]}},{"type":"Feature","properties":{"name":"Avenida Escalada","ref":null,"osm":"way/19787142"},"geometry":{"type":"LineString","coordinates":[[-58.457437,-34.674348],[-58.457866,-34.674018],[-58.457954,-34.673941],[-58.458007,-34.67389],[-58.458085,-34.673814],[-58.458151,-34.67373],[-58.458192,-34.673663],[-58.458216,-34.67362],[-58.458309,-34.673422],[-58.458383,-34.673255]]}},{"type":"Feature","properties":{"name":"Autopista Presidente Héctor José Cámpora","ref":"AU7","osm":"way/19787143"},"geometry":{"type":"LineString","coordinates":[[-58.436681,-34.672994],[-58.441432,-34.671023]]}},{"type":"Feature","properties":{"name":"Avenida Coronel Roca","ref":null,"osm":"way/19787149"},"geometry":{"type":"LineString","coordinates":[[-58.456732,-34.686177],[-58.456428,-34.685896],[-58.456366,-34.685835],[-58.456221,-34.685676],[-58.456132,-34.685558],[-58.456038,-34.68543],[-58.455902,-34.685269],[-58.455791,-34.685159],[-58.453771,-34.683302],[-58.452476,-34.682112],[-58.45228,-34.681948],[-58.452073,-34.681795],[-58.451818,-34.681621],[-58.451548,-34.681451],[-58.451348,-34.681326],[-58.451174,-34.6812],[-58.451083,-34.681127],[-58.450927,-34.681],[-58.450746,-34.68082]]}},{"type":"Feature","properties":{"name":"Avenida Intendente Francisco Rabanal","ref":null,"osm":"way/19787150"},"geometry":{"type":"LineString","coordinates":[[-58.41657,-34.654748],[-58.416869,-34.654826],[-58.417387,-34.654977],[-58.417684,-34.655064],[-58.418057,-34.655172],[-58.418258,-34.655235]]}},{"type":"Feature","properties":{"name":"Avenida General Francisco Fernández de La Cruz","ref":null,"osm":"way/19787453"},"geometry":{"type":"LineString","coordinates":[[-58.446471,-34.662399],[-58.447367,-34.663111],[-58.44751,-34.663225],[-58.447844,-34.663464],[-58.44804,-34.663607],[-58.448259,-34.66373],[-58.448578,-34.663934],[-58.44884,-34.664083],[-58.448952,-34.664156],[-58.449087,-34.664253],[-58.449339,-34.664456],[-58.44944,-34.66453],[-58.449791,-34.664789],[-58.449944,-34.664906],[-58.450038,-34.664966],[-58.450206,-34.665042],[-58.450654,-34.665183]]}},{"type":"Feature","properties":{"name":null,"ref":null,"osm":"way/19787468"},"geometry":{"type":"LineString","coordinates":[[-58.464492,-34.649848],[-58.464851,-34.649886],[-58.466035,-34.649767],[-58.466641,-34.649776],[-58.466886,-34.649839]]}},{"type":"Feature","properties":{"name":"Avenida Lafuente","ref":null,"osm":"way/20280385"},"geometry":{"type":"LineString","coordinates":[[-58.462534,-34.642348],[-58.462517,-34.642439],[-58.462508,-34.642531],[-58.462508,-34.642659],[-58.462522,-34.642785],[-58.462556,-34.642932],[-58.46261,-34.643074]]}},{"type":"Feature","properties":{"name":"Avenida Nazca","ref":null,"osm":"way/20280387"},"geometry":{"type":"LineString","coordinates":[[-58.469639,-34.630693],[-58.469726,-34.630507],[-58.469783,-34.630377],[-58.469846,-34.630242],[-58.469913,-34.630096],[-58.469959,-34.629998],[-58.470225,-34.629422]]}},{"type":"Feature","properties":{"name":"Autopista Presidente Arturo Frondizi","ref":"AV1-Sur","osm":"way/21091347"},"geometry":{"type":"LineString","coordinates":[[-58.371088,-34.655602],[-58.371551,-34.6542]]}},{"type":"Feature","properties":{"name":"Avenida Pinedo","ref":null,"osm":"way/21119411"},"geometry":{"type":"LineString","coordinates":[[-58.381179,-34.645417],[-58.381151,-34.644101],[-58.381131,-34.643376]]}},{"type":"Feature","properties":{"name":"Avenida Eva Perón","ref":null,"osm":"way/21619569"},"geometry":{"type":"LineString","coordinates":[[-58.46328,-34.64412],[-58.463116,-34.644059],[-58.463016,-34.644017],[-58.462874,-34.643962],[-58.462825,-34.643944],[-58.462775,-34.643932],[-58.462722,-34.643927],[-58.462668,-34.643926],[-58.462615,-34.64393],[-58.462564,-34.643947],[-58.462388,-34.644033]]}},{"type":"Feature","properties":{"name":"Autopista Teniente General Luis Dellepiane","ref":"RNA002","osm":"way/21626240"},"geometry":{"type":"LineString","coordinates":[[-58.485426,-34.68716],[-58.485032,-34.686681]]}},{"type":"Feature","properties":{"name":"Avenida Lacarra","ref":null,"osm":"way/21630401"},"geometry":{"type":"LineString","coordinates":[[-58.467411,-34.651245],[-58.467029,-34.651542]]}},{"type":"Feature","properties":{"name":"Avenida Suárez","ref":null,"osm":"way/21842666"},"geometry":{"type":"LineString","coordinates":[[-58.377084,-34.640335],[-58.376888,-34.640203],[-58.376488,-34.639937],[-58.375942,-34.639601],[-58.375827,-34.639521]]}},{"type":"Feature","properties":{"name":"Puente Nicolás Avellaneda","ref":"RNA001","osm":"way/21844797"},"geometry":{"type":"LineString","coordinates":[[-58.359136,-34.633691],[-58.359043,-34.633702],[-58.359009,-34.633709],[-58.358975,-34.633718],[-58.358942,-34.633729],[-58.358898,-34.63375],[-58.358866,-34.63377],[-58.358826,-34.633798],[-58.358787,-34.633837],[-58.358745,-34.633896],[-58.35862,-34.634098]]}},{"type":"Feature","properties":{"name":"Avenida Warnes","ref":null,"osm":"way/22113566"},"geometry":{"type":"LineString","coordinates":[[-58.463868,-34.596422],[-58.463773,-34.596422],[-58.463432,-34.596439],[-58.462321,-34.596503],[-58.460788,-34.596598]]}},{"type":"Feature","properties":{"name":"Avenida Doctor Ricardo Balbín","ref":null,"osm":"way/22567465"},"geometry":{"type":"LineString","coordinates":[[-58.493788,-34.555175],[-58.493937,-34.555153],[-58.49402,-34.555136],[-58.494133,-34.555104],[-58.494251,-34.555081]]}},{"type":"Feature","properties":{"name":"Avenida Doctor Ricardo Balbín","ref":null,"osm":"way/22567466"},"geometry":{"type":"LineString","coordinates":[[-58.499769,-34.550889],[-58.499692,-34.551003],[-58.499484,-34.551337],[-58.499445,-34.551403],[-58.499352,-34.551563],[-58.499296,-34.551661],[-58.499208,-34.551811],[-58.49914,-34.551919],[-58.499055,-34.552035]]}},{"type":"Feature","properties":{"name":"Avenida Juan Bautista Justo","ref":null,"osm":"way/22569440"},"geometry":{"type":"LineString","coordinates":[[-58.52174,-34.633843],[-58.521684,-34.633854],[-58.521646,-34.633861],[-58.521603,-34.633867]]}},{"type":"Feature","properties":{"name":"Avenida Juan Bautista Justo","ref":null,"osm":"way/22569442"},"geometry":{"type":"LineString","coordinates":[[-58.517605,-34.633101],[-58.517889,-34.633038],[-58.518002,-34.633036],[-58.518172,-34.633036],[-58.518467,-34.63305],[-58.518789,-34.633061],[-58.518926,-34.633075]]}},{"type":"Feature","properties":{"name":"Avenida Juan Bautista Alberdi","ref":null,"osm":"way/22569555"},"geometry":{"type":"LineString","coordinates":[[-58.51663,-34.661497],[-58.516742,-34.661565]]}},{"type":"Feature","properties":{"name":"Avenida General Paz","ref":null,"osm":"way/22569633"},"geometry":{"type":"LineString","coordinates":[[-58.46897,-34.698691],[-58.469131,-34.698567],[-58.469339,-34.698405],[-58.469551,-34.698238],[-58.469645,-34.698164],[-58.469854,-34.698003]]}},{"type":"Feature","properties":{"name":"Avenida General Paz","ref":"RNA001","osm":"way/22571266"},"geometry":{"type":"LineString","coordinates":[[-58.485082,-34.686957],[-58.485404,-34.68671]]}},{"type":"Feature","properties":{"name":"Autopista Perito Moreno","ref":"AU6","osm":"way/22573926"},"geometry":{"type":"LineString","coordinates":[[-58.526339,-34.635494],[-58.526026,-34.635635],[-58.525664,-34.635801],[-58.524502,-34.636346],[-58.524276,-34.636454],[-58.523951,-34.636583],[-58.523689,-34.636674],[-58.523434,-34.636746],[-58.523164,-34.636812],[-58.52288,-34.636863],[-58.522649,-34.636894],[-58.522456,-34.636911],[-58.522252,-34.636921],[-58.521971,-34.636925],[-58.521646,-34.636914],[-58.52142,-34.636897],[-58.521199,-34.636867],[-58.520961,-34.636826],[-58.520726,-34.63678],[-58.520238,-34.636665],[-58.519371,-34.636415],[-58.518452,-34.636118],[-58.518101,-34.636016],[-58.517852,-34.635941],[-58.517576,-34.635864],[-58.517286,-34.635802],[-58.516994,-34.63574],[-58.515936,-34.635541],[-58.514869,-34.635398],[-58.514257,-34.635334],[-58.512686,-34.635181],[-58.511931,-34.635166],[-58.511253,-34.635213],[-58.510882,-34.635254],[-58.510622,-34.635298],[-58.510305,-34.635379],[-58.508035,-34.636051],[-58.507398,-34.636181],[-58.506964,-34.636251],[-58.506456,-34.636316],[-58.505872,-34.63635],[-58.505545,-34.636362],[-58.505181,-34.636361],[-58.504461,-34.636349]]}},{"type":"Feature","properties":{"name":"Autopista Perito Moreno","ref":"AU6","osm":"way/22573930"},"geometry":{"type":"LineString","coordinates":[[-58.494589,-34.637811],[-58.494852,-34.637479],[-58.495122,-34.637187],[-58.495404,-34.636885],[-58.495682,-34.63664],[-58.49592,-34.636455],[-58.496278,-34.636234],[-58.496697,-34.63602],[-58.496972,-34.635903],[-58.49728,-34.635793],[-58.497714,-34.635678],[-58.49796,-34.635623],[-58.49823,-34.63559],[-58.498506,-34.635561],[-58.498787,-34.635546],[-58.499312,-34.63556],[-58.49967,-34.635579],[-58.500088,-34.635634]]}},{"type":"Feature","properties":{"name":"Benito Quinquela Martín","ref":null,"osm":"way/22697922"},"geometry":{"type":"LineString","coordinates":[[-58.380539,-34.645336],[-58.379606,-34.6451],[-58.378909,-34.644907]]}},{"type":"Feature","properties":{"name":"Avenida Lafuente","ref":null,"osm":"way/22699958"},"geometry":{"type":"LineString","coordinates":[[-58.460832,-34.644202],[-58.460863,-34.644128],[-58.460906,-34.643925],[-58.460916,-34.643827],[-58.460944,-34.643639]]}},{"type":"Feature","properties":{"name":"Autopista Perito Moreno","ref":"AU6","osm":"way/22718799"},"geometry":{"type":"LineString","coordinates":[[-58.467056,-34.649351],[-58.467323,-34.649372],[-58.467634,-34.649388],[-58.46925,-34.649356]]}},{"type":"Feature","properties":{"name":null,"ref":null,"osm":"way/22718802"},"geometry":{"type":"LineString","coordinates":[[-58.466832,-34.64951],[-58.466386,-34.649472],[-58.466067,-34.649441],[-58.465614,-34.649368]]}},{"type":"Feature","properties":{"name":"Autopista Teniente General Luis Dellepiane","ref":null,"osm":"way/22772053"},"geometry":{"type":"LineString","coordinates":[[-58.46425,-34.647861],[-58.464287,-34.647916]]}},{"type":"Feature","properties":{"name":"Autopista Presidente Héctor José Cámpora","ref":"AU7","osm":"way/22788620"},"geometry":{"type":"LineString","coordinates":[[-58.436725,-34.673096],[-58.436566,-34.67319],[-58.436409,-34.673311],[-58.436286,-34.673456],[-58.436183,-34.673613],[-58.436049,-34.673912]]}},{"type":"Feature","properties":{"name":"Autopista Presidente Héctor José Cámpora","ref":"AU7","osm":"way/22788626"},"geometry":{"type":"LineString","coordinates":[[-58.435362,-34.67294],[-58.435858,-34.673083],[-58.436044,-34.67311],[-58.436263,-34.673099],[-58.436477,-34.673061],[-58.436681,-34.672994]]}},{"type":"Feature","properties":{"name":"Autopista Presidente Arturo Frondizi","ref":"AV1-Sur","osm":"way/22788866"},"geometry":{"type":"LineString","coordinates":[[-58.375976,-34.643499],[-58.375951,-34.643611],[-58.375564,-34.645297],[-58.375477,-34.645628],[-58.375388,-34.64593],[-58.375279,-34.646244],[-58.37503,-34.646935],[-58.374942,-34.647163],[-58.374852,-34.647366],[-58.374607,-34.647875],[-58.37426,-34.648556],[-58.373792,-34.649388],[-58.373296,-34.650242],[-58.373048,-34.650669],[-58.372971,-34.650812],[-58.372872,-34.651008],[-58.372786,-34.651197],[-58.372701,-34.65139],[-58.372582,-34.651696],[-58.372328,-34.652379]]}},{"type":"Feature","properties":{"name":"Autopista Presidente Arturo Frondizi","ref":"AV1-Sur","osm":"way/22788872"},"geometry":{"type":"LineString","coordinates":[[-58.371551,-34.6542],[-58.371932,-34.652998]]}},{"type":"Feature","properties":{"name":null,"ref":null,"osm":"way/22788883"},"geometry":{"type":"LineString","coordinates":[[-58.37211,-34.652243],[-58.372204,-34.651863],[-58.372367,-34.651234]]}},{"type":"Feature","properties":{"name":null,"ref":null,"osm":"way/22788890"},"geometry":{"type":"LineString","coordinates":[[-58.374553,-34.649794],[-58.374016,-34.650146]]}},{"type":"Feature","properties":{"name":null,"ref":null,"osm":"way/22788901"},"geometry":{"type":"LineString","coordinates":[[-58.374326,-34.646983],[-58.374484,-34.646735],[-58.374535,-34.646643],[-58.374588,-34.646528],[-58.374663,-34.646363]]}},{"type":"Feature","properties":{"name":null,"ref":null,"osm":"way/22788908"},"geometry":{"type":"LineString","coordinates":[[-58.375701,-34.643216],[-58.375691,-34.64302],[-58.375773,-34.642331],[-58.375841,-34.641832]]}},{"type":"Feature","properties":{"name":null,"ref":null,"osm":"way/22788929"},"geometry":{"type":"LineString","coordinates":[[-58.37628,-34.638],[-58.376457,-34.637788],[-58.376481,-34.637743],[-58.376492,-34.637721],[-58.376511,-34.637648]]}},{"type":"Feature","properties":{"name":null,"ref":null,"osm":"way/22788948"},"geometry":{"type":"LineString","coordinates":[[-58.377084,-34.640335],[-58.376991,-34.640417],[-58.376555,-34.64183]]}},{"type":"Feature","properties":{"name":"Avenida General Iriarte","ref":null,"osm":"way/22788962"},"geometry":{"type":"LineString","coordinates":[[-58.37492,-34.648555],[-58.37711,-34.648942]]}},{"type":"Feature","properties":{"name":"Autopista Presidente Héctor José Cámpora","ref":"AU7","osm":"way/22791764"},"geometry":{"type":"LineString","coordinates":[[-58.46438,-34.65353],[-58.463919,-34.653828],[-58.463671,-34.654004],[-58.463415,-34.654202],[-58.46296,-34.654566],[-58.461273,-34.655978]]}},{"type":"Feature","properties":{"name":"Autopista Presidente Héctor José Cámpora","ref":"AU7","osm":"way/22791768"},"geometry":{"type":"LineString","coordinates":[[-58.461682,-34.65546],[-58.462875,-34.654498],[-58.463236,-34.654212]]}},{"type":"Feature","properties":{"name":"Autopista Presidente Héctor José Cámpora","ref":"AU7","osm":"way/22791772"},"geometry":{"type":"LineString","coordinates":[[-58.460049,-34.657045],[-58.459367,-34.65766],[-58.455293,-34.66096],[-58.454346,-34.661727]]}},{"type":"Feature","properties":{"name":"Avenida 27 de Febrero","ref":null,"osm":"way/22881550"},"geometry":{"type":"LineString","coordinates":[[-58.420426,-34.660092],[-58.421071,-34.660313],[-58.421846,-34.660627],[-58.42247,-34.660912],[-58.423128,-34.661232],[-58.423186,-34.661264],[-58.423861,-34.661638],[-58.424188,-34.661841],[-58.424253,-34.661881],[-58.424693,-34.662174],[-58.425124,-34.66248],[-58.425602,-34.662851],[-58.425635,-34.66288],[-58.426127,-34.663282],[-58.426172,-34.66332],[-58.426534,-34.663639],[-58.426976,-34.66407],[-58.42706,-34.664152],[-58.427617,-34.664756],[-58.428317,-34.665588],[-58.430195,-34.667805],[-58.430225,-34.66784],[-58.430459,-34.668117],[-58.431018,-34.668777],[-58.43128,-34.6691]]}},{"type":"Feature","properties":{"name":"Avenida Sáenz","ref":null,"osm":"way/22881551"},"geometry":{"type":"LineString","coordinates":[[-58.416605,-34.657151],[-58.416703,-34.657332],[-58.416741,-34.657952],[-58.416776,-34.658503]]}},{"type":"Feature","properties":{"name":null,"ref":null,"osm":"way/22884780"},"geometry":{"type":"LineString","coordinates":[[-58.43468,-34.673347],[-58.434674,-34.673267],[-58.434671,-34.67321],[-58.434672,-34.673186],[-58.434677,-34.673152],[-58.434686,-34.673116],[-58.434696,-34.67309],[-58.434713,-34.673055],[-58.43473,-34.673028],[-58.434758,-34.672993],[-58.434786,-34.672964],[-58.434811,-34.672945],[-58.434842,-34.672926],[-58.434871,-34.672913],[-58.434915,-34.672898],[-58.434951,-34.67289],[-58.43499,-34.672885],[-58.435027,-34.672883],[-58.435069,-34.672884],[-58.435117,-34.672886],[-58.435171,-34.672893],[-58.435205,-34.6729],[-58.435264,-34.672914],[-58.435362,-34.67294]]}},{"type":"Feature","properties":{"name":null,"ref":null,"osm":"way/22886064"},"geometry":{"type":"LineString","coordinates":[[-58.46178,-34.704115],[-58.462071,-34.703864],[-58.462159,-34.70379]]}},{"type":"Feature","properties":{"name":null,"ref":null,"osm":"way/22886065"},"geometry":{"type":"LineString","coordinates":[[-58.462706,-34.70339],[-58.462747,-34.703315],[-58.462769,-34.703258],[-58.462774,-34.703218],[-58.462769,-34.703179],[-58.462742,-34.703122],[-58.462702,-34.703082],[-58.462659,-34.703056],[-58.462601,-34.703041],[-58.462534,-34.70304],[-58.462464,-34.703052],[-58.462398,-34.703082],[-58.461422,-34.703691],[-58.461369,-34.703728],[-58.461329,-34.703765],[-58.461299,-34.703806]]}},{"type":"Feature","properties":{"name":"Avenida General Paz","ref":null,"osm":"way/22886066"},"geometry":{"type":"LineString","coordinates":[[-58.461139,-34.703799],[-58.461251,-34.703722],[-58.461376,-34.703641],[-58.46236,-34.703028],[-58.462449,-34.702985],[-58.462533,-34.702961],[-58.462652,-34.702951],[-58.462853,-34.702957],[-58.463006,-34.702956],[-58.46315,-34.70295],[-58.46325,-34.702921],[-58.463361,-34.702877]]}},{"type":"Feature","properties":{"name":null,"ref":null,"osm":"way/22968038"},"geometry":{"type":"LineString","coordinates":[[-58.383486,-34.622992],[-58.382504,-34.623066],[-58.38221,-34.623089],[-58.38205,-34.623108],[-58.381966,-34.623122],[-58.381886,-34.623142],[-58.381808,-34.62317],[-58.381722,-34.623206],[-58.381645,-34.623244],[-58.381548,-34.623297]]}},{"type":"Feature","properties":{"name":"Autopista Teniente General Pablo Ricchieri","ref":"RNA002","osm":"way/22968039"},"geometry":{"type":"LineString","coordinates":[[-58.48555,-34.687091],[-58.48637,-34.688048]]}},{"type":"Feature","properties":{"name":"Avenida General Paz","ref":null,"osm":"way/22992878"},"geometry":{"type":"LineString","coordinates":[[-58.468579,-34.535596],[-58.4691,-34.535833],[-58.469969,-34.536238]]}},{"type":"Feature","properties":{"name":"Avenida General Paz","ref":null,"osm":"way/22992880"},"geometry":{"type":"LineString","coordinates":[[-58.484033,-34.542336],[-58.484199,-34.542402],[-58.484285,-34.542432]]}},{"type":"Feature","properties":{"name":"Avenida General Paz","ref":null,"osm":"way/22993596"},"geometry":{"type":"LineString","coordinates":[[-58.490916,-34.546451],[-58.490531,-34.546351],[-58.490184,-34.546222]]}},{"type":"Feature","properties":{"name":null,"ref":null,"osm":"way/22993831"},"geometry":{"type":"LineString","coordinates":[[-58.49488,-34.546508],[-58.494749,-34.546768],[-58.49457,-34.547106],[-58.494476,-34.547263],[-58.49437,-34.547417],[-58.494214,-34.54758],[-58.493953,-34.547792],[-58.493855,-34.547891]]}},{"type":"Feature","properties":{"name":null,"ref":null,"osm":"way/22993833"},"geometry":{"type":"LineString","coordinates":[[-58.494962,-34.546663],[-58.494882,-34.546858],[-58.494836,-34.546973],[-58.494765,-34.5471],[-58.494727,-34.547162],[-58.494652,-34.547271],[-58.494517,-34.547452],[-58.4943,-34.547718],[-58.494116,-34.547908],[-58.493868,-34.548112]]}},{"type":"Feature","properties":{"name":"Avenida General Paz","ref":null,"osm":"way/22994751"},"geometry":{"type":"LineString","coordinates":[[-58.476728,-34.538749],[-58.4773,-34.538994],[-58.477735,-34.539204],[-58.477998,-34.539368],[-58.478131,-34.539456],[-58.47827,-34.539556],[-58.478418,-34.539666]]}},{"type":"Feature","properties":{"name":null,"ref":null,"osm":"way/22995224"},"geometry":{"type":"LineString","coordinates":[[-58.492893,-34.548758],[-58.492825,-34.548959],[-58.492568,-34.549453]]}},{"type":"Feature","properties":{"name":null,"ref":null,"osm":"way/23047595"},"geometry":{"type":"LineString","coordinates":[[-58.379153,-34.627186],[-58.379337,-34.626394],[-58.379533,-34.625759]]}},{"type":"Feature","properties":{"name":null,"ref":null,"osm":"way/23047596"},"geometry":{"type":"LineString","coordinates":[[-58.379587,-34.625548],[-58.379595,-34.625324],[-58.379864,-34.624236]]}},{"type":"Feature","properties":{"name":null,"ref":null,"osm":"way/23047603"},"geometry":{"type":"LineString","coordinates":[[-58.381455,-34.623362],[-58.381264,-34.623575],[-58.381116,-34.623742],[-58.381039,-34.623834],[-58.38094,-34.623957],[-58.380845,-34.62408],[-58.380766,-34.624194],[-58.380705,-34.624295]]}},{"type":"Feature","properties":{"name":null,"ref":null,"osm":"way/23047605"},"geometry":{"type":"LineString","coordinates":[[-58.380705,-34.624295],[-58.38067,-34.624358],[-58.380628,-34.624444],[-58.380501,-34.624724]]}},{"type":"Feature","properties":{"name":"Avenida Lafuente","ref":null,"osm":"way/23054583"},"geometry":{"type":"LineString","coordinates":[[-58.461542,-34.644162],[-58.461281,-34.644166],[-58.461185,-34.644184],[-58.461077,-34.644215],[-58.46098,-34.644261]]}},{"type":"Feature","properties":{"name":null,"ref":null,"osm":"way/23054585"},"geometry":{"type":"LineString","coordinates":[[-58.461915,-34.642712],[-58.462078,-34.64274],[-58.462231,-34.64279],[-58.462371,-34.642863],[-58.462498,-34.642961],[-58.46261,-34.643074]]}},{"type":"Feature","properties":{"name":"Avenida Lafuente","ref":null,"osm":"way/23054586"},"geometry":{"type":"LineString","coordinates":[[-58.461915,-34.642712],[-58.462041,-34.642664],[-58.462161,-34.642608],[-58.462274,-34.642542],[-58.46238,-34.642469],[-58.462534,-34.642348]]}},{"type":"Feature","properties":{"name":"Avenida Eva Perón","ref":null,"osm":"way/23054588"},"geometry":{"type":"LineString","coordinates":[[-58.46272,-34.643534],[-58.462825,-34.643698],[-58.462918,-34.643812],[-58.462967,-34.643864],[-58.46301,-34.643909],[-58.463174,-34.644029],[-58.463426,-34.644176]]}},{"type":"Feature","properties":{"name":"Avenida Eva Perón","ref":null,"osm":"way/23054589"},"geometry":{"type":"LineString","coordinates":[[-58.466015,-34.645354],[-58.466566,-34.645616],[-58.466808,-34.645735],[-58.466838,-34.645749],[-58.466923,-34.645807],[-58.467023,-34.645875],[-58.46711,-34.645988]]}},{"type":"Feature","properties":{"name":"Avenida Lafuente","ref":null,"osm":"way/23054591"},"geometry":{"type":"LineString","coordinates":[[-58.462534,-34.642348],[-58.462614,-34.642184],[-58.463191,-34.641194]]}},{"type":"Feature","properties":{"name":"Autopista Perito Moreno","ref":"AU6","osm":"way/23054933"},"geometry":{"type":"LineString","coordinates":[[-58.478022,-34.648249],[-58.477952,-34.648265]]}},{"type":"Feature","properties":{"name":null,"ref":null,"osm":"way/23101886"},"geometry":{"type":"LineString","coordinates":[[-58.459655,-34.673275],[-58.459591,-34.673451],[-58.459457,-34.673598],[-58.45927,-34.673698],[-58.459052,-34.673739]]}},{"type":"Feature","properties":{"name":null,"ref":null,"osm":"way/23129539"},"geometry":{"type":"LineString","coordinates":[[-58.468797,-34.654617],[-58.468586,-34.654334],[-58.468422,-34.654079]]}},{"type":"Feature","properties":{"name":"Avenida Teniente General Luis Dellepiane","ref":null,"osm":"way/23129540"},"geometry":{"type":"LineString","coordinates":[[-58.466718,-34.651784],[-58.466636,-34.65169]]}},{"type":"Feature","properties":{"name":"Avenida Lacarra","ref":null,"osm":"way/23129542"},"geometry":{"type":"LineString","coordinates":[[-58.467854,-34.65082],[-58.467813,-34.650903],[-58.467617,-34.651081],[-58.46753,-34.65115],[-58.467467,-34.651204],[-58.467411,-34.651245]]}},{"type":"Feature","properties":{"name":"Avenida Lacarra","ref":null,"osm":"way/23129543"},"geometry":{"type":"LineString","coordinates":[[-58.467483,-34.651058],[-58.467747,-34.650858],[-58.467854,-34.65082]]}},{"type":"Feature","properties":{"name":null,"ref":null,"osm":"way/23136207"},"geometry":{"type":"LineString","coordinates":[[-58.483597,-34.687386],[-58.483729,-34.687313],[-58.483839,-34.687272],[-58.483963,-34.68724],[-58.48423,-34.687191],[-58.484476,-34.687142],[-58.484647,-34.687099],[-58.48481,-34.687059],[-58.484941,-34.687016],[-58.485082,-34.686957]]}},{"type":"Feature","properties":{"name":null,"ref":null,"osm":"way/23136208"},"geometry":{"type":"LineString","coordinates":[[-58.483597,-34.687386],[-58.483952,-34.686995],[-58.484115,-34.686822],[-58.484238,-34.686678],[-58.484314,-34.68656],[-58.484355,-34.686429],[-58.484374,-34.686296],[-58.484374,-34.686129],[-58.484319,-34.685953],[-58.484205,-34.685671]]}},{"type":"Feature","properties":{"name":null,"ref":null,"osm":"way/23136209"},"geometry":{"type":"LineString","coordinates":[[-58.485194,-34.687027],[-58.485065,-34.687245],[-58.485021,-34.687313],[-58.48496,-34.687425],[-58.484885,-34.687602],[-58.484748,-34.687966],[-58.484697,-34.688063],[-58.484607,-34.688176],[-58.484516,-34.688264]]}},{"type":"Feature","properties":{"name":null,"ref":null,"osm":"way/23136210"},"geometry":{"type":"LineString","coordinates":[[-58.485404,-34.68671],[-58.485516,-34.68654],[-58.485615,-34.686343],[-58.485841,-34.685821],[-58.485923,-34.685673],[-58.486054,-34.68551]]}},{"type":"Feature","properties":{"name":null,"ref":null,"osm":"way/23136211"},"geometry":{"type":"LineString","coordinates":[[-58.487011,-34.686398],[-58.486823,-34.686478],[-58.48664,-34.686528],[-58.485997,-34.686664],[-58.485816,-34.68671],[-58.485664,-34.686759],[-58.485501,-34.686798]]}},{"type":"Feature","properties":{"name":null,"ref":null,"osm":"way/23136212"},"geometry":{"type":"LineString","coordinates":[[-58.484329,-34.685601],[-58.484583,-34.685768],[-58.484804,-34.685837],[-58.485082,-34.685884],[-58.485296,-34.685858],[-58.485494,-34.685796],[-58.485632,-34.685736],[-58.486054,-34.68551]]}},{"type":"Feature","properties":{"name":null,"ref":null,"osm":"way/23136214"},"geometry":{"type":"LineString","coordinates":[[-58.481477,-34.689255],[-58.481752,-34.68909],[-58.482342,-34.688684],[-58.482584,-34.688506],[-58.482826,-34.688317],[-58.483021,-34.688146]]}},{"type":"Feature","properties":{"name":null,"ref":null,"osm":"way/23136215"},"geometry":{"type":"LineString","coordinates":[[-58.483516,-34.688656],[-58.483238,-34.68882],[-58.483024,-34.688987],[-58.482359,-34.689555],[-58.482113,-34.689788]]}},{"type":"Feature","properties":{"name":null,"ref":null,"osm":"way/23136622"},"geometry":{"type":"LineString","coordinates":[[-58.477426,-34.672946],[-58.4774,-34.672965],[-58.477379,-34.672983],[-58.477281,-34.673046],[-58.477173,-34.673097],[-58.477057,-34.673135],[-58.476936,-34.673158],[-58.476812,-34.673167],[-58.476686,-34.673154]]}},{"type":"Feature","properties":{"name":null,"ref":null,"osm":"way/23136625"},"geometry":{"type":"LineString","coordinates":[[-58.477477,-34.674376],[-58.477253,-34.674039],[-58.476942,-34.67361],[-58.476855,-34.673488],[-58.476773,-34.673329]]}},{"type":"Feature","properties":{"name":"Avenida Teniente General Luis Dellepiane","ref":null,"osm":"way/23136627"},"geometry":{"type":"LineString","coordinates":[[-58.477426,-34.672946],[-58.4775,-34.67304],[-58.477539,-34.673086]]}},{"type":"Feature","properties":{"name":null,"ref":null,"osm":"way/23136628"},"geometry":{"type":"LineString","coordinates":[[-58.476316,-34.672243],[-58.476165,-34.67154],[-58.476031,-34.670833]]}},{"type":"Feature","properties":{"name":null,"ref":null,"osm":"way/23136629"},"geometry":{"type":"LineString","coordinates":[[-58.476453,-34.671149],[-58.476656,-34.671435],[-58.476857,-34.67173],[-58.47709,-34.672014]]}},{"type":"Feature","properties":{"name":"Avenida Argentina","ref":null,"osm":"way/23136630"},"geometry":{"type":"LineString","coordinates":[[-58.477953,-34.672788],[-58.477791,-34.672784],[-58.4777,-34.67279],[-58.477608,-34.672808],[-58.477548,-34.672839],[-58.477494,-34.672875]]}},{"type":"Feature","properties":{"name":"Avenida Teniente General Luis Dellepiane","ref":null,"osm":"way/23137144"},"geometry":{"type":"LineString","coordinates":[[-58.480143,-34.678829],[-58.480301,-34.67923],[-58.480532,-34.679815],[-58.480616,-34.680039]]}},{"type":"Feature","properties":{"name":null,"ref":null,"osm":"way/23137423"},"geometry":{"type":"LineString","coordinates":[[-58.483891,-34.68821],[-58.483807,-34.688151],[-58.483729,-34.68809],[-58.483653,-34.688011],[-58.483581,-34.687925]]}},{"type":"Feature","properties":{"name":null,"ref":null,"osm":"way/23137424"},"geometry":{"type":"LineString","coordinates":[[-58.483581,-34.687925],[-58.483524,-34.687832],[-58.483491,-34.687733],[-58.483481,-34.68762],[-58.483559,-34.687428]]}},{"type":"Feature","properties":{"name":null,"ref":null,"osm":"way/23137425"},"geometry":{"type":"LineString","coordinates":[[-58.486718,-34.685558],[-58.486822,-34.685629],[-58.486895,-34.685684],[-58.486954,-34.685744],[-58.487034,-34.685838]]}},{"type":"Feature","properties":{"name":null,"ref":null,"osm":"way/23137426"},"geometry":{"type":"LineString","coordinates":[[-58.487034,-34.685838],[-58.487076,-34.685915],[-58.487119,-34.686016],[-58.48713,-34.686131],[-58.487092,-34.686301]]}},{"type":"Feature","properties":{"name":"Avenida Juan Bautista Justo","ref":null,"osm":"way/23138894"},"geometry":{"type":"LineString","coordinates":[[-58.47219,-34.613909],[-58.472072,-34.613727],[-58.471997,-34.613632],[-58.47191,-34.613549],[-58.471801,-34.613469],[-58.471661,-34.613393],[-58.471176,-34.613126]]}},{"type":"Feature","properties":{"name":"Avenida Ingeniero Huergo","ref":null,"osm":"way/23495671"},"geometry":{"type":"LineString","coordinates":[[-58.363268,-34.625057],[-58.363003,-34.625099]]}},{"type":"Feature","properties":{"name":null,"ref":null,"osm":"way/23497908"},"geometry":{"type":"LineString","coordinates":[[-58.363003,-34.625099],[-58.36276,-34.625166],[-58.362535,-34.62523],[-58.362441,-34.62526],[-58.362323,-34.625302],[-58.362229,-34.625335],[-58.362131,-34.625375],[-58.361858,-34.625497],[-58.361602,-34.625618],[-58.361353,-34.62574]]}},{"type":"Feature","properties":{"name":null,"ref":null,"osm":"way/23497909"},"geometry":{"type":"LineString","coordinates":[[-58.411854,-34.565161],[-58.410893,-34.565771],[-58.41016,-34.566218]]}},{"type":"Feature","properties":{"name":null,"ref":null,"osm":"way/23634363"},"geometry":{"type":"LineString","coordinates":[[-58.4657,-34.652058],[-58.465803,-34.651876],[-58.465882,-34.651688],[-58.465926,-34.651486]]}},{"type":"Feature","properties":{"name":"Avenida San Pedrito","ref":null,"osm":"way/23648520"},"geometry":{"type":"LineString","coordinates":[[-58.46376,-34.640612],[-58.464407,-34.64017],[-58.465092,-34.639683],[-58.465656,-34.639282],[-58.465751,-34.639212],[-58.465804,-34.639166]]}},{"type":"Feature","properties":{"name":null,"ref":null,"osm":"way/23651025"},"geometry":{"type":"LineString","coordinates":[[-58.464386,-34.648871],[-58.464012,-34.64856]]}},{"type":"Feature","properties":{"name":null,"ref":null,"osm":"way/23651364"},"geometry":{"type":"LineString","coordinates":[[-58.444909,-34.671594],[-58.444677,-34.671452],[-58.444168,-34.671048],[-58.44405,-34.670969],[-58.443862,-34.670869],[-58.443661,-34.670795],[-58.44346,-34.670748],[-58.443279,-34.670716],[-58.443114,-34.670711],[-58.442952,-34.670711],[-58.442775,-34.67073],[-58.442643,-34.670752],[-58.441908,-34.670995],[-58.441365,-34.671163]]}},{"type":"Feature","properties":{"name":null,"ref":null,"osm":"way/23651398"},"geometry":{"type":"LineString","coordinates":[[-58.443766,-34.669411],[-58.443854,-34.669446],[-58.443944,-34.669474],[-58.44408,-34.669496],[-58.444158,-34.669493],[-58.444237,-34.669482],[-58.444377,-34.669433],[-58.444691,-34.66925]]}},{"type":"Feature","properties":{"name":"Avenida de los Constituyentes","ref":null,"osm":"way/23651416"},"geometry":{"type":"LineString","coordinates":[[-58.509923,-34.569253],[-58.509896,-34.569359]]}},{"type":"Feature","properties":{"name":"Avenida General Francisco Fernández de La Cruz","ref":null,"osm":"way/23651429"},"geometry":{"type":"LineString","coordinates":[[-58.452055,-34.666707],[-58.45215,-34.667073]]}},{"type":"Feature","properties":{"name":"Avenida 27 de Febrero","ref":null,"osm":"way/23651473"},"geometry":{"type":"LineString","coordinates":[[-58.425876,-34.663246],[-58.425441,-34.662883],[-58.425044,-34.662575],[-58.424637,-34.66229],[-58.424308,-34.662074],[-58.42388,-34.661801],[-58.423462,-34.661554],[-58.423007,-34.661303],[-58.422446,-34.661031],[-58.421897,-34.660762],[-58.421306,-34.660518],[-58.420789,-34.660334],[-58.420374,-34.660188],[-58.42024,-34.660144]]}},{"type":"Feature","properties":{"name":"Avenida 27 de Febrero","ref":null,"osm":"way/23651493"},"geometry":{"type":"LineString","coordinates":[[-58.440405,-34.679964],[-58.440826,-34.680459]]}},{"type":"Feature","properties":{"name":"Avenida 27 de Febrero","ref":null,"osm":"way/23651495"},"geometry":{"type":"LineString","coordinates":[[-58.444485,-34.684758],[-58.455669,-34.698023]]}},{"type":"Feature","properties":{"name":"Avenida 27 de Febrero","ref":null,"osm":"way/23651512"},"geometry":{"type":"LineString","coordinates":[[-58.440758,-34.680534],[-58.440332,-34.680023]]}},{"type":"Feature","properties":{"name":"Avenida Chorroarín","ref":null,"osm":"way/23652548"},"geometry":{"type":"LineString","coordinates":[[-58.476252,-34.592669],[-58.476528,-34.593468],[-58.476655,-34.593836]]}},{"type":"Feature","properties":{"name":"Avenida San Martín","ref":null,"osm":"way/23652563"},"geometry":{"type":"LineString","coordinates":[[-58.476742,-34.600112],[-58.478612,-34.59972]]}},{"type":"Feature","properties":{"name":"Avenida Dorrego","ref":null,"osm":"way/23800422"},"geometry":{"type":"LineString","coordinates":[[-58.420812,-34.566822],[-58.420634,-34.566637],[-58.420564,-34.566563],[-58.420483,-34.566481]]}},{"type":"Feature","properties":{"name":"Avenida Dorrego","ref":null,"osm":"way/23800423"},"geometry":{"type":"LineString","coordinates":[[-58.420812,-34.566822],[-58.420839,-34.566869],[-58.420976,-34.5671],[-58.4211,-34.567312],[-58.421472,-34.567929],[-58.421754,-34.568419],[-58.421848,-34.568584]]}},{"type":"Feature","properties":{"name":"Avenida Doctor Ricardo Balbín","ref":null,"osm":"way/25899258"},"geometry":{"type":"LineString","coordinates":[[-58.500073,-34.550602],[-58.49994,-34.550718],[-58.49982,-34.550831],[-58.499769,-34.550889]]}},{"type":"Feature","properties":{"name":"Avenida Doctor Ricardo Balbín","ref":null,"osm":"way/25899259"},"geometry":{"type":"LineString","coordinates":[[-58.500379,-34.550327],[-58.500073,-34.550602]]}},{"type":"Feature","properties":{"name":"Avenida Suárez","ref":null,"osm":"way/25965854"},"geometry":{"type":"LineString","coordinates":[[-58.386855,-34.64304],[-58.386739,-34.643034],[-58.386622,-34.643025],[-58.386536,-34.643017],[-58.385535,-34.642851],[-58.383202,-34.642464],[-58.382805,-34.642399],[-58.382615,-34.642366],[-58.381913,-34.642251],[-58.381276,-34.642146]]}},{"type":"Feature","properties":{"name":"Avenida San Martín","ref":null,"osm":"way/26201074"},"geometry":{"type":"LineString","coordinates":[[-58.472571,-34.60101],[-58.473207,-34.600876]]}},{"type":"Feature","properties":{"name":"Avenida Juan Bautista Justo","ref":null,"osm":"way/26402574"},"geometry":{"type":"LineString","coordinates":[[-58.519727,-34.633642],[-58.519609,-34.63357],[-58.51949,-34.633517],[-58.519395,-34.633487]]}},{"type":"Feature","properties":{"name":"Avenida Juan Bautista Justo","ref":null,"osm":"way/26402575"},"geometry":{"type":"LineString","coordinates":[[-58.520967,-34.633585],[-58.521056,-34.633621],[-58.521149,-34.633648],[-58.521582,-34.63376],[-58.521634,-34.633777],[-58.52174,-34.633843]]}},{"type":"Feature","properties":{"name":"Avenida Teniente General Luis Dellepiane","ref":null,"osm":"way/26538871"},"geometry":{"type":"LineString","coordinates":[[-58.471046,-34.658046],[-58.47119,-34.658392],[-58.471196,-34.658406],[-58.471269,-34.658569],[-58.471297,-34.658631],[-58.471379,-34.658807],[-58.471424,-34.65891],[-58.471607,-34.659305],[-58.471724,-34.659576],[-58.471982,-34.660167],[-58.472078,-34.660388],[-58.472318,-34.660937],[-58.472349,-34.661004],[-58.472473,-34.661276],[-58.472521,-34.661381],[-58.472575,-34.661501],[-58.472684,-34.661738],[-58.472908,-34.662252]]}},{"type":"Feature","properties":{"name":"Avenida Escalada","ref":null,"osm":"way/26538883"},"geometry":{"type":"LineString","coordinates":[[-58.470311,-34.663675],[-58.470693,-34.663725],[-58.470849,-34.663721],[-58.470999,-34.663698],[-58.471145,-34.663648],[-58.47123,-34.663602],[-58.4713,-34.66356],[-58.471617,-34.663316]]}},{"type":"Feature","properties":{"name":null,"ref":null,"osm":"way/26538887"},"geometry":{"type":"LineString","coordinates":[[-58.471896,-34.649404],[-58.470878,-34.649524],[-58.469986,-34.649594]]}},{"type":"Feature","properties":{"name":"Avenida Teniente General Luis Dellepiane","ref":null,"osm":"way/26539719"},"geometry":{"type":"LineString","coordinates":[[-58.476416,-34.67258],[-58.47641,-34.672482],[-58.4764,-34.672412],[-58.476372,-34.672333],[-58.476342,-34.672285],[-58.476316,-34.672243],[-58.476216,-34.672156],[-58.47607,-34.67198]]}},{"type":"Feature","properties":{"name":"Avenida Eva Perón","ref":null,"osm":"way/26549528"},"geometry":{"type":"LineString","coordinates":[[-58.501451,-34.673861],[-58.50125,-34.673755],[-58.50121,-34.673735],[-58.501052,-34.673653]]}},{"type":"Feature","properties":{"name":null,"ref":null,"osm":"way/26587549"},"geometry":{"type":"LineString","coordinates":[[-58.46875,-34.649254],[-58.468974,-34.649238],[-58.469205,-34.649233]]}},{"type":"Feature","properties":{"name":null,"ref":null,"osm":"way/26587665"},"geometry":{"type":"LineString","coordinates":[[-58.465833,-34.649736],[-58.466017,-34.649844]]}},{"type":"Feature","properties":{"name":"Avenida Chorroarín","ref":null,"osm":"way/26611688"},"geometry":{"type":"LineString","coordinates":[[-58.478819,-34.599677],[-58.478764,-34.599534]]}},{"type":"Feature","properties":{"name":"Avenida Chorroarín","ref":null,"osm":"way/26611689"},"geometry":{"type":"LineString","coordinates":[[-58.478584,-34.598974],[-58.478487,-34.598712],[-58.478449,-34.598608],[-58.478441,-34.598587],[-58.478412,-34.598506],[-58.478343,-34.598322]]}},{"type":"Feature","properties":{"name":null,"ref":null,"osm":"way/26748082"},"geometry":{"type":"LineString","coordinates":[[-58.449606,-34.67943],[-58.449606,-34.679339],[-58.44962,-34.679266],[-58.449648,-34.67921],[-58.449705,-34.679166],[-58.449764,-34.679144],[-58.449829,-34.679134],[-58.449918,-34.679141],[-58.450014,-34.679182]]}},{"type":"Feature","properties":{"name":"Avenida Intendente Francisco Rabanal","ref":null,"osm":"way/26748087"},"geometry":{"type":"LineString","coordinates":[[-58.439307,-34.66512],[-58.440161,-34.666037]]}},{"type":"Feature","properties":{"name":null,"ref":null,"osm":"way/26748102"},"geometry":{"type":"LineString","coordinates":[[-58.45096,-34.680363],[-58.451096,-34.680552],[-58.451115,-34.680596]]}},{"type":"Feature","properties":{"name":"Avenida General Francisco Fernández de La Cruz","ref":null,"osm":"way/26748279"},"geometry":{"type":"LineString","coordinates":[[-58.458383,-34.673176],[-58.458337,-34.67299],[-58.458295,-34.672817],[-58.458208,-34.672643]]}},{"type":"Feature","properties":{"name":"Avenida Escalada","ref":null,"osm":"way/26748280"},"geometry":{"type":"LineString","coordinates":[[-58.458965,-34.673737],[-58.45871,-34.673786],[-58.458581,-34.673822],[-58.458484,-34.67385],[-58.458444,-34.673868],[-58.458357,-34.67391],[-58.45816,-34.674032],[-58.458127,-34.674063],[-58.457759,-34.674327],[-58.4576,-34.674454],[-58.45755,-34.674496]]}},{"type":"Feature","properties":{"name":"Avenida Escalada","ref":null,"osm":"way/26748281"},"geometry":{"type":"LineString","coordinates":[[-58.459123,-34.672695],[-58.459458,-34.672621],[-58.459662,-34.672546],[-58.459841,-34.672443],[-58.46068,-34.671804],[-58.461574,-34.671092]]}},{"type":"Feature","properties":{"name":"Avenida Presidente Sarmiento","ref":null,"osm":"way/27433496"},"geometry":{"type":"LineString","coordinates":[[-58.406693,-34.56657],[-58.406849,-34.566582],[-58.406961,-34.566603],[-58.407066,-34.566628],[-58.407209,-34.566681]]}},{"type":"Feature","properties":{"name":"Autopista Teniente General Luis Dellepiane","ref":null,"osm":"way/27995071"},"geometry":{"type":"LineString","coordinates":[[-58.472315,-34.662117],[-58.472679,-34.662942]]}},{"type":"Feature","properties":{"name":"Autopista Teniente General Luis Dellepiane","ref":null,"osm":"way/27995124"},"geometry":{"type":"LineString","coordinates":[[-58.472553,-34.663022],[-58.472156,-34.662152]]}},{"type":"Feature","properties":{"name":"Autopista Teniente General Luis Dellepiane","ref":null,"osm":"way/27995265"},"geometry":{"type":"LineString","coordinates":[[-58.476772,-34.672118],[-58.477364,-34.673528]]}},{"type":"Feature","properties":{"name":"Autopista Teniente General Luis Dellepiane","ref":null,"osm":"way/27995266"},"geometry":{"type":"LineString","coordinates":[[-58.477364,-34.673528],[-58.477929,-34.674758]]}},{"type":"Feature","properties":{"name":"Autopista Teniente General Luis Dellepiane","ref":null,"osm":"way/27995270"},"geometry":{"type":"LineString","coordinates":[[-58.475232,-34.669189],[-58.475024,-34.668718],[-58.474652,-34.667904],[-58.474633,-34.667859],[-58.474583,-34.667743],[-58.474371,-34.667257],[-58.47394,-34.66614],[-58.473456,-34.665084],[-58.473259,-34.66461]]}},{"type":"Feature","properties":{"name":"Autopista Teniente General Luis Dellepiane","ref":null,"osm":"way/27995272"},"geometry":{"type":"LineString","coordinates":[[-58.47725,-34.673542],[-58.476643,-34.672166]]}},{"type":"Feature","properties":{"name":"Autopista Teniente General Luis Dellepiane","ref":null,"osm":"way/27995345"},"geometry":{"type":"LineString","coordinates":[[-58.47812,-34.675596],[-58.477856,-34.674971]]}},{"type":"Feature","properties":{"name":"Autopista Teniente General Luis Dellepiane","ref":null,"osm":"way/27995346"},"geometry":{"type":"LineString","coordinates":[[-58.477856,-34.674971],[-58.477793,-34.674826]]}},{"type":"Feature","properties":{"name":"Autopista Teniente General Luis Dellepiane","ref":null,"osm":"way/27995355"},"geometry":{"type":"LineString","coordinates":[[-58.477983,-34.67492],[-58.478253,-34.675535]]}},{"type":"Feature","properties":{"name":"Río Negro","ref":null,"osm":"way/27995474"},"geometry":{"type":"LineString","coordinates":[[-58.480407,-34.681557],[-58.481193,-34.681566]]}},{"type":"Feature","properties":{"name":"Río Negro","ref":null,"osm":"way/27995482"},"geometry":{"type":"LineString","coordinates":[[-58.48132,-34.681567],[-58.481544,-34.681578],[-58.4817,-34.681602],[-58.481843,-34.681634],[-58.4831,-34.681952]]}},{"type":"Feature","properties":{"name":"Autopista Teniente General Luis Dellepiane","ref":null,"osm":"way/27995502"},"geometry":{"type":"LineString","coordinates":[[-58.479488,-34.678153],[-58.480506,-34.680694],[-58.48083,-34.681452],[-58.481061,-34.68191],[-58.481315,-34.682311],[-58.48151,-34.682572],[-58.481683,-34.682771],[-58.482032,-34.683132]]}},{"type":"Feature","properties":{"name":"Avenida Teniente General Luis Dellepiane","ref":null,"osm":"way/27995541"},"geometry":{"type":"LineString","coordinates":[[-58.483487,-34.683892],[-58.48294,-34.683382],[-58.482547,-34.683022],[-58.482219,-34.682723]]}},{"type":"Feature","properties":{"name":"Avenida Teniente General Luis Dellepiane","ref":null,"osm":"way/27995819"},"geometry":{"type":"LineString","coordinates":[[-58.483172,-34.68634],[-58.483181,-34.686234],[-58.483206,-34.685931],[-58.483206,-34.6859],[-58.483204,-34.685792],[-58.483201,-34.685671],[-58.483175,-34.685442],[-58.483089,-34.685169],[-58.48297,-34.684951],[-58.482846,-34.684758],[-58.482753,-34.684638],[-58.482663,-34.68455]]}},{"type":"Feature","properties":{"name":"Autopista Teniente General Luis Dellepiane","ref":"RNA002","osm":"way/27995848"},"geometry":{"type":"LineString","coordinates":[[-58.485157,-34.686612],[-58.48555,-34.687091]]}},{"type":"Feature","properties":{"name":"Autopista Teniente General Luis Dellepiane","ref":"RNA002","osm":"way/27995864"},"geometry":{"type":"LineString","coordinates":[[-58.485032,-34.686681],[-58.484205,-34.685671]]}},{"type":"Feature","properties":{"name":"Avenida Coronel Niceto Vega","ref":null,"osm":"way/28016083"},"geometry":{"type":"LineString","coordinates":[[-58.438325,-34.587411],[-58.438009,-34.587618],[-58.437949,-34.587657],[-58.4379,-34.587689]]}},{"type":"Feature","properties":{"name":"Avenida General Francisco Fernández de La Cruz","ref":null,"osm":"way/28412574"},"geometry":{"type":"LineString","coordinates":[[-58.451893,-34.666977],[-58.451786,-34.666601]]}},{"type":"Feature","properties":{"name":"Avenida General Francisco Fernández de La Cruz","ref":null,"osm":"way/28412576"},"geometry":{"type":"LineString","coordinates":[[-58.451786,-34.666601],[-58.45172,-34.666406],[-58.451652,-34.666249],[-58.451617,-34.666186],[-58.451563,-34.666091],[-58.451492,-34.665982],[-58.451354,-34.665774],[-58.451256,-34.66566],[-58.451123,-34.66555],[-58.450953,-34.665453],[-58.450748,-34.665364]]}},{"type":"Feature","properties":{"name":"Avenida General Francisco Fernández de La Cruz","ref":null,"osm":"way/28412577"},"geometry":{"type":"LineString","coordinates":[[-58.45215,-34.667073],[-58.4522,-34.667208],[-58.452241,-34.6673],[-58.452309,-34.667426],[-58.452399,-34.667542],[-58.452498,-34.667637],[-58.452603,-34.667714],[-58.452756,-34.667801],[-58.452902,-34.66787],[-58.453466,-34.66811],[-58.453622,-34.668176],[-58.453784,-34.668257],[-58.45393,-34.668348],[-58.454072,-34.668452],[-58.454248,-34.6686],[-58.454706,-34.669009]]}},{"type":"Feature","properties":{"name":null,"ref":null,"osm":"way/28412582"},"geometry":{"type":"LineString","coordinates":[[-58.446424,-34.668151],[-58.446136,-34.668455],[-58.444987,-34.669472]]}},{"type":"Feature","properties":{"name":null,"ref":null,"osm":"way/28412587"},"geometry":{"type":"LineString","coordinates":[[-58.441432,-34.671023],[-58.442519,-34.670491],[-58.442686,-34.670371],[-58.442781,-34.670291],[-58.442868,-34.670166],[-58.442933,-34.670012],[-58.442954,-34.66991],[-58.442949,-34.669775],[-58.442928,-34.66967],[-58.442889,-34.669557],[-58.442606,-34.668966],[-58.44258,-34.668903],[-58.442515,-34.668689]]}},{"type":"Feature","properties":{"name":"Avenida Escalada","ref":null,"osm":"way/28414023"},"geometry":{"type":"LineString","coordinates":[[-58.463408,-34.670179],[-58.463032,-34.670372],[-58.46256,-34.670616],[-58.462439,-34.670689],[-58.462323,-34.670766],[-58.462112,-34.670922]]}},{"type":"Feature","properties":{"name":"Avenida Escalada","ref":null,"osm":"way/28414025"},"geometry":{"type":"LineString","coordinates":[[-58.463624,-34.669181],[-58.46448,-34.668762],[-58.464558,-34.668718],[-58.464629,-34.668675],[-58.467744,-34.666261],[-58.467871,-34.666158],[-58.467979,-34.666057],[-58.468036,-34.666002],[-58.468102,-34.665941],[-58.468202,-34.665831],[-58.468371,-34.665623],[-58.468437,-34.665521],[-58.468533,-34.665339],[-58.468628,-34.665047],[-58.46868,-34.664797],[-58.468723,-34.664618]]}},{"type":"Feature","properties":{"name":"Avenida Escalada","ref":null,"osm":"way/28414033"},"geometry":{"type":"LineString","coordinates":[[-58.469363,-34.664973],[-58.469135,-34.665169],[-58.469043,-34.665255],[-58.468956,-34.665355],[-58.468757,-34.665621],[-58.468401,-34.666007]]}},{"type":"Feature","properties":{"name":"Larrazábal","ref":null,"osm":"way/28414291"},"geometry":{"type":"LineString","coordinates":[[-58.477281,-34.672326],[-58.477417,-34.672289]]}},{"type":"Feature","properties":{"name":"Río Negro","ref":null,"osm":"way/28420136"},"geometry":{"type":"LineString","coordinates":[[-58.480407,-34.681557],[-58.4802,-34.681526]]}},{"type":"Feature","properties":{"name":null,"ref":null,"osm":"way/28420866"},"geometry":{"type":"LineString","coordinates":[[-58.486148,-34.68547],[-58.486303,-34.68546],[-58.486454,-34.685468],[-58.486604,-34.685507],[-58.486718,-34.685558]]}},{"type":"Feature","properties":{"name":"Avenida Teniente General Luis Dellepiane","ref":null,"osm":"way/28420912"},"geometry":{"type":"LineString","coordinates":[[-58.479737,-34.680371],[-58.479317,-34.679418],[-58.479046,-34.678783],[-58.478886,-34.678439],[-58.47877,-34.678151]]}},{"type":"Feature","properties":{"name":"Avenida Escalada","ref":null,"osm":"way/28421015"},"geometry":{"type":"LineString","coordinates":[[-58.450374,-34.680464],[-58.45027,-34.68044],[-58.450186,-34.68043],[-58.450089,-34.680431],[-58.450031,-34.680451],[-58.449968,-34.680476],[-58.449877,-34.680534],[-58.44929,-34.680986]]}},{"type":"Feature","properties":{"name":"Avenida Escalada","ref":null,"osm":"way/28421023"},"geometry":{"type":"LineString","coordinates":[[-58.449169,-34.680889],[-58.449783,-34.680345],[-58.449873,-34.680256],[-58.449943,-34.680151],[-58.449964,-34.680078],[-58.449972,-34.679993]]}},{"type":"Feature","properties":{"name":"Avenida General Francisco Fernández de La Cruz","ref":null,"osm":"way/28422482"},"geometry":{"type":"LineString","coordinates":[[-58.44349,-34.660219],[-58.443417,-34.660171],[-58.442813,-34.659691]]}},{"type":"Feature","properties":{"name":null,"ref":null,"osm":"way/28422701"},"geometry":{"type":"LineString","coordinates":[[-58.439112,-34.656054],[-58.43914,-34.656114],[-58.439156,-34.656172],[-58.439152,-34.656232],[-58.439129,-34.656288],[-58.439088,-34.656337],[-58.439032,-34.656375],[-58.438953,-34.656401],[-58.438868,-34.656406],[-58.438785,-34.656387],[-58.438716,-34.656346]]}},{"type":"Feature","properties":{"name":null,"ref":null,"osm":"way/28422750"},"geometry":{"type":"LineString","coordinates":[[-58.431779,-34.651057],[-58.431647,-34.650875],[-58.431395,-34.650661],[-58.43136,-34.650598],[-58.431347,-34.650489],[-58.431368,-34.650374]]}},{"type":"Feature","properties":{"name":"Avenida Perito Moreno","ref":null,"osm":"way/28422884"},"geometry":{"type":"LineString","coordinates":[[-58.444151,-34.651077],[-58.443653,-34.651124]]}},{"type":"Feature","properties":{"name":null,"ref":null,"osm":"way/28422897"},"geometry":{"type":"LineString","coordinates":[[-58.443078,-34.650719],[-58.443251,-34.650698],[-58.443353,-34.650698]]}},{"type":"Feature","properties":{"name":"Avenida Perito Moreno","ref":null,"osm":"way/28422919"},"geometry":{"type":"LineString","coordinates":[[-58.443036,-34.651088],[-58.442789,-34.651042],[-58.442533,-34.650992],[-58.442261,-34.650942],[-58.442113,-34.650918],[-58.442044,-34.65091],[-58.442002,-34.650904],[-58.441947,-34.6509],[-58.44163,-34.650882]]}},{"type":"Feature","properties":{"name":"Avenida Perito Moreno","ref":null,"osm":"way/28422932"},"geometry":{"type":"LineString","coordinates":[[-58.441638,-34.650806],[-58.442045,-34.650811],[-58.442072,-34.650811],[-58.442118,-34.65081],[-58.442316,-34.6508],[-58.442496,-34.650777],[-58.442553,-34.650769],[-58.44273,-34.650751],[-58.442917,-34.650732],[-58.443078,-34.650719]]}},{"type":"Feature","properties":{"name":"Avenida Perito Moreno","ref":null,"osm":"way/28422935"},"geometry":{"type":"LineString","coordinates":[[-58.443548,-34.650728],[-58.44365,-34.650748],[-58.443711,-34.65076],[-58.443809,-34.65078],[-58.443918,-34.650806],[-58.444036,-34.650833],[-58.444194,-34.650871],[-58.444303,-34.650897],[-58.444371,-34.650913],[-58.444391,-34.650918],[-58.444482,-34.650939],[-58.444582,-34.650956]]}},{"type":"Feature","properties":{"name":"Avenida Perito Moreno","ref":null,"osm":"way/28432587"},"geometry":{"type":"LineString","coordinates":[[-58.453341,-34.651001],[-58.452726,-34.651066],[-58.45158,-34.651154],[-58.450767,-34.651192],[-58.449044,-34.651187],[-58.445356,-34.651062],[-58.44498,-34.651046],[-58.444821,-34.651038]]}},{"type":"Feature","properties":{"name":null,"ref":null,"osm":"way/28432695"},"geometry":{"type":"LineString","coordinates":[[-58.453794,-34.651496],[-58.453651,-34.651484],[-58.453587,-34.651468],[-58.453526,-34.651441],[-58.453474,-34.651403],[-58.453434,-34.651351],[-58.453377,-34.651252]]}},{"type":"Feature","properties":{"name":"Avenida Lafuente","ref":null,"osm":"way/28432748"},"geometry":{"type":"LineString","coordinates":[[-58.454652,-34.650147],[-58.454603,-34.650216],[-58.454586,-34.650284],[-58.454573,-34.650406]]}},{"type":"Feature","properties":{"name":null,"ref":null,"osm":"way/28433502"},"geometry":{"type":"LineString","coordinates":[[-58.416365,-34.657164],[-58.416216,-34.657046],[-58.416113,-34.656936],[-58.41589,-34.656758]]}},{"type":"Feature","properties":{"name":"Avenida Coronel Roca","ref":null,"osm":"way/28533925"},"geometry":{"type":"LineString","coordinates":[[-58.47051,-34.698589],[-58.469854,-34.698003]]}},{"type":"Feature","properties":{"name":"Avenida General Paz","ref":null,"osm":"way/28533960"},"geometry":{"type":"LineString","coordinates":[[-58.481477,-34.689255],[-58.481752,-34.688989],[-58.482027,-34.688713],[-58.482131,-34.688587],[-58.482292,-34.688361],[-58.482434,-34.688126],[-58.482491,-34.688009],[-58.482632,-34.687726],[-58.48274,-34.687449],[-58.482815,-34.687243],[-58.482947,-34.686902],[-58.482996,-34.686764],[-58.483036,-34.686668],[-58.483172,-34.68634]]}},{"type":"Feature","properties":{"name":null,"ref":null,"osm":"way/28677479"},"geometry":{"type":"LineString","coordinates":[[-58.470422,-34.664223],[-58.470425,-34.664362],[-58.470344,-34.664498]]}},{"type":"Feature","properties":{"name":"Autopista 25 de Mayo","ref":"AU1","osm":"way/28678654"},"geometry":{"type":"LineString","coordinates":[[-58.371236,-34.622428],[-58.371451,-34.622444],[-58.371719,-34.622466],[-58.372028,-34.622501],[-58.372361,-34.622553],[-58.373251,-34.62268],[-58.373777,-34.622757],[-58.374307,-34.622814]]}},{"type":"Feature","properties":{"name":"Autopista Doctor Ricardo Balbín","ref":"RN1","osm":"way/28678658"},"geometry":{"type":"LineString","coordinates":[[-58.358221,-34.627443],[-58.356877,-34.628334],[-58.356429,-34.628636],[-58.356027,-34.628927],[-58.355853,-34.629058],[-58.355679,-34.629204],[-58.355505,-34.629362],[-58.355342,-34.629519],[-58.355217,-34.629637],[-58.355065,-34.629794],[-58.354892,-34.62999],[-58.354677,-34.630252],[-58.354506,-34.630479],[-58.35435,-34.630713],[-58.354206,-34.63095],[-58.354072,-34.63119],[-58.354039,-34.631261],[-58.353955,-34.631427],[-58.353855,-34.631669],[-58.35377,-34.631914],[-58.353709,-34.632165],[-58.35367,-34.632419],[-58.353643,-34.632675],[-58.353636,-34.63293],[-58.35364,-34.633186],[-58.353677,-34.633949],[-58.353706,-34.634481],[-58.353721,-34.635013],[-58.353717,-34.635313],[-58.353702,-34.635614],[-58.353669,-34.63599],[-58.353625,-34.636338],[-58.353562,-34.636686]]}},{"type":"Feature","properties":{"name":"Avenida Warnes","ref":null,"osm":"way/28679900"},"geometry":{"type":"LineString","coordinates":[[-58.463868,-34.596422],[-58.463983,-34.596425],[-58.464153,-34.596434],[-58.464403,-34.59645],[-58.464501,-34.596455]]}},{"type":"Feature","properties":{"name":"Avenida Álvarez Thomas","ref":null,"osm":"way/28679959"},"geometry":{"type":"LineString","coordinates":[[-58.460209,-34.578292],[-58.460507,-34.578287]]}},{"type":"Feature","properties":{"name":"Avenida Álvarez Thomas","ref":null,"osm":"way/28679960"},"geometry":{"type":"LineString","coordinates":[[-58.449983,-34.580863],[-58.450595,-34.580632],[-58.450648,-34.580613],[-58.450714,-34.580587],[-58.450941,-34.580502]]}},{"type":"Feature","properties":{"name":"Avenida Nazca","ref":null,"osm":"way/28688883"},"geometry":{"type":"LineString","coordinates":[[-58.472126,-34.625155],[-58.472568,-34.624174]]}},{"type":"Feature","properties":{"name":"Puente Nicolás Avellaneda","ref":"RNA001","osm":"way/28739006"},"geometry":{"type":"LineString","coordinates":[[-58.35862,-34.634098],[-58.357661,-34.635853],[-58.357196,-34.636663],[-58.357031,-34.636913],[-58.356994,-34.636963],[-58.356956,-34.63701],[-58.356892,-34.637081],[-58.356108,-34.637737],[-58.35437,-34.639127]]}},{"type":"Feature","properties":{"name":null,"ref":null,"osm":"way/28739035"},"geometry":{"type":"LineString","coordinates":[[-58.359136,-34.633691],[-58.359185,-34.633638],[-58.359208,-34.633609],[-58.359223,-34.633585],[-58.359236,-34.63356],[-58.359244,-34.633537],[-58.359248,-34.633519],[-58.359248,-34.633497],[-58.359245,-34.633481],[-58.359239,-34.633463],[-58.35923,-34.633443],[-58.359215,-34.633425],[-58.359195,-34.633406],[-58.359175,-34.63339],[-58.359156,-34.633378],[-58.359128,-34.633364]]}},{"type":"Feature","properties":{"name":"Avenida Teniente General Luis Dellepiane","ref":null,"osm":"way/28782512"},"geometry":{"type":"LineString","coordinates":[[-58.477539,-34.673086],[-58.477817,-34.673248],[-58.477866,-34.673303],[-58.477896,-34.673368],[-58.477908,-34.673436],[-58.477926,-34.673669],[-58.477949,-34.673773],[-58.477981,-34.673898],[-58.478167,-34.674435],[-58.478246,-34.67467],[-58.478333,-34.674964]]}},{"type":"Feature","properties":{"name":null,"ref":null,"osm":"way/28932018"},"geometry":{"type":"LineString","coordinates":[[-58.372576,-34.650179],[-58.372702,-34.649938],[-58.372734,-34.649881],[-58.372765,-34.649829],[-58.372797,-34.649782],[-58.372851,-34.649723],[-58.372906,-34.649666],[-58.372944,-34.649625],[-58.372994,-34.649584],[-58.373051,-34.649541],[-58.373086,-34.649517],[-58.373126,-34.649491],[-58.373184,-34.649456],[-58.373246,-34.649417],[-58.373277,-34.649385]]}},{"type":"Feature","properties":{"name":null,"ref":null,"osm":"way/28932056"},"geometry":{"type":"LineString","coordinates":[[-58.373706,-34.650334],[-58.373642,-34.650375],[-58.373638,-34.650378],[-58.373566,-34.650428],[-58.37348,-34.650492],[-58.373394,-34.650574],[-58.37332,-34.650646],[-58.37325,-34.650716],[-58.373195,-34.650789],[-58.373144,-34.650855],[-58.373084,-34.650948],[-58.373018,-34.65106],[-58.372926,-34.651226],[-58.372328,-34.652379]]}},{"type":"Feature","properties":{"name":null,"ref":null,"osm":"way/28932061"},"geometry":{"type":"LineString","coordinates":[[-58.372367,-34.651234],[-58.372427,-34.650964],[-58.37245,-34.650844],[-58.372567,-34.650224],[-58.372572,-34.650198]]}},{"type":"Feature","properties":{"name":"Avenida Eva Perón","ref":null,"osm":"way/29196738"},"geometry":{"type":"LineString","coordinates":[[-58.502574,-34.674486],[-58.502207,-34.674282]]}},{"type":"Feature","properties":{"name":"Avenida Juan Bautista Justo","ref":null,"osm":"way/30096968"},"geometry":{"type":"LineString","coordinates":[[-58.516831,-34.633145],[-58.515969,-34.633147],[-58.515636,-34.633169],[-58.515348,-34.633198],[-58.514911,-34.633262],[-58.51448,-34.633358],[-58.513962,-34.633496],[-58.513826,-34.633539]]}},{"type":"Feature","properties":{"name":"Avenida Juan Bautista Justo","ref":null,"osm":"way/30097089"},"geometry":{"type":"LineString","coordinates":[[-58.505357,-34.634102],[-58.505172,-34.63404],[-58.505135,-34.634025],[-58.504523,-34.633776]]}},{"type":"Feature","properties":{"name":"Avenida Presidente Sarmiento","ref":null,"osm":"way/30566319"},"geometry":{"type":"LineString","coordinates":[[-58.409517,-34.569079],[-58.409557,-34.569116]]}},{"type":"Feature","properties":{"name":"Avenida Presidente Figueroa Alcorta","ref":null,"osm":"way/30567315"},"geometry":{"type":"LineString","coordinates":[[-58.412656,-34.57101],[-58.413566,-34.570348]]}},{"type":"Feature","properties":{"name":"Avenida Presidente Sarmiento","ref":null,"osm":"way/30567320"},"geometry":{"type":"LineString","coordinates":[[-58.411309,-34.570928],[-58.411351,-34.570954],[-58.411404,-34.570987],[-58.411562,-34.571108]]}},{"type":"Feature","properties":{"name":"Hipólito Vieytes","ref":null,"osm":"way/37417493"},"geometry":{"type":"LineString","coordinates":[[-58.379932,-34.642194],[-58.379883,-34.642313],[-58.379632,-34.642973],[-58.379603,-34.643043]]}},{"type":"Feature","properties":{"name":"Hipólito Vieytes","ref":null,"osm":"way/37417494"},"geometry":{"type":"LineString","coordinates":[[-58.379347,-34.643645],[-58.379279,-34.643862],[-58.379235,-34.644002]]}},{"type":"Feature","properties":{"name":"Autopista Presidente Arturo Frondizi","ref":"AV1-Sur","osm":"way/37888448"},"geometry":{"type":"LineString","coordinates":[[-58.371735,-34.654269],[-58.371244,-34.655694]]}},{"type":"Feature","properties":{"name":"Avenida Ruiz Huidobro","ref":null,"osm":"way/38509240"},"geometry":{"type":"LineString","coordinates":[[-58.494731,-34.55542],[-58.494351,-34.555159]]}},{"type":"Feature","properties":{"name":"Avenida Triunvirato","ref":null,"osm":"way/38509242"},"geometry":{"type":"LineString","coordinates":[[-58.495694,-34.555313],[-58.495767,-34.555389],[-58.495797,-34.555429],[-58.495822,-34.555462],[-58.495945,-34.555696]]}},{"type":"Feature","properties":{"name":"Avenida Triunvirato","ref":null,"osm":"way/38509243"},"geometry":{"type":"LineString","coordinates":[[-58.496409,-34.556221],[-58.496622,-34.556356],[-58.49673,-34.556445],[-58.496815,-34.556555],[-58.496856,-34.556667],[-58.496872,-34.556796],[-58.496865,-34.5569],[-58.496828,-34.557012],[-58.496765,-34.557113],[-58.496591,-34.557349],[-58.496576,-34.557371],[-58.496431,-34.557574],[-58.49608,-34.558066],[-58.496014,-34.558172],[-58.495953,-34.558295],[-58.49589,-34.558475],[-58.495867,-34.558601],[-58.495846,-34.55877],[-58.495837,-34.558917],[-58.49584,-34.558972],[-58.495847,-34.559113],[-58.495856,-34.55918],[-58.495872,-34.559312],[-58.495877,-34.559344],[-58.49601,-34.560113],[-58.496049,-34.560368],[-58.496075,-34.560542],[-58.496217,-34.561533]]}},{"type":"Feature","properties":{"name":"Calle 14","ref":null,"osm":"way/38584555"},"geometry":{"type":"LineString","coordinates":[[-58.38828,-34.576244],[-58.388498,-34.576424]]}},{"type":"Feature","properties":{"name":"Avenida de los Incas","ref":null,"osm":"way/38873864"},"geometry":{"type":"LineString","coordinates":[[-58.469763,-34.578722],[-58.469928,-34.578818],[-58.470159,-34.57895],[-58.47061,-34.579209],[-58.470858,-34.579351],[-58.472077,-34.580024],[-58.472136,-34.580055]]}},{"type":"Feature","properties":{"name":"Avenida General Francisco Fernández de La Cruz","ref":null,"osm":"way/39173656"},"geometry":{"type":"LineString","coordinates":[[-58.449722,-34.665169],[-58.449572,-34.665038],[-58.449009,-34.664542],[-58.448936,-34.664402]]}},{"type":"Feature","properties":{"name":"Avenida Intendente Francisco Rabanal","ref":null,"osm":"way/39309107"},"geometry":{"type":"LineString","coordinates":[[-58.417639,-34.655271],[-58.417187,-34.655131]]}},{"type":"Feature","properties":{"name":null,"ref":null,"osm":"way/39474337"},"geometry":{"type":"LineString","coordinates":[[-58.375841,-34.641832],[-58.375915,-34.641348],[-58.375928,-34.641251],[-58.375941,-34.641147],[-58.375948,-34.64106],[-58.375952,-34.640903],[-58.375956,-34.640739],[-58.375944,-34.640558],[-58.375921,-34.64036],[-58.375893,-34.640207],[-58.37587,-34.640109],[-58.37584,-34.63999],[-58.375774,-34.639776]]}},{"type":"Feature","properties":{"name":"Autopista 25 de Mayo","ref":"AU1","osm":"way/39910453"},"geometry":{"type":"LineString","coordinates":[[-58.460783,-34.641844],[-58.461038,-34.642077],[-58.461295,-34.642353],[-58.461474,-34.64258],[-58.461754,-34.642967],[-58.461901,-34.643196],[-58.462073,-34.643528]]}},{"type":"Feature","properties":{"name":"Autopista 25 de Mayo","ref":"AU1","osm":"way/39910454"},"geometry":{"type":"LineString","coordinates":[[-58.456072,-34.638467],[-58.455802,-34.638278],[-58.45555,-34.638104],[-58.454523,-34.637463],[-58.453825,-34.637045],[-58.453518,-34.636894],[-58.453287,-34.636799],[-58.453075,-34.63672],[-58.452854,-34.636647],[-58.452638,-34.63659],[-58.452399,-34.636541],[-58.452148,-34.636506],[-58.451973,-34.636483],[-58.451654,-34.636459],[-58.451368,-34.636451],[-58.45096,-34.636455],[-58.449909,-34.636478],[-58.449346,-34.636492],[-58.448718,-34.636475],[-58.448066,-34.636381],[-58.447576,-34.636252],[-58.447317,-34.636172],[-58.447071,-34.636088],[-58.446847,-34.635998],[-58.446749,-34.635953],[-58.446624,-34.635893],[-58.446342,-34.635726],[-58.445336,-34.635105],[-58.443971,-34.634142],[-58.443767,-34.633999],[-58.443193,-34.633624],[-58.442588,-34.633259],[-58.441687,-34.632678],[-58.441258,-34.632419],[-58.44083,-34.63217],[-58.440299,-34.631866],[-58.439684,-34.631484],[-58.439234,-34.631214],[-58.43877,-34.630985],[-58.438044,-34.630729],[-58.437806,-34.630657],[-58.436974,-34.630468],[-58.434133,-34.630075],[-58.429168,-34.629289],[-58.427724,-34.629117],[-58.427471,-34.629087],[-58.425987,-34.62891],[-58.425114,-34.6288],[-58.42337,-34.628602],[-58.422299,-34.628481],[-58.421914,-34.628437],[-58.421507,-34.628376]]}},{"type":"Feature","properties":{"name":"Autopista 25 de Mayo","ref":"AU1","osm":"way/39910457"},"geometry":{"type":"LineString","coordinates":[[-58.462687,-34.645212],[-58.462817,-34.645656],[-58.462999,-34.646056]]}},{"type":"Feature","properties":{"name":"Avenida Eva Perón","ref":null,"osm":"way/40336336"},"geometry":{"type":"LineString","coordinates":[[-58.469347,-34.649194],[-58.469311,-34.649154],[-58.468754,-34.648386]]}},{"type":"Feature","properties":{"name":"Avenida Chorroarín","ref":null,"osm":"way/40409447"},"geometry":{"type":"LineString","coordinates":[[-58.476131,-34.592242],[-58.476148,-34.592414],[-58.476176,-34.592538],[-58.476252,-34.592669]]}},{"type":"Feature","properties":{"name":"Autopista Presidente Héctor José Cámpora","ref":"AU7","osm":"way/40639579"},"geometry":{"type":"LineString","coordinates":[[-58.442668,-34.670621],[-58.441365,-34.671163],[-58.436725,-34.673096]]}},{"type":"Feature","properties":{"name":"Autopista Presidente Héctor José Cámpora","ref":"AU7","osm":"way/40639580"},"geometry":{"type":"LineString","coordinates":[[-58.445285,-34.6691],[-58.444777,-34.669472],[-58.444448,-34.669721],[-58.444216,-34.669883],[-58.444026,-34.669998],[-58.443813,-34.670115],[-58.443565,-34.67024],[-58.442668,-34.670621]]}},{"type":"Feature","properties":{"name":"Autopista Presidente Héctor José Cámpora","ref":"AU7","osm":"way/40639581"},"geometry":{"type":"LineString","coordinates":[[-58.445153,-34.669047],[-58.445346,-34.668899],[-58.446313,-34.6681],[-58.449274,-34.665744],[-58.450864,-34.664345],[-58.451716,-34.663638],[-58.453278,-34.662399]]}},{"type":"Feature","properties":{"name":"Autopista Presidente Héctor José Cámpora","ref":"AU7","osm":"way/40639582"},"geometry":{"type":"LineString","coordinates":[[-58.442616,-34.670546],[-58.443481,-34.670166],[-58.443667,-34.670071],[-58.44383,-34.669985],[-58.444116,-34.669816],[-58.444395,-34.66962],[-58.444769,-34.669343],[-58.445153,-34.669047]]}},{"type":"Feature","properties":{"name":null,"ref":null,"osm":"way/42454836"},"geometry":{"type":"LineString","coordinates":[[-58.416836,-34.56277],[-58.41675,-34.562719],[-58.416689,-34.562703],[-58.416612,-34.562703],[-58.416539,-34.562724],[-58.41647,-34.562754],[-58.416412,-34.562793],[-58.416243,-34.562895],[-58.415378,-34.563313]]}},{"type":"Feature","properties":{"name":"Avenida Dorrego","ref":null,"osm":"way/42454837"},"geometry":{"type":"LineString","coordinates":[[-58.41717,-34.562835],[-58.417603,-34.563164],[-58.417795,-34.56331],[-58.418574,-34.563941],[-58.41959,-34.564719],[-58.419714,-34.56482],[-58.419752,-34.564865],[-58.419877,-34.565002]]}},{"type":"Feature","properties":{"name":"Avenida Elvira Rawson de Dellepiane","ref":null,"osm":"way/46932684"},"geometry":{"type":"LineString","coordinates":[[-58.361712,-34.623457],[-58.361666,-34.623405]]}},{"type":"Feature","properties":{"name":"Avenida Juan Bautista Justo","ref":null,"osm":"way/46934477"},"geometry":{"type":"LineString","coordinates":[[-58.524259,-34.634454],[-58.524103,-34.634421],[-58.523851,-34.63436],[-58.523225,-34.634201],[-58.523154,-34.634183],[-58.523032,-34.634152]]}},{"type":"Feature","properties":{"name":"Avenida Juan Bautista Justo","ref":null,"osm":"way/46934484"},"geometry":{"type":"LineString","coordinates":[[-58.523032,-34.634152],[-58.522683,-34.634068],[-58.522549,-34.634036],[-58.521905,-34.633883],[-58.52174,-34.633843]]}},{"type":"Feature","properties":{"name":"Avenida Nazca","ref":null,"osm":"way/46936305"},"geometry":{"type":"LineString","coordinates":[[-58.472568,-34.624174],[-58.472733,-34.623806],[-58.472844,-34.623558],[-58.472926,-34.623376],[-58.473025,-34.623166]]}},{"type":"Feature","properties":{"name":"Avenida Piedra Buena","ref":null,"osm":"way/46966605"},"geometry":{"type":"LineString","coordinates":[[-58.486547,-34.678963],[-58.48631,-34.679162],[-58.485903,-34.679513]]}},{"type":"Feature","properties":{"name":"Avenida Piedra Buena","ref":null,"osm":"way/46966614"},"geometry":{"type":"LineString","coordinates":[[-58.487836,-34.67788],[-58.48764,-34.678045]]}},{"type":"Feature","properties":{"name":"Avenida Warnes","ref":null,"osm":"way/46978099"},"geometry":{"type":"LineString","coordinates":[[-58.466972,-34.596305],[-58.466202,-34.596321]]}},{"type":"Feature","properties":{"name":"Avenida Sáenz","ref":null,"osm":"way/46990961"},"geometry":{"type":"LineString","coordinates":[[-58.41657,-34.654748],[-58.416565,-34.654832]]}},{"type":"Feature","properties":{"name":"Avenida Amancio Alcorta","ref":null,"osm":"way/46992120"},"geometry":{"type":"LineString","coordinates":[[-58.414032,-34.655742],[-58.413585,-34.655496],[-58.413465,-34.65543],[-58.413106,-34.655222],[-58.412827,-34.655082]]}},{"type":"Feature","properties":{"name":"Beazley","ref":null,"osm":"way/46992126"},"geometry":{"type":"LineString","coordinates":[[-58.416072,-34.654634],[-58.416164,-34.654656],[-58.4163,-34.654684]]}},{"type":"Feature","properties":{"name":"Avenida del Barco Centenera","ref":null,"osm":"way/46992128"},"geometry":{"type":"LineString","coordinates":[[-58.418258,-34.655235],[-58.418178,-34.655316],[-58.418078,-34.655411]]}},{"type":"Feature","properties":{"name":"Avenida Juan Bautista Justo","ref":null,"osm":"way/46995193"},"geometry":{"type":"LineString","coordinates":[[-58.51983,-34.633206],[-58.51991,-34.633202],[-58.520006,-34.633195],[-58.520101,-34.633196],[-58.520196,-34.633204],[-58.520288,-34.63322]]}},{"type":"Feature","properties":{"name":"Avenida Dorrego","ref":null,"osm":"way/46995194"},"geometry":{"type":"LineString","coordinates":[[-58.423971,-34.570811],[-58.424041,-34.57088]]}},{"type":"Feature","properties":{"name":"Avenida Juan Bautista Justo","ref":null,"osm":"way/47003101"},"geometry":{"type":"LineString","coordinates":[[-58.530301,-34.634777],[-58.530245,-34.634774],[-58.52943,-34.634818],[-58.528997,-34.634839]]}},{"type":"Feature","properties":{"name":"Avenida Juan Bautista Justo","ref":null,"osm":"way/47003108"},"geometry":{"type":"LineString","coordinates":[[-58.520517,-34.633826],[-58.520434,-34.633836],[-58.52035,-34.63384],[-58.520266,-34.633839],[-58.520181,-34.633831],[-58.520097,-34.633818]]}},{"type":"Feature","properties":{"name":null,"ref":null,"osm":"way/47003113"},"geometry":{"type":"LineString","coordinates":[[-58.423267,-34.571238],[-58.423231,-34.571076]]}},{"type":"Feature","properties":{"name":"Avenida Teniente General Luis Dellepiane","ref":null,"osm":"way/47011620"},"geometry":{"type":"LineString","coordinates":[[-58.472984,-34.662426],[-58.473036,-34.662563],[-58.473076,-34.662669],[-58.473098,-34.662722],[-58.473287,-34.663138],[-58.47378,-34.664207]]}},{"type":"Feature","properties":{"name":"California","ref":null,"osm":"way/47014537"},"geometry":{"type":"LineString","coordinates":[[-58.37084,-34.646166],[-58.369834,-34.645948],[-58.368418,-34.645643]]}},{"type":"Feature","properties":{"name":"Hipólito Vieytes","ref":null,"osm":"way/47014540"},"geometry":{"type":"LineString","coordinates":[[-58.377553,-34.647842],[-58.377459,-34.648075],[-58.377347,-34.648352],[-58.377278,-34.648524],[-58.37711,-34.648942]]}},{"type":"Feature","properties":{"name":"Hipólito Vieytes","ref":null,"osm":"way/47014541"},"geometry":{"type":"LineString","coordinates":[[-58.374568,-34.655678],[-58.3744,-34.656098],[-58.37438,-34.656146]]}},{"type":"Feature","properties":{"name":"Pedro de Luján","ref":null,"osm":"way/47014542"},"geometry":{"type":"LineString","coordinates":[[-58.375708,-34.65584],[-58.374605,-34.655585]]}},{"type":"Feature","properties":{"name":"Pedro de Luján","ref":null,"osm":"way/47014543"},"geometry":{"type":"LineString","coordinates":[[-58.374605,-34.655585],[-58.374497,-34.655558],[-58.37446,-34.655539],[-58.374432,-34.655512],[-58.374152,-34.655233]]}},{"type":"Feature","properties":{"name":"California","ref":null,"osm":"way/47014544"},"geometry":{"type":"LineString","coordinates":[[-58.377553,-34.647842],[-58.37721,-34.647751],[-58.376441,-34.647547]]}},{"type":"Feature","properties":{"name":"General Iriarte","ref":null,"osm":"way/47032807"},"geometry":{"type":"LineString","coordinates":[[-58.373823,-34.648344],[-58.374491,-34.648474],[-58.3746,-34.648494],[-58.374814,-34.648536],[-58.37492,-34.648555]]}},{"type":"Feature","properties":{"name":"Avenida Eva Perón","ref":null,"osm":"way/47034517"},"geometry":{"type":"LineString","coordinates":[[-58.468754,-34.648386],[-58.46858,-34.64812],[-58.46856,-34.648089],[-58.468538,-34.648059],[-58.468496,-34.647999],[-58.468437,-34.64791]]}},{"type":"Feature","properties":{"name":null,"ref":null,"osm":"way/47034518"},"geometry":{"type":"LineString","coordinates":[[-58.461226,-34.642891],[-58.461322,-34.642832],[-58.461426,-34.642783],[-58.461525,-34.642749],[-58.461628,-34.642726],[-58.461771,-34.64271],[-58.461915,-34.642712]]}},{"type":"Feature","properties":{"name":null,"ref":null,"osm":"way/47034519"},"geometry":{"type":"LineString","coordinates":[[-58.46261,-34.643074],[-58.462648,-34.643136],[-58.462694,-34.64326],[-58.462721,-34.643385],[-58.462722,-34.643511],[-58.46272,-34.643534]]}},{"type":"Feature","properties":{"name":null,"ref":null,"osm":"way/47034520"},"geometry":{"type":"LineString","coordinates":[[-58.462388,-34.644033],[-58.462362,-34.644049],[-58.462198,-34.644129],[-58.462017,-34.64418],[-58.461837,-34.644198],[-58.461542,-34.644162]]}},{"type":"Feature","properties":{"name":"Avenida Eva Perón","ref":null,"osm":"way/47034892"},"geometry":{"type":"LineString","coordinates":[[-58.467948,-34.647217],[-58.467552,-34.646648]]}},{"type":"Feature","properties":{"name":null,"ref":null,"osm":"way/47034893"},"geometry":{"type":"LineString","coordinates":[[-58.46272,-34.643534],[-58.462693,-34.643648],[-58.462646,-34.643758],[-58.462578,-34.64386],[-58.462491,-34.643953],[-58.462388,-34.644033]]}},{"type":"Feature","properties":{"name":null,"ref":null,"osm":"way/47034894"},"geometry":{"type":"LineString","coordinates":[[-58.460915,-34.643454],[-58.46093,-34.643316],[-58.460977,-34.643182],[-58.46108,-34.643024],[-58.461226,-34.642891]]}},{"type":"Feature","properties":{"name":null,"ref":null,"osm":"way/47035465"},"geometry":{"type":"LineString","coordinates":[[-58.470311,-34.663675],[-58.470373,-34.663753],[-58.470424,-34.663828],[-58.470456,-34.663911],[-58.470467,-34.664019],[-58.470463,-34.664151],[-58.470422,-34.664223]]}},{"type":"Feature","properties":{"name":"Avenida Lacarra","ref":null,"osm":"way/47035474"},"geometry":{"type":"LineString","coordinates":[[-58.469476,-34.64962],[-58.469402,-34.649644],[-58.469364,-34.649656],[-58.469329,-34.64967],[-58.469211,-34.649722]]}},{"type":"Feature","properties":{"name":"Avenida Lacarra","ref":null,"osm":"way/47035476"},"geometry":{"type":"LineString","coordinates":[[-58.469211,-34.649722],[-58.469267,-34.649639],[-58.469285,-34.649608],[-58.469298,-34.649581],[-58.469307,-34.649556],[-58.469315,-34.649525],[-58.469324,-34.649462]]}},{"type":"Feature","properties":{"name":"Avenida Teniente General Luis Dellepiane","ref":null,"osm":"way/47035719"},"geometry":{"type":"LineString","coordinates":[[-58.474391,-34.668282],[-58.474335,-34.668178],[-58.474313,-34.668136],[-58.474202,-34.667893],[-58.474187,-34.667861],[-58.474097,-34.667658],[-58.473881,-34.667168],[-58.473832,-34.667055],[-58.473643,-34.666635],[-58.47352,-34.666368],[-58.473369,-34.666035],[-58.473267,-34.665814],[-58.473238,-34.665751],[-58.473047,-34.665336],[-58.472886,-34.664979],[-58.472849,-34.664897],[-58.472592,-34.664329],[-58.472332,-34.663746],[-58.472227,-34.663495],[-58.472161,-34.663343],[-58.47214,-34.663295],[-58.472066,-34.663155]]}},{"type":"Feature","properties":{"name":"Avenida Teniente General Luis Dellepiane","ref":null,"osm":"way/47035720"},"geometry":{"type":"LineString","coordinates":[[-58.47607,-34.67198],[-58.475872,-34.67156],[-58.47545,-34.670639]]}},{"type":"Feature","properties":{"name":null,"ref":null,"osm":"way/47035721"},"geometry":{"type":"LineString","coordinates":[[-58.469548,-34.663706],[-58.469683,-34.663641],[-58.469793,-34.6636],[-58.46991,-34.663581],[-58.470045,-34.663581],[-58.470125,-34.663603],[-58.470266,-34.663647]]}},{"type":"Feature","properties":{"name":"Avenida Teniente General Luis Dellepiane","ref":null,"osm":"way/47035722"},"geometry":{"type":"LineString","coordinates":[[-58.467609,-34.653134],[-58.46737,-34.652792],[-58.467294,-34.652684],[-58.467234,-34.652596],[-58.467137,-34.652453],[-58.466902,-34.652096],[-58.466805,-34.651932],[-58.466718,-34.651784]]}},{"type":"Feature","properties":{"name":"Avenida San Martín","ref":null,"osm":"way/47059824"},"geometry":{"type":"LineString","coordinates":[[-58.500644,-34.595463],[-58.501553,-34.595147],[-58.501739,-34.595067]]}},{"type":"Feature","properties":{"name":"Avenida de los Constituyentes","ref":null,"osm":"way/47081295"},"geometry":{"type":"LineString","coordinates":[[-58.500687,-34.575281],[-58.500551,-34.575387],[-58.500468,-34.575452],[-58.500151,-34.575707]]}},{"type":"Feature","properties":{"name":"Avenida Álvarez Thomas","ref":null,"osm":"way/47081314"},"geometry":{"type":"LineString","coordinates":[[-58.48448,-34.570568],[-58.484616,-34.570464]]}},{"type":"Feature","properties":{"name":"Bauness","ref":null,"osm":"way/47083997"},"geometry":{"type":"LineString","coordinates":[[-58.49139,-34.570401],[-58.491306,-34.570516],[-58.491268,-34.570569],[-58.491247,-34.570597]]}},{"type":"Feature","properties":{"name":"Avenida Álvarez Thomas","ref":null,"osm":"way/47084003"},"geometry":{"type":"LineString","coordinates":[[-58.470862,-34.57827],[-58.471151,-34.578209],[-58.471446,-34.578148],[-58.471854,-34.578051],[-58.472169,-34.57798]]}},{"type":"Feature","properties":{"name":"Doctor Pedro Ignacio Rivera","ref":null,"osm":"way/47084011"},"geometry":{"type":"LineString","coordinates":[[-58.489558,-34.572705],[-58.489367,-34.5726],[-58.48924,-34.57253],[-58.489108,-34.572457],[-58.489024,-34.572412],[-58.48888,-34.572331]]}},{"type":"Feature","properties":{"name":"Avenida Elcano","ref":null,"osm":"way/47084014"},"geometry":{"type":"LineString","coordinates":[[-58.460539,-34.580753],[-58.460532,-34.579646],[-58.460543,-34.578486],[-58.460544,-34.578438],[-58.460541,-34.578397],[-58.460507,-34.578287]]}},{"type":"Feature","properties":{"name":"Avenida Álvarez Thomas","ref":null,"osm":"way/47084015"},"geometry":{"type":"LineString","coordinates":[[-58.450941,-34.580502],[-58.451192,-34.580417],[-58.45133,-34.580372],[-58.45204,-34.58015]]}},{"type":"Feature","properties":{"name":"Avenida Álvarez Thomas","ref":null,"osm":"way/47084017"},"geometry":{"type":"LineString","coordinates":[[-58.448424,-34.581473],[-58.4486,-34.581408],[-58.448738,-34.581353],[-58.449319,-34.581124]]}},{"type":"Feature","properties":{"name":"Avenida de los Constituyentes","ref":null,"osm":"way/47087013"},"geometry":{"type":"LineString","coordinates":[[-58.48113,-34.590337],[-58.480948,-34.590385],[-58.480909,-34.590395],[-58.480848,-34.59041],[-58.480394,-34.590525],[-58.479617,-34.590719],[-58.479528,-34.590741]]}},{"type":"Feature","properties":{"name":"Avenida de los Constituyentes","ref":null,"osm":"way/47088463"},"geometry":{"type":"LineString","coordinates":[[-58.479528,-34.590741],[-58.479358,-34.590786],[-58.478488,-34.591012],[-58.478448,-34.591022],[-58.478209,-34.591084]]}},{"type":"Feature","properties":{"name":"Avenida Juan Bautista Alberdi","ref":null,"osm":"way/47104774"},"geometry":{"type":"LineString","coordinates":[[-58.514204,-34.66012],[-58.514383,-34.660223],[-58.514542,-34.660312]]}},{"type":"Feature","properties":{"name":"Murguiondo","ref":null,"osm":"way/47105607"},"geometry":{"type":"LineString","coordinates":[[-58.499808,-34.658159],[-58.498815,-34.658947],[-58.497924,-34.659676],[-58.497831,-34.659754],[-58.496606,-34.660753],[-58.496512,-34.66083],[-58.495528,-34.661634],[-58.49444,-34.662527],[-58.493209,-34.663506],[-58.491975,-34.664493],[-58.491017,-34.66526]]}},{"type":"Feature","properties":{"name":"Avenida Juan Bautista Alberdi","ref":null,"osm":"way/47105611"},"geometry":{"type":"LineString","coordinates":[[-58.515599,-34.660915],[-58.515731,-34.660987],[-58.515806,-34.661031],[-58.516451,-34.661396],[-58.516505,-34.661426],[-58.51663,-34.661497]]}},{"type":"Feature","properties":{"name":"Murguiondo","ref":null,"osm":"way/47105612"},"geometry":{"type":"LineString","coordinates":[[-58.501756,-34.656544],[-58.501679,-34.656618],[-58.500773,-34.657364],[-58.499808,-34.658159]]}},{"type":"Feature","properties":{"name":"Avenida Juan Bautista Justo","ref":null,"osm":"way/47159446"},"geometry":{"type":"LineString","coordinates":[[-58.526607,-34.634644],[-58.525807,-34.634581]]}},{"type":"Feature","properties":{"name":"Herrera","ref":null,"osm":"way/47259041"},"geometry":{"type":"LineString","coordinates":[[-58.37385,-34.651784],[-58.373841,-34.651872],[-58.37398,-34.652997],[-58.373994,-34.65313],[-58.374096,-34.654117],[-58.374202,-34.655088],[-58.3742,-34.655113],[-58.374193,-34.655149],[-58.374184,-34.655177],[-58.374171,-34.655206],[-58.374152,-34.655233],[-58.373474,-34.655815]]}},{"type":"Feature","properties":{"name":"Avenida Regimiento de Patricios","ref":null,"osm":"way/47259044"},"geometry":{"type":"LineString","coordinates":[[-58.368194,-34.647337],[-58.368131,-34.647708],[-58.36809,-34.647925]]}},{"type":"Feature","properties":{"name":"Avenida Regimiento de Patricios","ref":null,"osm":"way/47263550"},"geometry":{"type":"LineString","coordinates":[[-58.368316,-34.646443],[-58.368264,-34.646809],[-58.368249,-34.646927],[-58.368232,-34.64703],[-58.368194,-34.647337]]}},{"type":"Feature","properties":{"name":"Holmberg","ref":null,"osm":"way/47307599"},"geometry":{"type":"LineString","coordinates":[[-58.490425,-34.550775],[-58.490467,-34.550716],[-58.490819,-34.550212],[-58.490866,-34.550145],[-58.490876,-34.550131],[-58.49097,-34.549997]]}},{"type":"Feature","properties":{"name":"Avenida Doctor Ricardo Balbín","ref":null,"osm":"way/47308099"},"geometry":{"type":"LineString","coordinates":[[-58.489991,-34.55502],[-58.490504,-34.555037],[-58.49088,-34.555069],[-58.491192,-34.555076]]}},{"type":"Feature","properties":{"name":"Avenida Doctor Ricardo Balbín","ref":null,"osm":"way/47308106"},"geometry":{"type":"LineString","coordinates":[[-58.499294,-34.551153],[-58.499551,-34.550855],[-58.499653,-34.550758]]}},{"type":"Feature","properties":{"name":"Avenida Intendente Cantilo","ref":"AV1-N","osm":"way/47371227"},"geometry":{"type":"LineString","coordinates":[[-58.446016,-34.543775],[-58.446418,-34.543551],[-58.44693,-34.543233],[-58.447761,-34.5427],[-58.448476,-34.542287],[-58.448934,-34.542038],[-58.449169,-34.541906],[-58.451124,-34.540824]]}},{"type":"Feature","properties":{"name":"Avenida Leopoldo Lugones","ref":"AV1-N","osm":"way/47371228"},"geometry":{"type":"LineString","coordinates":[[-58.449266,-34.542628],[-58.449198,-34.542667],[-58.448926,-34.542814]]}},{"type":"Feature","properties":{"name":"Avenida Leopoldo Lugones","ref":"AV1-N","osm":"way/47371243"},"geometry":{"type":"LineString","coordinates":[[-58.433326,-34.551274],[-58.431557,-34.552259]]}},{"type":"Feature","properties":{"name":"Avenida Dorrego","ref":null,"osm":"way/47371247"},"geometry":{"type":"LineString","coordinates":[[-58.419877,-34.565002],[-58.420021,-34.565314],[-58.420074,-34.56543]]}},{"type":"Feature","properties":{"name":"Avenida Intendente Cantilo","ref":"AV1-N","osm":"way/47371254"},"geometry":{"type":"LineString","coordinates":[[-58.442687,-34.545623],[-58.446016,-34.543775]]}},{"type":"Feature","properties":{"name":"Avenida Presidente Figueroa Alcorta","ref":null,"osm":"way/47391653"},"geometry":{"type":"LineString","coordinates":[[-58.412063,-34.571282],[-58.412206,-34.571226],[-58.412481,-34.57109],[-58.412656,-34.57101]]}},{"type":"Feature","properties":{"name":"Avenida Dorrego","ref":null,"osm":"way/47392153"},"geometry":{"type":"LineString","coordinates":[[-58.419725,-34.565242],[-58.419691,-34.565144],[-58.41966,-34.565079],[-58.419622,-34.565031],[-58.419564,-34.564973],[-58.419088,-34.564591],[-58.418642,-34.564233],[-58.418425,-34.564059],[-58.417828,-34.563561],[-58.417659,-34.563419],[-58.417051,-34.56294]]}},{"type":"Feature","properties":{"name":"Avenida Leopoldo Lugones","ref":"AV1-N","osm":"way/47392154"},"geometry":{"type":"LineString","coordinates":[[-58.415378,-34.563313],[-58.41484,-34.563634],[-58.414281,-34.56394],[-58.41366,-34.564264],[-58.412772,-34.564703],[-58.411854,-34.565161]]}},{"type":"Feature","properties":{"name":"Puente Ezequiel Demonty","ref":null,"osm":"way/47393380"},"geometry":{"type":"LineString","coordinates":[[-58.416605,-34.657151],[-58.416568,-34.657329]]}},{"type":"Feature","properties":{"name":"Avenida Perito Moreno","ref":null,"osm":"way/47394467"},"geometry":{"type":"LineString","coordinates":[[-58.418429,-34.649824],[-58.418378,-34.649822],[-58.417898,-34.649799],[-58.417665,-34.649788],[-58.416592,-34.649736],[-58.416567,-34.649735],[-58.41649,-34.649732]]}},{"type":"Feature","properties":{"name":"Avenida de los Constituyentes","ref":null,"osm":"way/47413188"},"geometry":{"type":"LineString","coordinates":[[-58.506863,-34.571272],[-58.506659,-34.571389]]}},{"type":"Feature","properties":{"name":"Avenida de los Constituyentes","ref":null,"osm":"way/47413193"},"geometry":{"type":"LineString","coordinates":[[-58.498755,-34.576789],[-58.498582,-34.576926],[-58.498152,-34.577266]]}},{"type":"Feature","properties":{"name":"Avenida Álvarez Thomas","ref":null,"osm":"way/47413198"},"geometry":{"type":"LineString","coordinates":[[-58.477423,-34.575868],[-58.478047,-34.575412],[-58.478715,-34.574928],[-58.479505,-34.57435],[-58.479744,-34.574181],[-58.480501,-34.573614],[-58.480538,-34.573586],[-58.48066,-34.573479],[-58.480773,-34.573392],[-58.481242,-34.573037],[-58.481474,-34.57286],[-58.481643,-34.572732],[-58.482409,-34.572146],[-58.482514,-34.572067]]}},{"type":"Feature","properties":{"name":"Avenida Álvarez Thomas","ref":null,"osm":"way/47413201"},"geometry":{"type":"LineString","coordinates":[[-58.469473,-34.57856],[-58.470007,-34.578449],[-58.470551,-34.578335]]}},{"type":"Feature","properties":{"name":"Avenida Elcano","ref":null,"osm":"way/47413206"},"geometry":{"type":"LineString","coordinates":[[-58.460542,-34.581844],[-58.460541,-34.58129],[-58.460539,-34.580753]]}},{"type":"Feature","properties":{"name":"Avenida Juan Bautista Justo","ref":null,"osm":"way/48024261"},"geometry":{"type":"LineString","coordinates":[[-58.483324,-34.624152],[-58.483269,-34.624115],[-58.483211,-34.624072],[-58.482546,-34.623558]]}},{"type":"Feature","properties":{"name":"Avenida Presidente Figueroa Alcorta","ref":null,"osm":"way/48052804"},"geometry":{"type":"LineString","coordinates":[[-58.417964,-34.566611],[-58.418164,-34.566438],[-58.419223,-34.565667],[-58.419458,-34.565497],[-58.419558,-34.565424],[-58.419598,-34.565387],[-58.419725,-34.565242]]}},{"type":"Feature","properties":{"name":"Avenida Presidente Sarmiento","ref":null,"osm":"way/48052805"},"geometry":{"type":"LineString","coordinates":[[-58.411562,-34.571108],[-58.411732,-34.571234],[-58.411785,-34.571265]]}},{"type":"Feature","properties":{"name":"Larrazábal","ref":null,"osm":"way/48055242"},"geometry":{"type":"LineString","coordinates":[[-58.482482,-34.66841],[-58.483089,-34.667934],[-58.483483,-34.667624],[-58.484053,-34.667176],[-58.485245,-34.666241],[-58.485853,-34.665763],[-58.48649,-34.665262],[-58.487722,-34.664295],[-58.4888,-34.663448]]}},{"type":"Feature","properties":{"name":null,"ref":null,"osm":"way/48055910"},"geometry":{"type":"LineString","coordinates":[[-58.47639,-34.67294],[-58.476362,-34.672882],[-58.476354,-34.67286],[-58.476338,-34.672772],[-58.476334,-34.672755],[-58.476344,-34.672692],[-58.476359,-34.67266],[-58.47637,-34.672635]]}},{"type":"Feature","properties":{"name":null,"ref":null,"osm":"way/48055911"},"geometry":{"type":"LineString","coordinates":[[-58.477544,-34.672512],[-58.477573,-34.672604],[-58.477573,-34.672636],[-58.477574,-34.672699],[-58.477568,-34.672719],[-58.477547,-34.672791],[-58.477533,-34.672813],[-58.477494,-34.672875]]}},{"type":"Feature","properties":{"name":"Avenida General Paz","ref":null,"osm":"way/48055912"},"geometry":{"type":"LineString","coordinates":[[-58.470017,-34.697873],[-58.470242,-34.6977],[-58.470813,-34.697283],[-58.471996,-34.696383],[-58.473001,-34.695622],[-58.473129,-34.695523],[-58.473171,-34.695492],[-58.473608,-34.695173],[-58.474341,-34.694618],[-58.475398,-34.693816],[-58.475436,-34.693787],[-58.475535,-34.693709],[-58.476614,-34.692901],[-58.476715,-34.692822],[-58.477907,-34.69192],[-58.478603,-34.691392],[-58.478805,-34.691254]]}},{"type":"Feature","properties":{"name":"Avenida Coronel Roca","ref":null,"osm":"way/48055914"},"geometry":{"type":"LineString","coordinates":[[-58.470017,-34.697873],[-58.470653,-34.698477]]}},{"type":"Feature","properties":{"name":"Avenida General Paz","ref":null,"osm":"way/48055915"},"geometry":{"type":"LineString","coordinates":[[-58.479151,-34.690996],[-58.480183,-34.690221],[-58.480304,-34.690126]]}},{"type":"Feature","properties":{"name":null,"ref":null,"osm":"way/48055917"},"geometry":{"type":"LineString","coordinates":[[-58.476686,-34.673154],[-58.476636,-34.673137],[-58.476546,-34.673089],[-58.476534,-34.673079],[-58.47646,-34.673018],[-58.47639,-34.67294]]}},{"type":"Feature","properties":{"name":"Avenida Teniente General Luis Dellepiane","ref":null,"osm":"way/48055920"},"geometry":{"type":"LineString","coordinates":[[-58.471932,-34.662896],[-58.471623,-34.662178],[-58.47135,-34.661558],[-58.471241,-34.661316],[-58.470993,-34.660736],[-58.47095,-34.660637],[-58.470906,-34.660535],[-58.470813,-34.660321],[-58.470621,-34.659892],[-58.470256,-34.659068],[-58.470208,-34.658961],[-58.470111,-34.658719]]}},{"type":"Feature","properties":{"name":null,"ref":null,"osm":"way/48055921"},"geometry":{"type":"LineString","coordinates":[[-58.476416,-34.67258],[-58.476524,-34.6725],[-58.476644,-34.672432],[-58.476775,-34.672378],[-58.476913,-34.672339],[-58.477057,-34.672316],[-58.477214,-34.672312]]}},{"type":"Feature","properties":{"name":null,"ref":null,"osm":"way/48055922"},"geometry":{"type":"LineString","coordinates":[[-58.477281,-34.672326],[-58.477381,-34.672371],[-58.477483,-34.67244],[-58.477544,-34.672512]]}},{"type":"Feature","properties":{"name":"Avenida Escalada","ref":null,"osm":"way/48055923"},"geometry":{"type":"LineString","coordinates":[[-58.472007,-34.663055],[-58.472154,-34.662968],[-58.47237,-34.662805]]}},{"type":"Feature","properties":{"name":"Avenida General Paz","ref":null,"osm":"way/48056204"},"geometry":{"type":"LineString","coordinates":[[-58.478805,-34.691254],[-58.479151,-34.690996]]}},{"type":"Feature","properties":{"name":"Avenida Doctor Ricardo Balbín","ref":null,"osm":"way/48069262"},"geometry":{"type":"LineString","coordinates":[[-58.491192,-34.555076],[-58.491448,-34.55509],[-58.492396,-34.555146]]}},{"type":"Feature","properties":{"name":"Avenida Doctor Ricardo Balbín","ref":null,"osm":"way/48069266"},"geometry":{"type":"LineString","coordinates":[[-58.492396,-34.555146],[-58.492915,-34.555175],[-58.493445,-34.555193],[-58.493502,-34.555196],[-58.493606,-34.555205]]}},{"type":"Feature","properties":{"name":"Avenida Francisco Beiró","ref":null,"osm":"way/48098615"},"geometry":{"type":"LineString","coordinates":[[-58.498215,-34.597449],[-58.499307,-34.598139],[-58.499528,-34.598278]]}},{"type":"Feature","properties":{"name":"Avenida Francisco Beiró","ref":null,"osm":"way/48099561"},"geometry":{"type":"LineString","coordinates":[[-58.497101,-34.596758],[-58.497165,-34.596798]]}},{"type":"Feature","properties":{"name":"Avenida Juan Bautista Alberdi","ref":null,"osm":"way/48100970"},"geometry":{"type":"LineString","coordinates":[[-58.507201,-34.65555],[-58.507659,-34.65589],[-58.507743,-34.655952],[-58.507846,-34.656029],[-58.507946,-34.656105]]}},{"type":"Feature","properties":{"name":"Avenida Lisandro de la Torre","ref":null,"osm":"way/48100974"},"geometry":{"type":"LineString","coordinates":[[-58.499198,-34.663353],[-58.498257,-34.664139],[-58.498053,-34.664294],[-58.49731,-34.664906],[-58.496688,-34.665425],[-58.496089,-34.665908]]}},{"type":"Feature","properties":{"name":"Avenida Lisandro de la Torre","ref":null,"osm":"way/48101518"},"geometry":{"type":"LineString","coordinates":[[-58.507946,-34.656105],[-58.507857,-34.656215],[-58.50764,-34.65639],[-58.507565,-34.656453],[-58.507448,-34.656548],[-58.507339,-34.65664],[-58.507007,-34.65692]]}},{"type":"Feature","properties":{"name":"Avenida Juan Bautista Alberdi","ref":null,"osm":"way/48101519"},"geometry":{"type":"LineString","coordinates":[[-58.507946,-34.656105],[-58.508062,-34.656192],[-58.508145,-34.656255],[-58.508751,-34.656713],[-58.509109,-34.656963],[-58.509233,-34.657041],[-58.509623,-34.657295]]}},{"type":"Feature","properties":{"name":"Avenida Córdoba","ref":null,"osm":"way/48113504"},"geometry":{"type":"LineString","coordinates":[[-58.442434,-34.586102],[-58.443175,-34.585605],[-58.443483,-34.585399],[-58.444106,-34.58498],[-58.444271,-34.584869],[-58.444423,-34.584767],[-58.444504,-34.584711]]}},{"type":"Feature","properties":{"name":"Avenida Álvarez Thomas","ref":null,"osm":"way/48114503"},"geometry":{"type":"LineString","coordinates":[[-58.449319,-34.581124],[-58.449983,-34.580863]]}},{"type":"Feature","properties":{"name":"Autopista Presidente Arturo Frondizi","ref":"AV1-Sur","osm":"way/48286472"},"geometry":{"type":"LineString","coordinates":[[-58.377371,-34.636445],[-58.377325,-34.636612],[-58.377279,-34.636778],[-58.377234,-34.636973],[-58.377142,-34.637436],[-58.376997,-34.638178],[-58.376788,-34.639262]]}},{"type":"Feature","properties":{"name":"Autopista 25 de Mayo","ref":"AU1","osm":"way/48393703"},"geometry":{"type":"LineString","coordinates":[[-58.383045,-34.622802],[-58.38367,-34.622798],[-58.384039,-34.622798],[-58.384458,-34.622812],[-58.384868,-34.62283],[-58.38525,-34.622849],[-58.385585,-34.622871],[-58.385906,-34.622898],[-58.386265,-34.622929]]}},{"type":"Feature","properties":{"name":"Autopista 25 de Mayo","ref":"AU1","osm":"way/48393713"},"geometry":{"type":"LineString","coordinates":[[-58.462411,-34.645264],[-58.462031,-34.644079],[-58.461833,-34.643617],[-58.461681,-34.643299],[-58.461561,-34.643099],[-58.461411,-34.642887],[-58.461258,-34.642676],[-58.461026,-34.64242],[-58.460623,-34.642013]]}},{"type":"Feature","properties":{"name":"Autopista 25 de Mayo","ref":"AU1","osm":"way/48393714"},"geometry":{"type":"LineString","coordinates":[[-58.383486,-34.622992],[-58.380806,-34.622985],[-58.379808,-34.622962],[-58.378757,-34.622941],[-58.378393,-34.622941],[-58.378154,-34.622945],[-58.377771,-34.622954]]}},{"type":"Feature","properties":{"name":"Avenida Amancio Alcorta","ref":null,"osm":"way/48397518"},"geometry":{"type":"LineString","coordinates":[[-58.402074,-34.646179],[-58.402311,-34.646483],[-58.402622,-34.646883],[-58.402696,-34.646978],[-58.402816,-34.647134]]}},{"type":"Feature","properties":{"name":"Avenida Amancio Alcorta","ref":null,"osm":"way/48447095"},"geometry":{"type":"LineString","coordinates":[[-58.403962,-34.648633],[-58.404372,-34.649166],[-58.404576,-34.64942],[-58.404601,-34.649452]]}},{"type":"Feature","properties":{"name":"Avenida Piedra Buena","ref":null,"osm":"way/48664012"},"geometry":{"type":"LineString","coordinates":[[-58.48764,-34.678045],[-58.486819,-34.678735]]}},{"type":"Feature","properties":{"name":"Avenida Piedra Buena","ref":null,"osm":"way/48664013"},"geometry":{"type":"LineString","coordinates":[[-58.48338,-34.681715],[-58.483269,-34.681812],[-58.483236,-34.681842],[-58.4831,-34.681952]]}},{"type":"Feature","properties":{"name":"Avenida Teniente General Luis Dellepiane","ref":null,"osm":"way/48664015"},"geometry":{"type":"LineString","coordinates":[[-58.478333,-34.674964],[-58.478452,-34.675242],[-58.478742,-34.67583],[-58.478941,-34.676182]]}},{"type":"Feature","properties":{"name":"Avenida Teniente General Luis Dellepiane","ref":null,"osm":"way/48664018"},"geometry":{"type":"LineString","coordinates":[[-58.478941,-34.676182],[-58.479185,-34.676619],[-58.479504,-34.677328]]}},{"type":"Feature","properties":{"name":"Avenida Juan Bautista Justo","ref":null,"osm":"way/48743317"},"geometry":{"type":"LineString","coordinates":[[-58.50085,-34.632194],[-58.500725,-34.632136],[-58.500078,-34.631861],[-58.500008,-34.631832],[-58.499935,-34.631807]]}},{"type":"Feature","properties":{"name":"Avenida Juan Bautista Justo","ref":null,"osm":"way/48743363"},"geometry":{"type":"LineString","coordinates":[[-58.491869,-34.627623],[-58.491792,-34.62757],[-58.49113,-34.627122],[-58.491108,-34.627106],[-58.491018,-34.62705]]}},{"type":"Feature","properties":{"name":"Avenida Triunvirato","ref":null,"osm":"way/48786660"},"geometry":{"type":"LineString","coordinates":[[-58.49216,-34.569408],[-58.491473,-34.570288],[-58.49139,-34.570401]]}},{"type":"Feature","properties":{"name":"Avenida Juan Bautista Justo","ref":null,"osm":"way/48800992"},"geometry":{"type":"LineString","coordinates":[[-58.528218,-34.634824],[-58.528137,-34.634818],[-58.52765,-34.634775],[-58.527166,-34.634738],[-58.527095,-34.634731],[-58.527033,-34.634718],[-58.526924,-34.63467]]}},{"type":"Feature","properties":{"name":"Avenida Juan Bautista Justo","ref":null,"osm":"way/48800994"},"geometry":{"type":"LineString","coordinates":[[-58.491018,-34.62705],[-58.490937,-34.627001],[-58.489687,-34.626544]]}},{"type":"Feature","properties":{"name":"Autopista Teniente General Luis Dellepiane","ref":null,"osm":"way/51574158"},"geometry":{"type":"LineString","coordinates":[[-58.464394,-34.648038],[-58.464532,-34.648196]]}},{"type":"Feature","properties":{"name":"Autopista Teniente General Luis Dellepiane","ref":null,"osm":"way/51574159"},"geometry":{"type":"LineString","coordinates":[[-58.464014,-34.648262],[-58.463675,-34.647783]]}},{"type":"Feature","properties":{"name":"Autopista Teniente General Luis Dellepiane","ref":null,"osm":"way/51574161"},"geometry":{"type":"LineString","coordinates":[[-58.464199,-34.648446],[-58.464014,-34.648262]]}},{"type":"Feature","properties":{"name":null,"ref":null,"osm":"way/51574162"},"geometry":{"type":"LineString","coordinates":[[-58.464012,-34.64856],[-58.463875,-34.64841]]}},{"type":"Feature","properties":{"name":null,"ref":null,"osm":"way/51574163"},"geometry":{"type":"LineString","coordinates":[[-58.463875,-34.64841],[-58.463662,-34.648113],[-58.46348,-34.647809],[-58.463296,-34.64743],[-58.462848,-34.646435]]}},{"type":"Feature","properties":{"name":"Autopista Teniente General Luis Dellepiane","ref":null,"osm":"way/51574164"},"geometry":{"type":"LineString","coordinates":[[-58.466065,-34.649992],[-58.466858,-34.650992],[-58.466955,-34.651139]]}},{"type":"Feature","properties":{"name":"Autopista Teniente General Luis Dellepiane","ref":null,"osm":"way/51574165"},"geometry":{"type":"LineString","coordinates":[[-58.465604,-34.649968],[-58.465597,-34.649959]]}},{"type":"Feature","properties":{"name":null,"ref":null,"osm":"way/51574166"},"geometry":{"type":"LineString","coordinates":[[-58.464778,-34.647984],[-58.465174,-34.648395],[-58.4654,-34.648587],[-58.465808,-34.648882],[-58.466104,-34.649053],[-58.466435,-34.6492],[-58.466725,-34.649293],[-58.467056,-34.649351]]}},{"type":"Feature","properties":{"name":null,"ref":null,"osm":"way/51574167"},"geometry":{"type":"LineString","coordinates":[[-58.464636,-34.647832],[-58.464778,-34.647984]]}},{"type":"Feature","properties":{"name":"Autopista Teniente General Luis Dellepiane","ref":null,"osm":"way/51574168"},"geometry":{"type":"LineString","coordinates":[[-58.464532,-34.648196],[-58.465204,-34.649004]]}},{"type":"Feature","properties":{"name":null,"ref":null,"osm":"way/51574169"},"geometry":{"type":"LineString","coordinates":[[-58.465614,-34.649368],[-58.465177,-34.649236],[-58.464739,-34.649076]]}},{"type":"Feature","properties":{"name":null,"ref":null,"osm":"way/51574170"},"geometry":{"type":"LineString","coordinates":[[-58.464739,-34.649076],[-58.464386,-34.648871]]}},{"type":"Feature","properties":{"name":"Autopista Teniente General Luis Dellepiane","ref":null,"osm":"way/51574171"},"geometry":{"type":"LineString","coordinates":[[-58.465674,-34.649569],[-58.465833,-34.649736]]}},{"type":"Feature","properties":{"name":"Autopista Teniente General Luis Dellepiane","ref":null,"osm":"way/51574172"},"geometry":{"type":"LineString","coordinates":[[-58.464829,-34.64896],[-58.464524,-34.648743],[-58.464355,-34.648601],[-58.464199,-34.648446]]}},{"type":"Feature","properties":{"name":null,"ref":null,"osm":"way/51574173"},"geometry":{"type":"LineString","coordinates":[[-58.467531,-34.650634],[-58.46758,-34.650858],[-58.467611,-34.651012],[-58.467596,-34.651162],[-58.467564,-34.651284],[-58.467495,-34.651438],[-58.467428,-34.651524],[-58.467341,-34.651606],[-58.467253,-34.651675],[-58.467169,-34.651724],[-58.46708,-34.651761],[-58.466953,-34.651812],[-58.466798,-34.651886],[-58.466574,-34.652013],[-58.466083,-34.652362]]}},{"type":"Feature","properties":{"name":"Autopista Perito Moreno","ref":"AU6","osm":"way/51574174"},"geometry":{"type":"LineString","coordinates":[[-58.478978,-34.647543],[-58.479933,-34.647492],[-58.480315,-34.647458],[-58.48048,-34.647427],[-58.480827,-34.647322],[-58.481622,-34.647066]]}},{"type":"Feature","properties":{"name":"Autopista Perito Moreno","ref":"AU6","osm":"way/51574175"},"geometry":{"type":"LineString","coordinates":[[-58.46925,-34.649356],[-58.469992,-34.64935]]}},{"type":"Feature","properties":{"name":null,"ref":null,"osm":"way/51574176"},"geometry":{"type":"LineString","coordinates":[[-58.469205,-34.649233],[-58.470053,-34.649253]]}},{"type":"Feature","properties":{"name":null,"ref":null,"osm":"way/51574177"},"geometry":{"type":"LineString","coordinates":[[-58.470053,-34.649253],[-58.47077,-34.649256],[-58.471146,-34.649266]]}},{"type":"Feature","properties":{"name":null,"ref":null,"osm":"way/51574178"},"geometry":{"type":"LineString","coordinates":[[-58.466617,-34.649675],[-58.46701,-34.649638],[-58.467446,-34.649542],[-58.468378,-34.649309],[-58.46875,-34.649254]]}},{"type":"Feature","properties":{"name":null,"ref":null,"osm":"way/51574180"},"geometry":{"type":"LineString","coordinates":[[-58.469148,-34.64967],[-58.468899,-34.6497]]}},{"type":"Feature","properties":{"name":null,"ref":null,"osm":"way/51574181"},"geometry":{"type":"LineString","coordinates":[[-58.469986,-34.649594],[-58.469148,-34.64967]]}},{"type":"Feature","properties":{"name":"Autopista Perito Moreno","ref":"AU6","osm":"way/51574182"},"geometry":{"type":"LineString","coordinates":[[-58.469259,-34.649523],[-58.466832,-34.64951]]}},{"type":"Feature","properties":{"name":"Autopista Perito Moreno","ref":"AU6","osm":"way/51574183"},"geometry":{"type":"LineString","coordinates":[[-58.469976,-34.64949],[-58.469259,-34.649523]]}},{"type":"Feature","properties":{"name":"Autopista 25 de Mayo","ref":"AU1","osm":"way/51574886"},"geometry":{"type":"LineString","coordinates":[[-58.462999,-34.646056],[-58.463118,-34.646284]]}},{"type":"Feature","properties":{"name":"Autopista 25 de Mayo","ref":"AU1","osm":"way/51574887"},"geometry":{"type":"LineString","coordinates":[[-58.462963,-34.646358],[-58.462859,-34.646136]]}},{"type":"Feature","properties":{"name":null,"ref":null,"osm":"way/51574889"},"geometry":{"type":"LineString","coordinates":[[-58.462848,-34.646435],[-58.462747,-34.646199]]}},{"type":"Feature","properties":{"name":null,"ref":null,"osm":"way/51574890"},"geometry":{"type":"LineString","coordinates":[[-58.462747,-34.646199],[-58.462537,-34.645706],[-58.462426,-34.645311]]}},{"type":"Feature","properties":{"name":null,"ref":null,"osm":"way/51574891"},"geometry":{"type":"LineString","coordinates":[[-58.463102,-34.645982],[-58.463251,-34.646205]]}},{"type":"Feature","properties":{"name":null,"ref":null,"osm":"way/51574892"},"geometry":{"type":"LineString","coordinates":[[-58.463251,-34.646205],[-58.463322,-34.646304],[-58.463506,-34.646562],[-58.463782,-34.646898],[-58.46403,-34.647175],[-58.464186,-34.647347],[-58.464271,-34.647443],[-58.46448,-34.647673],[-58.464636,-34.647832]]}},{"type":"Feature","properties":{"name":"Autopista 25 de Mayo","ref":"AU1","osm":"way/51574893"},"geometry":{"type":"LineString","coordinates":[[-58.463118,-34.646284],[-58.463216,-34.646457],[-58.463996,-34.647493]]}},{"type":"Feature","properties":{"name":"Avenida Costanera Rafael Obligado","ref":null,"osm":"way/52520570"},"geometry":{"type":"LineString","coordinates":[[-58.39383,-34.572341],[-58.394076,-34.572365],[-58.394593,-34.5724],[-58.394825,-34.572414]]}},{"type":"Feature","properties":{"name":"Avenida Don Pedro de Mendoza","ref":null,"osm":"way/52860435"},"geometry":{"type":"LineString","coordinates":[[-58.358076,-34.642559],[-58.357933,-34.643078],[-58.357903,-34.643176],[-58.357776,-34.643515],[-58.357658,-34.643918],[-58.357651,-34.643948],[-58.357646,-34.643992],[-58.357645,-34.644035],[-58.357647,-34.644076],[-58.357653,-34.644121],[-58.357688,-34.644247],[-58.357806,-34.644634],[-58.357817,-34.644667],[-58.357866,-34.644763],[-58.35789,-34.644796],[-58.357913,-34.644821],[-58.357948,-34.644847],[-58.357988,-34.64487],[-58.358036,-34.644889],[-58.358076,-34.644901],[-58.358142,-34.64492],[-58.358474,-34.645007],[-58.358532,-34.645026],[-58.358569,-34.64504],[-58.358613,-34.645059],[-58.359889,-34.645725],[-58.359967,-34.64577],[-58.36003,-34.645807],[-58.360081,-34.645841],[-58.360126,-34.645875],[-58.360779,-34.646384],[-58.361117,-34.646659],[-58.361164,-34.646701],[-58.361196,-34.646732],[-58.361223,-34.646759],[-58.361268,-34.646806],[-58.361812,-34.647407],[-58.361867,-34.647468],[-58.361892,-34.647496],[-58.361939,-34.647554],[-58.361958,-34.64758],[-58.362047,-34.647688],[-58.362086,-34.64774],[-58.362136,-34.647788],[-58.362178,-34.647825],[-58.362216,-34.647854],[-58.362265,-34.647886],[-58.362315,-34.647914],[-58.362387,-34.64795],[-58.362454,-34.647976],[-58.362504,-34.647991],[-58.362565,-34.648005],[-58.362626,-34.648016],[-58.362691,-34.64802],[-58.362771,-34.648019],[-58.362832,-34.648012],[-58.362912,-34.648001],[-58.363458,-34.647927],[-58.363588,-34.647903],[-58.363658,-34.647893],[-58.363716,-34.647887],[-58.363756,-34.647886],[-58.363808,-34.64789],[-58.36386,-34.647897],[-58.363946,-34.647921],[-58.364063,-34.647958],[-58.364182,-34.64799],[-58.364262,-34.64801],[-58.36431,-34.64802],[-58.364366,-34.648026],[-58.364444,-34.648033],[-58.364492,-34.64804],[-58.364534,-34.64805],[-58.364573,-34.648063],[-58.364629,-34.648088],[-58.364668,-34.648112],[-58.364708,-34.648142],[-58.364905,-34.6483],[-58.364986,-34.648378],[-58.365218,-34.648605],[-58.365291,-34.64867],[-58.365354,-34.648722],[-58.365414,-34.648764],[-58.365482,-34.648809],[-58.365579,-34.648867],[-58.366006,-34.649111],[-58.366158,-34.649193],[-58.366292,-34.649262],[-58.367667,-34.649939]]}},{"type":"Feature","properties":{"name":"Avenida Don Pedro de Mendoza","ref":null,"osm":"way/52860440"},"geometry":{"type":"LineString","coordinates":[[-58.374068,-34.656419],[-58.373986,-34.656341],[-58.373896,-34.656252]]}},{"type":"Feature","properties":{"name":"Autopista Arturo Illia","ref":"AV1-N","osm":"way/53198236"},"geometry":{"type":"LineString","coordinates":[[-58.409437,-34.566434],[-58.407851,-34.567401],[-58.407412,-34.567657],[-58.406957,-34.567913],[-58.406226,-34.568318],[-58.405507,-34.568734],[-58.404714,-34.569225],[-58.404326,-34.569478],[-58.403945,-34.569731],[-58.403135,-34.570263],[-58.402677,-34.570546],[-58.402017,-34.570942],[-58.400929,-34.571537],[-58.400327,-34.571854]]}},{"type":"Feature","properties":{"name":"Avenida Presidente Sarmiento","ref":null,"osm":"way/53204961"},"geometry":{"type":"LineString","coordinates":[[-58.408005,-34.567416],[-58.4081,-34.567526]]}},{"type":"Feature","properties":{"name":"Autopista Arturo Illia","ref":"AV1-N","osm":"way/53206664"},"geometry":{"type":"LineString","coordinates":[[-58.407836,-34.566919],[-58.408578,-34.566434],[-58.409118,-34.566121],[-58.410052,-34.565641],[-58.411017,-34.565165],[-58.4137,-34.56383],[-58.414308,-34.563526],[-58.415013,-34.563122],[-58.415541,-34.562784],[-58.416389,-34.562196],[-58.416617,-34.562024],[-58.416774,-34.5619],[-58.417158,-34.561578],[-58.418502,-34.560298],[-58.418816,-34.560022],[-58.4191,-34.559788],[-58.419355,-34.559597],[-58.419857,-34.559251],[-58.422192,-34.557672],[-58.424061,-34.556411],[-58.424396,-34.556184],[-58.425073,-34.555728],[-58.426225,-34.554949],[-58.426774,-34.554582],[-58.427391,-34.554199],[-58.42835,-34.553651],[-58.43155,-34.55186],[-58.432096,-34.551542],[-58.433263,-34.550849],[-58.433678,-34.550602]]}},{"type":"Feature","properties":{"name":"Autopista Arturo Illia","ref":"AV1-N","osm":"way/53206699"},"geometry":{"type":"LineString","coordinates":[[-58.39544,-34.574173],[-58.395732,-34.574045],[-58.396236,-34.573804],[-58.396675,-34.573574],[-58.39721,-34.573292],[-58.397736,-34.57301]]}},{"type":"Feature","properties":{"name":"Avenida General Paz","ref":null,"osm":"way/53208958"},"geometry":{"type":"LineString","coordinates":[[-58.461948,-34.53466],[-58.462199,-34.534484],[-58.462417,-34.53441],[-58.462697,-34.534325],[-58.462942,-34.534276],[-58.463308,-34.534235],[-58.463478,-34.534224],[-58.463625,-34.534225],[-58.463817,-34.53423],[-58.464022,-34.534237]]}},{"type":"Feature","properties":{"name":"Avenida Intendente Cantilo","ref":"AV1-N","osm":"way/53208977"},"geometry":{"type":"LineString","coordinates":[[-58.461543,-34.534872],[-58.461783,-34.534738],[-58.461948,-34.53466]]}},{"type":"Feature","properties":{"name":"Avenida General Paz","ref":null,"osm":"way/53226819"},"geometry":{"type":"LineString","coordinates":[[-58.465512,-34.53485],[-58.465375,-34.534816],[-58.46511,-34.534737],[-58.464729,-34.534641],[-58.464154,-34.53463]]}},{"type":"Feature","properties":{"name":"Avenida General Paz","ref":null,"osm":"way/53226831"},"geometry":{"type":"LineString","coordinates":[[-58.468539,-34.536019],[-58.468322,-34.535911]]}},{"type":"Feature","properties":{"name":"Avenida General Paz","ref":null,"osm":"way/53245788"},"geometry":{"type":"LineString","coordinates":[[-58.476209,-34.539574],[-58.475574,-34.539297],[-58.474934,-34.539013]]}},{"type":"Feature","properties":{"name":"Avenida General Paz","ref":null,"osm":"way/53245792"},"geometry":{"type":"LineString","coordinates":[[-58.474934,-34.539013],[-58.474345,-34.538767],[-58.473472,-34.538341],[-58.473116,-34.538152],[-58.472882,-34.538024],[-58.472589,-34.537844],[-58.472413,-34.537743],[-58.472213,-34.537634],[-58.471855,-34.537453],[-58.471218,-34.537174],[-58.470747,-34.536974],[-58.470114,-34.536701]]}},{"type":"Feature","properties":{"name":"Avenida General Paz","ref":null,"osm":"way/53245818"},"geometry":{"type":"LineString","coordinates":[[-58.475466,-34.538192],[-58.476086,-34.538459],[-58.476728,-34.538749]]}},{"type":"Feature","properties":{"name":null,"ref":null,"osm":"way/53246837"},"geometry":{"type":"LineString","coordinates":[[-58.492202,-34.546041],[-58.492356,-34.54612]]}},{"type":"Feature","properties":{"name":null,"ref":null,"osm":"way/53246839"},"geometry":{"type":"LineString","coordinates":[[-58.493181,-34.546173],[-58.493367,-34.546147],[-58.493554,-34.546097],[-58.493769,-34.546021],[-58.49395,-34.545935],[-58.494134,-34.545826],[-58.4943,-34.545707],[-58.494477,-34.545562],[-58.494638,-34.545399],[-58.494754,-34.545264],[-58.494849,-34.545149],[-58.49493,-34.54504],[-58.495172,-34.544749],[-58.495292,-34.544578]]}},{"type":"Feature","properties":{"name":null,"ref":null,"osm":"way/53246846"},"geometry":{"type":"LineString","coordinates":[[-58.492294,-34.546871],[-58.492383,-34.546669],[-58.492526,-34.546466],[-58.492653,-34.546317],[-58.492802,-34.546182],[-58.493151,-34.545872]]}},{"type":"Feature","properties":{"name":null,"ref":null,"osm":"way/53246850"},"geometry":{"type":"LineString","coordinates":[[-58.489641,-34.544796],[-58.490185,-34.545147]]}},{"type":"Feature","properties":{"name":null,"ref":null,"osm":"way/53246851"},"geometry":{"type":"LineString","coordinates":[[-58.490185,-34.545147],[-58.490284,-34.545213],[-58.490391,-34.545273],[-58.490528,-34.54534],[-58.490673,-34.545407],[-58.491081,-34.545579],[-58.491637,-34.545814],[-58.491979,-34.545957],[-58.492202,-34.546041]]}},{"type":"Feature","properties":{"name":"Holmberg","ref":null,"osm":"way/53246955"},"geometry":{"type":"LineString","coordinates":[[-58.49208,-34.548441],[-58.492112,-34.548309],[-58.49213,-34.548211],[-58.492154,-34.547999],[-58.492169,-34.547661]]}},{"type":"Feature","properties":{"name":null,"ref":null,"osm":"way/53247141"},"geometry":{"type":"LineString","coordinates":[[-58.492413,-34.547451],[-58.492165,-34.547222]]}},{"type":"Feature","properties":{"name":"Avenida General Paz","ref":null,"osm":"way/53247142"},"geometry":{"type":"LineString","coordinates":[[-58.49164,-34.546794],[-58.491544,-34.546741],[-58.491296,-34.546615],[-58.491142,-34.546544],[-58.490916,-34.546451]]}},{"type":"Feature","properties":{"name":"Avenida Juan Bautista Justo","ref":null,"osm":"way/59422577"},"geometry":{"type":"LineString","coordinates":[[-58.458382,-34.604503],[-58.458231,-34.604397],[-58.457411,-34.603832]]}},{"type":"Feature","properties":{"name":"Avenida Elvira Rawson de Dellepiane","ref":null,"osm":"way/60794134"},"geometry":{"type":"LineString","coordinates":[[-58.362001,-34.623749],[-58.361712,-34.623457]]}},{"type":"Feature","properties":{"name":"Avenida Nazca","ref":null,"osm":"way/61133170"},"geometry":{"type":"LineString","coordinates":[[-58.492944,-34.596991],[-58.493007,-34.596898],[-58.493031,-34.596864],[-58.493128,-34.596719],[-58.493967,-34.595471],[-58.494097,-34.595278],[-58.494161,-34.595179],[-58.494184,-34.595145],[-58.494276,-34.595014]]}},{"type":"Feature","properties":{"name":"Avenida Triunvirato","ref":null,"osm":"way/62231780"},"geometry":{"type":"LineString","coordinates":[[-58.484301,-34.575584],[-58.484173,-34.575666],[-58.483971,-34.575797],[-58.483857,-34.57587],[-58.482726,-34.576599]]}},{"type":"Feature","properties":{"name":"Autopista Arturo Illia","ref":"AV1-N","osm":"way/62373505"},"geometry":{"type":"LineString","coordinates":[[-58.407536,-34.567119],[-58.40755,-34.56711]]}},{"type":"Feature","properties":{"name":"Avenida General Paz","ref":null,"osm":"way/62897994"},"geometry":{"type":"LineString","coordinates":[[-58.465739,-34.534533],[-58.466283,-34.534642],[-58.466627,-34.534689],[-58.466838,-34.534712],[-58.467075,-34.534751],[-58.46721,-34.534779],[-58.467334,-34.534802],[-58.467419,-34.534829],[-58.467514,-34.534866],[-58.467649,-34.534931],[-58.46779,-34.53504]]}},{"type":"Feature","properties":{"name":"Avenida Nazca","ref":null,"osm":"way/63048742"},"geometry":{"type":"LineString","coordinates":[[-58.492042,-34.598348],[-58.49254,-34.597605],[-58.492687,-34.597376]]}},{"type":"Feature","properties":{"name":null,"ref":null,"osm":"way/64142495"},"geometry":{"type":"LineString","coordinates":[[-58.487238,-34.543595],[-58.487603,-34.543793],[-58.488358,-34.54412],[-58.48896,-34.544405],[-58.48934,-34.544604]]}},{"type":"Feature","properties":{"name":"Avenida Intendente Bullrich","ref":null,"osm":"way/65754357"},"geometry":{"type":"LineString","coordinates":[[-58.423562,-34.571806],[-58.423659,-34.571985],[-58.423679,-34.572024],[-58.423899,-34.572446],[-58.424118,-34.572871],[-58.424415,-34.573446],[-58.424924,-34.574434],[-58.424989,-34.574541]]}},{"type":"Feature","properties":{"name":"Avenida Dorrego","ref":null,"osm":"way/65754360"},"geometry":{"type":"LineString","coordinates":[[-58.423194,-34.570048],[-58.423396,-34.570163],[-58.423488,-34.570224],[-58.423641,-34.57034],[-58.423698,-34.57039]]}},{"type":"Feature","properties":{"name":"Avenida Presidente Sarmiento","ref":null,"osm":"way/65754366"},"geometry":{"type":"LineString","coordinates":[[-58.402391,-34.567898],[-58.402973,-34.567815],[-58.403432,-34.567732],[-58.403796,-34.567642],[-58.404168,-34.567527],[-58.404474,-34.567425],[-58.4047,-34.567346],[-58.404805,-34.567297],[-58.40492,-34.567242],[-58.405028,-34.567192],[-58.405125,-34.567144],[-58.405168,-34.567122],[-58.405242,-34.567084],[-58.405367,-34.56702],[-58.405398,-34.567004],[-58.40556,-34.566922],[-58.405718,-34.566842],[-58.405806,-34.566794],[-58.406058,-34.566683]]}},{"type":"Feature","properties":{"name":"Avenida Juan Bautista Justo","ref":null,"osm":"way/66403560"},"geometry":{"type":"LineString","coordinates":[[-58.426648,-34.578271],[-58.426637,-34.578213],[-58.426638,-34.578158]]}},{"type":"Feature","properties":{"name":"Avenida Intendente Bullrich","ref":null,"osm":"way/66403578"},"geometry":{"type":"LineString","coordinates":[[-58.424989,-34.574541],[-58.425058,-34.574675],[-58.425147,-34.574844],[-58.425225,-34.574989],[-58.425276,-34.575083],[-58.425302,-34.575132],[-58.425364,-34.575247],[-58.426345,-34.577127],[-58.42637,-34.577176],[-58.426463,-34.57737],[-58.426565,-34.57762],[-58.426599,-34.577692],[-58.426616,-34.577742]]}},{"type":"Feature","properties":{"name":"Avenida Nazca","ref":null,"osm":"way/66707006"},"geometry":{"type":"LineString","coordinates":[[-58.471588,-34.626363],[-58.471654,-34.626214],[-58.471721,-34.626064],[-58.472126,-34.625155]]}},{"type":"Feature","properties":{"name":"Avenida San Pedrito","ref":null,"osm":"way/66770963"},"geometry":{"type":"LineString","coordinates":[[-58.467493,-34.635506],[-58.46755,-34.635376],[-58.4676,-34.635261],[-58.467964,-34.634444]]}},{"type":"Feature","properties":{"name":"Avenida San Pedrito","ref":null,"osm":"way/68302356"},"geometry":{"type":"LineString","coordinates":[[-58.466993,-34.636654],[-58.467316,-34.635911],[-58.467409,-34.635698],[-58.467444,-34.635619],[-58.467493,-34.635506]]}},{"type":"Feature","properties":{"name":"Avenida Juan Bautista Justo","ref":null,"osm":"way/68586702"},"geometry":{"type":"LineString","coordinates":[[-58.451949,-34.600135],[-58.451857,-34.600071],[-58.451155,-34.599589],[-58.450957,-34.599455],[-58.450905,-34.599421],[-58.450806,-34.599355]]}},{"type":"Feature","properties":{"name":"Avenida Doctor Ricardo Balbín","ref":null,"osm":"way/69826229"},"geometry":{"type":"LineString","coordinates":[[-58.488742,-34.554965],[-58.48887,-34.554968],[-58.489432,-34.554994],[-58.489565,-34.555],[-58.489991,-34.55502]]}},{"type":"Feature","properties":{"name":"Brandsen","ref":null,"osm":"way/71166911"},"geometry":{"type":"LineString","coordinates":[[-58.378954,-34.638296],[-58.380375,-34.638456],[-58.380606,-34.638473],[-58.380683,-34.638476],[-58.380766,-34.638476],[-58.381278,-34.638436],[-58.38136,-34.638431]]}},{"type":"Feature","properties":{"name":"Avenida General Francisco Fernández de La Cruz","ref":null,"osm":"way/72493183"},"geometry":{"type":"LineString","coordinates":[[-58.442911,-34.659598],[-58.443497,-34.660046],[-58.443603,-34.660134]]}},{"type":"Feature","properties":{"name":"Avenida del Barco Centenera","ref":null,"osm":"way/72493578"},"geometry":{"type":"LineString","coordinates":[[-58.420605,-34.653539],[-58.419717,-34.654152],[-58.419388,-34.654382],[-58.419009,-34.654657]]}},{"type":"Feature","properties":{"name":"Avenida del Barco Centenera","ref":null,"osm":"way/72493580"},"geometry":{"type":"LineString","coordinates":[[-58.423511,-34.651403],[-58.423472,-34.651432],[-58.423335,-34.651532],[-58.423101,-34.651703]]}},{"type":"Feature","properties":{"name":"Avenida San Martín","ref":null,"osm":"way/74327200"},"geometry":{"type":"LineString","coordinates":[[-58.482994,-34.597798],[-58.483085,-34.597758],[-58.483179,-34.597725],[-58.483277,-34.597699]]}},{"type":"Feature","properties":{"name":"Avenida San Martín","ref":null,"osm":"way/74327201"},"geometry":{"type":"LineString","coordinates":[[-58.480157,-34.599012],[-58.480521,-34.598852],[-58.480557,-34.598837],[-58.480752,-34.598752]]}},{"type":"Feature","properties":{"name":"Avenida San Martín","ref":null,"osm":"way/74327204"},"geometry":{"type":"LineString","coordinates":[[-58.482272,-34.598098],[-58.482862,-34.59785],[-58.482994,-34.597798]]}},{"type":"Feature","properties":{"name":"Avenida Nazca","ref":null,"osm":"way/74327209"},"geometry":{"type":"LineString","coordinates":[[-58.492756,-34.597268],[-58.492792,-34.597214],[-58.492808,-34.59719],[-58.492852,-34.597127]]}},{"type":"Feature","properties":{"name":"Avenida Juan Bautista Justo","ref":null,"osm":"way/75104847"},"geometry":{"type":"LineString","coordinates":[[-58.435741,-34.586014],[-58.435838,-34.586085],[-58.436727,-34.586723]]}},{"type":"Feature","properties":{"name":"Avenida General Paz","ref":null,"osm":"way/75873151"},"geometry":{"type":"LineString","coordinates":[[-58.46779,-34.53504],[-58.46787,-34.535098],[-58.468014,-34.535211],[-58.468144,-34.535321],[-58.468432,-34.535534]]}},{"type":"Feature","properties":{"name":"Avenida General Paz","ref":null,"osm":"way/75881402"},"geometry":{"type":"LineString","coordinates":[[-58.468265,-34.535891],[-58.468089,-34.535869],[-58.467946,-34.535852],[-58.467793,-34.535848],[-58.46757,-34.535844],[-58.467399,-34.535841],[-58.467266,-34.53583],[-58.467172,-34.535814],[-58.467049,-34.53578],[-58.466908,-34.535729],[-58.466776,-34.535668],[-58.466656,-34.5356],[-58.466548,-34.535519]]}},{"type":"Feature","properties":{"name":null,"ref":null,"osm":"way/77190897"},"geometry":{"type":"LineString","coordinates":[[-58.493285,-34.54841],[-58.493152,-34.548476],[-58.493047,-34.548557],[-58.492893,-34.548758]]}},{"type":"Feature","properties":{"name":null,"ref":null,"osm":"way/79935192"},"geometry":{"type":"LineString","coordinates":[[-58.400386,-34.568884],[-58.400324,-34.568767],[-58.400314,-34.568717],[-58.400296,-34.56864],[-58.400311,-34.568606],[-58.400378,-34.568457],[-58.40049,-34.568311],[-58.400769,-34.56807]]}},{"type":"Feature","properties":{"name":"Avenida Doctor Ricardo Balbín","ref":null,"osm":"way/81207021"},"geometry":{"type":"LineString","coordinates":[[-58.499986,-34.550501],[-58.500284,-34.550241]]}},{"type":"Feature","properties":{"name":"Avenida Doctor Ricardo Balbín","ref":null,"osm":"way/81207022"},"geometry":{"type":"LineString","coordinates":[[-58.499653,-34.550758],[-58.499753,-34.550681],[-58.499986,-34.550501]]}},{"type":"Feature","properties":{"name":"Avenida Doctor Ricardo Balbín","ref":null,"osm":"way/81207027"},"geometry":{"type":"LineString","coordinates":[[-58.500778,-34.549772],[-58.500761,-34.549791],[-58.500747,-34.549812],[-58.500737,-34.549831],[-58.500726,-34.549853],[-58.500692,-34.54992],[-58.500657,-34.549991],[-58.500614,-34.550074],[-58.500585,-34.55012],[-58.500542,-34.550175],[-58.500436,-34.550278],[-58.500379,-34.550327]]}},{"type":"Feature","properties":{"name":null,"ref":null,"osm":"way/81722394"},"geometry":{"type":"LineString","coordinates":[[-58.462495,-34.705261],[-58.462445,-34.705276],[-58.462392,-34.705283],[-58.462338,-34.705284],[-58.462287,-34.705277]]}},{"type":"Feature","properties":{"name":"Avenida General Paz","ref":null,"osm":"way/81722396"},"geometry":{"type":"LineString","coordinates":[[-58.464148,-34.702316],[-58.466082,-34.700892],[-58.466121,-34.700862],[-58.46646,-34.700602]]}},{"type":"Feature","properties":{"name":"Avenida General Paz","ref":null,"osm":"way/81722400"},"geometry":{"type":"LineString","coordinates":[[-58.460743,-34.703847],[-58.460833,-34.703865],[-58.460893,-34.703871],[-58.460968,-34.703868],[-58.461038,-34.703849],[-58.461139,-34.703799]]}},{"type":"Feature","properties":{"name":"Avenida 27 de Febrero","ref":null,"osm":"way/81722411"},"geometry":{"type":"LineString","coordinates":[[-58.460743,-34.703847],[-58.460803,-34.703894],[-58.460854,-34.703927],[-58.460924,-34.703961],[-58.461065,-34.704017]]}},{"type":"Feature","properties":{"name":null,"ref":null,"osm":"way/81722442"},"geometry":{"type":"LineString","coordinates":[[-58.462526,-34.705124],[-58.462595,-34.705113],[-58.462643,-34.705092],[-58.463734,-34.704392],[-58.463776,-34.704351],[-58.463797,-34.704302],[-58.463796,-34.704249],[-58.463779,-34.704202],[-58.463751,-34.704161],[-58.463706,-34.704127],[-58.463645,-34.704114],[-58.463586,-34.704114],[-58.463531,-34.704123],[-58.463458,-34.704142],[-58.463389,-34.704162]]}},{"type":"Feature","properties":{"name":null,"ref":null,"osm":"way/81722451"},"geometry":{"type":"LineString","coordinates":[[-58.462287,-34.705277],[-58.462233,-34.705251],[-58.462186,-34.705219],[-58.462146,-34.705181]]}},{"type":"Feature","properties":{"name":"Avenida 27 de Febrero","ref":null,"osm":"way/81722476"},"geometry":{"type":"LineString","coordinates":[[-58.461065,-34.704017],[-58.461348,-34.704142],[-58.461445,-34.704187]]}},{"type":"Feature","properties":{"name":null,"ref":null,"osm":"way/81722488"},"geometry":{"type":"LineString","coordinates":[[-58.462226,-34.70497],[-58.462307,-34.705046],[-58.462374,-34.705088],[-58.462441,-34.705109],[-58.462526,-34.705124]]}},{"type":"Feature","properties":{"name":null,"ref":null,"osm":"way/81722551"},"geometry":{"type":"LineString","coordinates":[[-58.463976,-34.70368],[-58.463847,-34.703796],[-58.463765,-34.703871],[-58.463389,-34.704162]]}},{"type":"Feature","properties":{"name":"Avenida 27 de Febrero","ref":null,"osm":"way/81722570"},"geometry":{"type":"LineString","coordinates":[[-58.462146,-34.705181],[-58.462035,-34.704927],[-58.46197,-34.704802],[-58.461891,-34.704686],[-58.461838,-34.704614],[-58.461757,-34.704534],[-58.461703,-34.704482],[-58.461625,-34.704423],[-58.461537,-34.704372],[-58.461396,-34.704307]]}},{"type":"Feature","properties":{"name":"Avenida 27 de Febrero","ref":null,"osm":"way/81722576"},"geometry":{"type":"LineString","coordinates":[[-58.461445,-34.704187],[-58.461562,-34.70425],[-58.461669,-34.70431],[-58.461763,-34.704381],[-58.46184,-34.704446],[-58.461899,-34.704502],[-58.461914,-34.70452],[-58.461984,-34.704599],[-58.462068,-34.704712],[-58.462154,-34.704859],[-58.462226,-34.70497]]}},{"type":"Feature","properties":{"name":"Avenida Doctor Ricardo Balbín","ref":null,"osm":"way/82692933"},"geometry":{"type":"LineString","coordinates":[[-58.494251,-34.555081],[-58.494342,-34.555071],[-58.494428,-34.55507]]}},{"type":"Feature","properties":{"name":"Avenida Triunvirato","ref":null,"osm":"way/82692941"},"geometry":{"type":"LineString","coordinates":[[-58.495945,-34.555696],[-58.496012,-34.555829],[-58.496068,-34.555959],[-58.49614,-34.556064],[-58.496221,-34.556134],[-58.496409,-34.556221]]}},{"type":"Feature","properties":{"name":"Avenida Doctor Ricardo Balbín","ref":null,"osm":"way/82692948"},"geometry":{"type":"LineString","coordinates":[[-58.500284,-34.550241],[-58.500365,-34.550167],[-58.50041,-34.550118],[-58.500498,-34.550021],[-58.500525,-34.549977],[-58.500546,-34.54993],[-58.500573,-34.549828]]}},{"type":"Feature","properties":{"name":"Avenida Doctor Ricardo Balbín","ref":null,"osm":"way/82692974"},"geometry":{"type":"LineString","coordinates":[[-58.494892,-34.55521],[-58.495013,-34.555254],[-58.495146,-34.555284],[-58.495285,-34.5553],[-58.495452,-34.555308],[-58.495529,-34.55531],[-58.495694,-34.555313]]}},{"type":"Feature","properties":{"name":"Avenida Doctor Ricardo Balbín","ref":null,"osm":"way/82692989"},"geometry":{"type":"LineString","coordinates":[[-58.495197,-34.555663],[-58.494731,-34.55542]]}},{"type":"Feature","properties":{"name":"Avenida Juan Bautista Justo","ref":null,"osm":"way/83211408"},"geometry":{"type":"LineString","coordinates":[[-58.428877,-34.580913],[-58.428063,-34.580092],[-58.428037,-34.579975]]}},{"type":"Feature","properties":{"name":"Avenida Juan Bautista Justo","ref":null,"osm":"way/83211409"},"geometry":{"type":"LineString","coordinates":[[-58.429968,-34.58192],[-58.429047,-34.581072]]}},{"type":"Feature","properties":{"name":"Avenida 27 de Febrero","ref":null,"osm":"way/84346416"},"geometry":{"type":"LineString","coordinates":[[-58.461396,-34.704307],[-58.461284,-34.704266],[-58.46115,-34.704214],[-58.460965,-34.704134],[-58.46082,-34.704054],[-58.460738,-34.703997],[-58.460672,-34.703944]]}},{"type":"Feature","properties":{"name":"Avenida 27 de Febrero","ref":null,"osm":"way/84346420"},"geometry":{"type":"LineString","coordinates":[[-58.460672,-34.703944],[-58.460658,-34.703934],[-58.460374,-34.703683],[-58.456529,-34.69929],[-58.456096,-34.698783],[-58.456031,-34.698706],[-58.444368,-34.684851]]}},{"type":"Feature","properties":{"name":"Autopista Teniente General Luis Dellepiane","ref":null,"osm":"way/85468554"},"geometry":{"type":"LineString","coordinates":[[-58.466955,-34.651139],[-58.467351,-34.651715]]}},{"type":"Feature","properties":{"name":"Autopista Teniente General Luis Dellepiane","ref":null,"osm":"way/85468555"},"geometry":{"type":"LineString","coordinates":[[-58.468292,-34.653251],[-58.468474,-34.653614],[-58.468903,-34.654487],[-58.468948,-34.654585],[-58.469252,-34.655264],[-58.469647,-34.656141],[-58.469846,-34.656568],[-58.470064,-34.656993]]}},{"type":"Feature","properties":{"name":"Autopista Teniente General Luis Dellepiane","ref":null,"osm":"way/85468556"},"geometry":{"type":"LineString","coordinates":[[-58.466286,-34.650725],[-58.465985,-34.650384],[-58.465604,-34.649968]]}},{"type":"Feature","properties":{"name":"Autopista Teniente General Luis Dellepiane","ref":null,"osm":"way/85468557"},"geometry":{"type":"LineString","coordinates":[[-58.467173,-34.651818],[-58.466978,-34.651559]]}},{"type":"Feature","properties":{"name":"Bauness","ref":null,"osm":"way/86783977"},"geometry":{"type":"LineString","coordinates":[[-58.491247,-34.570597],[-58.491154,-34.570724],[-58.490761,-34.571209]]}},{"type":"Feature","properties":{"name":"Galván","ref":null,"osm":"way/86784039"},"geometry":{"type":"LineString","coordinates":[[-58.485241,-34.56942],[-58.486095,-34.568454],[-58.486626,-34.567862]]}},{"type":"Feature","properties":{"name":"Bauness","ref":null,"osm":"way/86784040"},"geometry":{"type":"LineString","coordinates":[[-58.490761,-34.571209],[-58.490268,-34.571836],[-58.490162,-34.571961],[-58.490092,-34.572047],[-58.489861,-34.572326],[-58.489727,-34.572492]]}},{"type":"Feature","properties":{"name":"Avenida de los Constituyentes","ref":null,"osm":"way/86968896"},"geometry":{"type":"LineString","coordinates":[[-58.489518,-34.584192],[-58.48904,-34.584596],[-58.488794,-34.584815]]}},{"type":"Feature","properties":{"name":"Avenida de los Constituyentes","ref":null,"osm":"way/86968903"},"geometry":{"type":"LineString","coordinates":[[-58.488794,-34.584815],[-58.48856,-34.585056],[-58.488081,-34.585539]]}},{"type":"Feature","properties":{"name":"Avenida Triunvirato","ref":null,"osm":"way/87888941"},"geometry":{"type":"LineString","coordinates":[[-58.482726,-34.576599],[-58.482625,-34.576677],[-58.482382,-34.576842],[-58.481983,-34.577114],[-58.481938,-34.577145],[-58.481585,-34.577386],[-58.481399,-34.577512]]}},{"type":"Feature","properties":{"name":"Avenida San Martín","ref":null,"osm":"way/87888976"},"geometry":{"type":"LineString","coordinates":[[-58.50731,-34.592958],[-58.508425,-34.592546]]}},{"type":"Feature","properties":{"name":"Avenida San Martín","ref":null,"osm":"way/87888989"},"geometry":{"type":"LineString","coordinates":[[-58.508425,-34.592546],[-58.508641,-34.592467],[-58.508682,-34.592455],[-58.50912,-34.592285]]}},{"type":"Feature","properties":{"name":"Avenida San Martín","ref":null,"osm":"way/87888990"},"geometry":{"type":"LineString","coordinates":[[-58.513804,-34.590769],[-58.513924,-34.590733],[-58.515077,-34.59039],[-58.515113,-34.590379],[-58.515259,-34.590335]]}},{"type":"Feature","properties":{"name":"Avenida de los Incas","ref":null,"osm":"way/90456788"},"geometry":{"type":"LineString","coordinates":[[-58.479668,-34.58531],[-58.480426,-34.58588],[-58.480523,-34.585954],[-58.480698,-34.586084]]}},{"type":"Feature","properties":{"name":"Avenida Francisco Beiró","ref":null,"osm":"way/90456790"},"geometry":{"type":"LineString","coordinates":[[-58.492958,-34.594207],[-58.492986,-34.594224],[-58.493032,-34.594252],[-58.493155,-34.594324],[-58.494131,-34.59493],[-58.494177,-34.594956]]}},{"type":"Feature","properties":{"name":"Avenida San Martín","ref":null,"osm":"way/90456793"},"geometry":{"type":"LineString","coordinates":[[-58.499484,-34.595876],[-58.49963,-34.595822],[-58.499736,-34.595782]]}},{"type":"Feature","properties":{"name":"Avenida Francisco Beiró","ref":null,"osm":"way/90456813"},"geometry":{"type":"LineString","coordinates":[[-58.494411,-34.5951],[-58.494663,-34.595261],[-58.495482,-34.595782],[-58.495546,-34.595823]]}},{"type":"Feature","properties":{"name":"Avenida San Martín","ref":null,"osm":"way/90456816"},"geometry":{"type":"LineString","coordinates":[[-58.498305,-34.596315],[-58.499386,-34.595912],[-58.499484,-34.595876]]}},{"type":"Feature","properties":{"name":"Avenida Coronel Roca","ref":null,"osm":"way/92190171"},"geometry":{"type":"LineString","coordinates":[[-58.469854,-34.698003],[-58.469774,-34.697938],[-58.469585,-34.697766],[-58.469448,-34.697646],[-58.469368,-34.697573],[-58.469299,-34.697511],[-58.469158,-34.697384],[-58.468936,-34.697184],[-58.468889,-34.697143],[-58.467598,-34.695984]]}},{"type":"Feature","properties":{"name":"Avenida San Martín","ref":null,"osm":"way/92415374"},"geometry":{"type":"LineString","coordinates":[[-58.519149,-34.589315],[-58.518961,-34.589378]]}},{"type":"Feature","properties":{"name":"Avenida San Martín","ref":null,"osm":"way/92415376"},"geometry":{"type":"LineString","coordinates":[[-58.487139,-34.597377],[-58.487547,-34.597347],[-58.487592,-34.597345],[-58.487798,-34.597334]]}},{"type":"Feature","properties":{"name":"Avenida San Martín","ref":null,"osm":"way/92415403"},"geometry":{"type":"LineString","coordinates":[[-58.458573,-34.604456],[-58.458707,-34.604345],[-58.458815,-34.604316]]}},{"type":"Feature","properties":{"name":null,"ref":null,"osm":"way/92415410"},"geometry":{"type":"LineString","coordinates":[[-58.479487,-34.599118],[-58.479624,-34.599073],[-58.479754,-34.599036],[-58.479938,-34.599025],[-58.480047,-34.59902],[-58.480157,-34.599012]]}},{"type":"Feature","properties":{"name":"Avenida San Martín","ref":null,"osm":"way/92415413"},"geometry":{"type":"LineString","coordinates":[[-58.462204,-34.603452],[-58.462898,-34.603278]]}},{"type":"Feature","properties":{"name":"Avenida San Martín","ref":null,"osm":"way/92415417"},"geometry":{"type":"LineString","coordinates":[[-58.497044,-34.596723],[-58.497224,-34.596705],[-58.497309,-34.596684]]}},{"type":"Feature","properties":{"name":"Avenida San Martín","ref":null,"osm":"way/92415429"},"geometry":{"type":"LineString","coordinates":[[-58.485383,-34.59751],[-58.485722,-34.597482],[-58.486326,-34.597438],[-58.486537,-34.59742]]}},{"type":"Feature","properties":{"name":"Avenida San Martín","ref":null,"osm":"way/92415446"},"geometry":{"type":"LineString","coordinates":[[-58.491165,-34.597109],[-58.491378,-34.597095],[-58.492002,-34.597054],[-58.492429,-34.597025],[-58.492738,-34.597005]]}},{"type":"Feature","properties":{"name":"Nicasio Oroño","ref":null,"osm":"way/92415452"},"geometry":{"type":"LineString","coordinates":[[-58.461499,-34.603775],[-58.4615,-34.603821],[-58.461487,-34.603866],[-58.461247,-34.604337],[-58.461162,-34.604514]]}},{"type":"Feature","properties":{"name":"Avenida San Martín","ref":null,"osm":"way/92415457"},"geometry":{"type":"LineString","coordinates":[[-58.512326,-34.591187],[-58.512546,-34.591124],[-58.513673,-34.590806]]}},{"type":"Feature","properties":{"name":"Avenida San Martín","ref":null,"osm":"way/92415463"},"geometry":{"type":"LineString","coordinates":[[-58.512194,-34.591225],[-58.512326,-34.591187]]}},{"type":"Feature","properties":{"name":"Avenida San Martín","ref":null,"osm":"way/92415486"},"geometry":{"type":"LineString","coordinates":[[-58.460032,-34.604014],[-58.461454,-34.603645]]}},{"type":"Feature","properties":{"name":"Avenida San Martín","ref":null,"osm":"way/92415490"},"geometry":{"type":"LineString","coordinates":[[-58.461454,-34.603645],[-58.462047,-34.603492],[-58.462204,-34.603452]]}},{"type":"Feature","properties":{"name":"Avenida San Martín","ref":null,"osm":"way/92415494"},"geometry":{"type":"LineString","coordinates":[[-58.509593,-34.592123],[-58.510694,-34.591704],[-58.510719,-34.591695],[-58.51094,-34.59162]]}},{"type":"Feature","properties":{"name":"Avenida San Martín","ref":null,"osm":"way/92415495"},"geometry":{"type":"LineString","coordinates":[[-58.487798,-34.597334],[-58.488542,-34.597287]]}},{"type":"Feature","properties":{"name":"Avenida San Martín","ref":null,"osm":"way/92415496"},"geometry":{"type":"LineString","coordinates":[[-58.488542,-34.597287],[-58.488783,-34.59727],[-58.489816,-34.597198],[-58.489856,-34.597195],[-58.490052,-34.597181]]}},{"type":"Feature","properties":{"name":"Avenida San Martín","ref":null,"osm":"way/92415498"},"geometry":{"type":"LineString","coordinates":[[-58.462898,-34.603278],[-58.464319,-34.602918]]}},{"type":"Feature","properties":{"name":"Avenida San Martín","ref":null,"osm":"way/92415499"},"geometry":{"type":"LineString","coordinates":[[-58.51094,-34.59162],[-58.511099,-34.591572],[-58.512102,-34.591252],[-58.512157,-34.591236],[-58.512194,-34.591225]]}},{"type":"Feature","properties":{"name":"Avenida San Martín","ref":null,"osm":"way/92415500"},"geometry":{"type":"LineString","coordinates":[[-58.494864,-34.596869],[-58.495076,-34.596855],[-58.496775,-34.596738],[-58.496818,-34.596734],[-58.497044,-34.596723]]}},{"type":"Feature","properties":{"name":"Avenida San Martín","ref":null,"osm":"way/92415502"},"geometry":{"type":"LineString","coordinates":[[-58.479698,-34.599209],[-58.479832,-34.599151],[-58.480157,-34.599012]]}},{"type":"Feature","properties":{"name":"Avenida San Martín","ref":null,"osm":"way/92415503"},"geometry":{"type":"LineString","coordinates":[[-58.50912,-34.592285],[-58.509593,-34.592123]]}},{"type":"Feature","properties":{"name":"Avenida San Martín","ref":null,"osm":"way/92415504"},"geometry":{"type":"LineString","coordinates":[[-58.503681,-34.594345],[-58.504886,-34.593895]]}},{"type":"Feature","properties":{"name":"Avenida San Martín","ref":null,"osm":"way/92415508"},"geometry":{"type":"LineString","coordinates":[[-58.464319,-34.602918],[-58.464676,-34.602829],[-58.464707,-34.602821],[-58.464974,-34.602754]]}},{"type":"Feature","properties":{"name":"Avenida San Martín","ref":null,"osm":"way/92415510"},"geometry":{"type":"LineString","coordinates":[[-58.490052,-34.597181],[-58.490909,-34.597122],[-58.490994,-34.597117],[-58.491165,-34.597109]]}},{"type":"Feature","properties":{"name":"Avenida San Martín","ref":null,"osm":"way/92415516"},"geometry":{"type":"LineString","coordinates":[[-58.493219,-34.596974],[-58.494213,-34.596911],[-58.494667,-34.596882],[-58.494714,-34.596879],[-58.494864,-34.596869]]}},{"type":"Feature","properties":{"name":"Avenida San Martín","ref":null,"osm":"way/92415519"},"geometry":{"type":"LineString","coordinates":[[-58.483277,-34.597699],[-58.483361,-34.597685],[-58.484842,-34.597551]]}},{"type":"Feature","properties":{"name":"Avenida San Martín","ref":null,"osm":"way/92415525"},"geometry":{"type":"LineString","coordinates":[[-58.458815,-34.604316],[-58.460032,-34.604014]]}},{"type":"Feature","properties":{"name":null,"ref":null,"osm":"way/92415529"},"geometry":{"type":"LineString","coordinates":[[-58.478759,-34.599195],[-58.478808,-34.59924],[-58.478856,-34.599272],[-58.478907,-34.599302]]}},{"type":"Feature","properties":{"name":"Avenida Nazca","ref":null,"osm":"way/92487416"},"geometry":{"type":"LineString","coordinates":[[-58.47045,-34.628909],[-58.470677,-34.628424]]}},{"type":"Feature","properties":{"name":"Avenida Nazca","ref":null,"osm":"way/92487418"},"geometry":{"type":"LineString","coordinates":[[-58.475013,-34.619453],[-58.475607,-34.6187],[-58.475686,-34.6186],[-58.475805,-34.618443]]}},{"type":"Feature","properties":{"name":"Avenida Juan Bautista Justo","ref":null,"osm":"way/92487436"},"geometry":{"type":"LineString","coordinates":[[-58.476039,-34.618145],[-58.475941,-34.618039],[-58.475127,-34.617086]]}},{"type":"Feature","properties":{"name":"Avenida Nazca","ref":null,"osm":"way/92487450"},"geometry":{"type":"LineString","coordinates":[[-58.47391,-34.621188],[-58.474002,-34.620984],[-58.474069,-34.620834],[-58.47422,-34.620499]]}},{"type":"Feature","properties":{"name":"Avenida Nazca","ref":null,"osm":"way/92487452"},"geometry":{"type":"LineString","coordinates":[[-58.470677,-34.628424],[-58.471117,-34.62743]]}},{"type":"Feature","properties":{"name":"Avenida Nazca","ref":null,"osm":"way/92487453"},"geometry":{"type":"LineString","coordinates":[[-58.475805,-34.618443],[-58.47598,-34.618221],[-58.476039,-34.618145]]}},{"type":"Feature","properties":{"name":"Avenida Nazca","ref":null,"osm":"way/92487460"},"geometry":{"type":"LineString","coordinates":[[-58.473472,-34.622163],[-58.473677,-34.621706],[-58.473795,-34.621443],[-58.47391,-34.621188]]}},{"type":"Feature","properties":{"name":"Avenida Nazca","ref":null,"osm":"way/92487461"},"geometry":{"type":"LineString","coordinates":[[-58.473025,-34.623166],[-58.473175,-34.622824],[-58.473281,-34.622586],[-58.473472,-34.622163]]}},{"type":"Feature","properties":{"name":"Avenida Nazca","ref":null,"osm":"way/92487463"},"geometry":{"type":"LineString","coordinates":[[-58.471117,-34.62743],[-58.471367,-34.626866],[-58.471444,-34.626689],[-58.471497,-34.626566],[-58.471588,-34.626363]]}},{"type":"Feature","properties":{"name":"Avenida Juan Bautista Justo","ref":null,"osm":"way/92487467"},"geometry":{"type":"LineString","coordinates":[[-58.476702,-34.618904],[-58.476138,-34.61827],[-58.476039,-34.618145]]}},{"type":"Feature","properties":{"name":"Avenida Nazca","ref":null,"osm":"way/92487477"},"geometry":{"type":"LineString","coordinates":[[-58.470225,-34.629422],[-58.470328,-34.629184]]}},{"type":"Feature","properties":{"name":"Avenida Nazca","ref":null,"osm":"way/92487478"},"geometry":{"type":"LineString","coordinates":[[-58.47422,-34.620499],[-58.474291,-34.620372],[-58.474317,-34.620339],[-58.474414,-34.620216],[-58.474548,-34.620044],[-58.475013,-34.619453]]}},{"type":"Feature","properties":{"name":"Avenida Nazca","ref":null,"osm":"way/92487492"},"geometry":{"type":"LineString","coordinates":[[-58.476039,-34.618145],[-58.476097,-34.618071]]}},{"type":"Feature","properties":{"name":"Avenida Nazca","ref":null,"osm":"way/92487500"},"geometry":{"type":"LineString","coordinates":[[-58.470328,-34.629184],[-58.470352,-34.62913],[-58.470367,-34.629095],[-58.470386,-34.629052]]}},{"type":"Feature","properties":{"name":"Avenida de los Constituyentes","ref":null,"osm":"way/92794896"},"geometry":{"type":"LineString","coordinates":[[-58.484706,-34.589103],[-58.484574,-34.589152],[-58.484538,-34.589166],[-58.484436,-34.589201],[-58.484425,-34.589205],[-58.484173,-34.589298]]}},{"type":"Feature","properties":{"name":"Avenida de los Constituyentes","ref":null,"osm":"way/92794897"},"geometry":{"type":"LineString","coordinates":[[-58.486804,-34.586889],[-58.486743,-34.586954],[-58.486719,-34.586978],[-58.486621,-34.587084],[-58.486432,-34.587275]]}},{"type":"Feature","properties":{"name":"Avenida Francisco Beiró","ref":null,"osm":"way/92794898"},"geometry":{"type":"LineString","coordinates":[[-58.486343,-34.590123],[-58.4865,-34.590224],[-58.486619,-34.590299]]}},{"type":"Feature","properties":{"name":"Autopista Teniente General Pablo Ricchieri","ref":"RNA002","osm":"way/93204201"},"geometry":{"type":"LineString","coordinates":[[-58.48622,-34.688128],[-58.485426,-34.68716]]}},{"type":"Feature","properties":{"name":"Avenida Perito Moreno","ref":null,"osm":"way/93248635"},"geometry":{"type":"LineString","coordinates":[[-58.46181,-34.650201],[-58.459716,-34.650392],[-58.459706,-34.650393],[-58.459417,-34.650419]]}},{"type":"Feature","properties":{"name":"Avenida Teniente General Luis Dellepiane","ref":null,"osm":"way/93248643"},"geometry":{"type":"LineString","coordinates":[[-58.466636,-34.65169],[-58.466516,-34.65156],[-58.466235,-34.651345],[-58.466124,-34.651271],[-58.466018,-34.651204],[-58.465534,-34.650955],[-58.465201,-34.650702],[-58.465018,-34.650559],[-58.464843,-34.650394],[-58.464644,-34.650189],[-58.464604,-34.650113],[-58.464547,-34.649981]]}},{"type":"Feature","properties":{"name":"Zuviría","ref":null,"osm":"way/93248659"},"geometry":{"type":"LineString","coordinates":[[-58.463528,-34.648705],[-58.462689,-34.647988],[-58.462214,-34.647568],[-58.461758,-34.647171],[-58.460924,-34.646557],[-58.460277,-34.6461],[-58.459588,-34.645585]]}},{"type":"Feature","properties":{"name":"Avenida Amancio Alcorta","ref":null,"osm":"way/93286944"},"geometry":{"type":"LineString","coordinates":[[-58.38817,-34.639053],[-58.388568,-34.639471]]}},{"type":"Feature","properties":{"name":"Avenida Amancio Alcorta","ref":null,"osm":"way/93286949"},"geometry":{"type":"LineString","coordinates":[[-58.405268,-34.650302],[-58.405188,-34.650225]]}},{"type":"Feature","properties":{"name":"Avenida Amancio Alcorta","ref":null,"osm":"way/93286953"},"geometry":{"type":"LineString","coordinates":[[-58.405236,-34.649936],[-58.405445,-34.650087]]}},{"type":"Feature","properties":{"name":"Avenida Amancio Alcorta","ref":null,"osm":"way/93286955"},"geometry":{"type":"LineString","coordinates":[[-58.404898,-34.649885],[-58.404761,-34.649709],[-58.404666,-34.649544]]}},{"type":"Feature","properties":{"name":"Avenida Amancio Alcorta","ref":null,"osm":"way/93286964"},"geometry":{"type":"LineString","coordinates":[[-58.408717,-34.653069],[-58.408424,-34.652839],[-58.408068,-34.652574],[-58.407956,-34.652486]]}},{"type":"Feature","properties":{"name":"Avenida Amancio Alcorta","ref":null,"osm":"way/93286965"},"geometry":{"type":"LineString","coordinates":[[-58.405596,-34.650223],[-58.406077,-34.650622]]}},{"type":"Feature","properties":{"name":"Avenida Perito Moreno","ref":null,"osm":"way/93286966"},"geometry":{"type":"LineString","coordinates":[[-58.410093,-34.64946],[-58.408719,-34.64939],[-58.407693,-34.649351],[-58.407521,-34.649355],[-58.407467,-34.649356],[-58.407309,-34.649376],[-58.407146,-34.649404]]}},{"type":"Feature","properties":{"name":"Avenida Amancio Alcorta","ref":null,"osm":"way/93286968"},"geometry":{"type":"LineString","coordinates":[[-58.410209,-34.653802],[-58.410326,-34.653842],[-58.411262,-34.654171]]}},{"type":"Feature","properties":{"name":"Avenida Amancio Alcorta","ref":null,"osm":"way/93286969"},"geometry":{"type":"LineString","coordinates":[[-58.388998,-34.639811],[-58.389154,-34.639888],[-58.389348,-34.639976],[-58.389472,-34.64003],[-58.38956,-34.640069],[-58.38971,-34.640132],[-58.389893,-34.640206]]}},{"type":"Feature","properties":{"name":"Avenida Amancio Alcorta","ref":null,"osm":"way/93286970"},"geometry":{"type":"LineString","coordinates":[[-58.407956,-34.652486],[-58.407826,-34.652386],[-58.407648,-34.652251]]}},{"type":"Feature","properties":{"name":"Avenida Amancio Alcorta","ref":null,"osm":"way/93286975"},"geometry":{"type":"LineString","coordinates":[[-58.408779,-34.652734],[-58.408913,-34.652836],[-58.409059,-34.652946],[-58.409163,-34.653027],[-58.40934,-34.653159],[-58.410144,-34.653758],[-58.410209,-34.653802]]}},{"type":"Feature","properties":{"name":"Avenida Vélez Sársfield","ref":null,"osm":"way/93286977"},"geometry":{"type":"LineString","coordinates":[[-58.388286,-34.66028],[-58.388325,-34.659851]]}},{"type":"Feature","properties":{"name":"Avenida Amancio Alcorta","ref":null,"osm":"way/93286979"},"geometry":{"type":"LineString","coordinates":[[-58.401223,-34.645155],[-58.401306,-34.645217],[-58.401372,-34.645283],[-58.401475,-34.645411],[-58.401768,-34.645788]]}},{"type":"Feature","properties":{"name":"Avenida Amancio Alcorta","ref":null,"osm":"way/93286983"},"geometry":{"type":"LineString","coordinates":[[-58.387421,-34.638297],[-58.387535,-34.638418],[-58.387641,-34.638524],[-58.38817,-34.639053]]}},{"type":"Feature","properties":{"name":"Avenida Amancio Alcorta","ref":null,"osm":"way/93286986"},"geometry":{"type":"LineString","coordinates":[[-58.415087,-34.655988],[-58.415281,-34.656097],[-58.415754,-34.656364],[-58.41616,-34.65658],[-58.416191,-34.656598],[-58.416376,-34.656698]]}},{"type":"Feature","properties":{"name":"Romero","ref":null,"osm":"way/93286993"},"geometry":{"type":"LineString","coordinates":[[-58.414032,-34.655742],[-58.414168,-34.655471]]}},{"type":"Feature","properties":{"name":"Avenida Amancio Alcorta","ref":null,"osm":"way/93286996"},"geometry":{"type":"LineString","coordinates":[[-58.414168,-34.655471],[-58.41442,-34.655613],[-58.414849,-34.655854],[-58.415087,-34.655988]]}},{"type":"Feature","properties":{"name":"Avenida Amancio Alcorta","ref":null,"osm":"way/93286999"},"geometry":{"type":"LineString","coordinates":[[-58.412827,-34.655082],[-58.412362,-34.654898],[-58.41112,-34.654443]]}},{"type":"Feature","properties":{"name":"Avenida Amancio Alcorta","ref":null,"osm":"way/93287002"},"geometry":{"type":"LineString","coordinates":[[-58.406102,-34.65097],[-58.405972,-34.650866],[-58.405378,-34.650394]]}},{"type":"Feature","properties":{"name":"Avenida Sáenz","ref":null,"osm":"way/93287012"},"geometry":{"type":"LineString","coordinates":[[-58.416299,-34.657807],[-58.41629,-34.657547],[-58.416289,-34.657456]]}},{"type":"Feature","properties":{"name":"Avenida Isidro Lorea","ref":null,"osm":"way/93287017"},"geometry":{"type":"LineString","coordinates":[[-58.405525,-34.650158],[-58.405268,-34.650302]]}},{"type":"Feature","properties":{"name":"Avenida Amancio Alcorta","ref":null,"osm":"way/93287019"},"geometry":{"type":"LineString","coordinates":[[-58.397763,-34.643286],[-58.397855,-34.643334],[-58.397924,-34.643372],[-58.399169,-34.644046],[-58.400257,-34.644639],[-58.400607,-34.644828],[-58.400846,-34.644954]]}},{"type":"Feature","properties":{"name":"Avenida Amancio Alcorta","ref":null,"osm":"way/93287020"},"geometry":{"type":"LineString","coordinates":[[-58.389893,-34.640206],[-58.390176,-34.640317],[-58.390661,-34.640507],[-58.391421,-34.640799],[-58.391512,-34.640826]]}},{"type":"Feature","properties":{"name":"Romero","ref":null,"osm":"way/93287023"},"geometry":{"type":"LineString","coordinates":[[-58.414168,-34.655471],[-58.414436,-34.654985],[-58.414811,-34.654312]]}},{"type":"Feature","properties":{"name":"Avenida Amancio Alcorta","ref":null,"osm":"way/93287024"},"geometry":{"type":"LineString","coordinates":[[-58.412981,-34.654803],[-58.41308,-34.654858],[-58.413314,-34.654972],[-58.414005,-34.655379],[-58.414168,-34.655471]]}},{"type":"Feature","properties":{"name":"Avenida Amancio Alcorta","ref":null,"osm":"way/93287025"},"geometry":{"type":"LineString","coordinates":[[-58.407306,-34.65199],[-58.407222,-34.651918],[-58.406702,-34.651468]]}},{"type":"Feature","properties":{"name":"Avenida Amancio Alcorta","ref":null,"osm":"way/93287028"},"geometry":{"type":"LineString","coordinates":[[-58.407414,-34.651711],[-58.40804,-34.652181],[-58.408292,-34.652371],[-58.408633,-34.652626],[-58.408779,-34.652734]]}},{"type":"Feature","properties":{"name":"Avenida Amancio Alcorta","ref":null,"osm":"way/93287031"},"geometry":{"type":"LineString","coordinates":[[-58.393822,-34.641556],[-58.393935,-34.641589],[-58.394071,-34.641627],[-58.394935,-34.641886],[-58.395006,-34.64191],[-58.395073,-34.641933]]}},{"type":"Feature","properties":{"name":"Avenida Amancio Alcorta","ref":null,"osm":"way/93287032"},"geometry":{"type":"LineString","coordinates":[[-58.406824,-34.651214],[-58.407414,-34.651711]]}},{"type":"Feature","properties":{"name":"Avenida 27 de Febrero","ref":null,"osm":"way/93287035"},"geometry":{"type":"LineString","coordinates":[[-58.416422,-34.658984],[-58.416389,-34.658958],[-58.416362,-34.65893]]}},{"type":"Feature","properties":{"name":"Avenida Amancio Alcorta","ref":null,"osm":"way/93287038"},"geometry":{"type":"LineString","coordinates":[[-58.414912,-34.656227],[-58.414665,-34.656091],[-58.414229,-34.655851],[-58.414032,-34.655742]]}},{"type":"Feature","properties":{"name":"Avenida Amancio Alcorta","ref":null,"osm":"way/93287041"},"geometry":{"type":"LineString","coordinates":[[-58.415763,-34.656689],[-58.41558,-34.656595]]}},{"type":"Feature","properties":{"name":"Avenida Amancio Alcorta","ref":null,"osm":"way/93287045"},"geometry":{"type":"LineString","coordinates":[[-58.388568,-34.639471],[-58.388672,-34.639572],[-58.388721,-34.639615],[-58.388776,-34.639662],[-58.388833,-34.639706],[-58.388902,-34.639754],[-58.388998,-34.639811]]}},{"type":"Feature","properties":{"name":"Avenida Amancio Alcorta","ref":null,"osm":"way/93287046"},"geometry":{"type":"LineString","coordinates":[[-58.411262,-34.654171],[-58.412859,-34.654755],[-58.412981,-34.654803]]}},{"type":"Feature","properties":{"name":"Avenida General Iriarte","ref":null,"osm":"way/93287047"},"geometry":{"type":"LineString","coordinates":[[-58.405268,-34.650302],[-58.405173,-34.65035],[-58.40508,-34.65039],[-58.404962,-34.650431],[-58.404643,-34.650514]]}},{"type":"Feature","properties":{"name":"Avenida Amancio Alcorta","ref":null,"osm":"way/93287048"},"geometry":{"type":"LineString","coordinates":[[-58.410099,-34.65407],[-58.410026,-34.654028],[-58.409957,-34.653983],[-58.409845,-34.653901],[-58.409118,-34.653366],[-58.408947,-34.653241],[-58.408835,-34.653158],[-58.408717,-34.653069]]}},{"type":"Feature","properties":{"name":"Avenida Amancio Alcorta","ref":null,"osm":"way/93287050"},"geometry":{"type":"LineString","coordinates":[[-58.391512,-34.640826],[-58.39165,-34.640874],[-58.391705,-34.640893],[-58.392792,-34.641235],[-58.392842,-34.641251],[-58.393703,-34.641522],[-58.393822,-34.641556]]}},{"type":"Feature","properties":{"name":"Avenida Amancio Alcorta","ref":null,"osm":"way/93287052"},"geometry":{"type":"LineString","coordinates":[[-58.41558,-34.656595],[-58.415093,-34.656326],[-58.414912,-34.656227]]}},{"type":"Feature","properties":{"name":"Avenida Amancio Alcorta","ref":null,"osm":"way/93287053"},"geometry":{"type":"LineString","coordinates":[[-58.404666,-34.649544],[-58.404806,-34.649598],[-58.405047,-34.64976]]}},{"type":"Feature","properties":{"name":"Avenida Amancio Alcorta","ref":null,"osm":"way/93287054"},"geometry":{"type":"LineString","coordinates":[[-58.406702,-34.651468],[-58.406102,-34.65097]]}},{"type":"Feature","properties":{"name":"Avenida Amancio Alcorta","ref":null,"osm":"way/93287055"},"geometry":{"type":"LineString","coordinates":[[-58.406222,-34.650742],[-58.406824,-34.651214]]}},{"type":"Feature","properties":{"name":"Avenida Sáenz","ref":null,"osm":"way/93287056"},"geometry":{"type":"LineString","coordinates":[[-58.416313,-34.658477],[-58.416319,-34.658327],[-58.416299,-34.657807]]}},{"type":"Feature","properties":{"name":"Avenida Sáenz","ref":null,"osm":"way/93287062"},"geometry":{"type":"LineString","coordinates":[[-58.416585,-34.656802],[-58.416605,-34.657151]]}},{"type":"Feature","properties":{"name":"Avenida Amancio Alcorta","ref":null,"osm":"way/93287065"},"geometry":{"type":"LineString","coordinates":[[-58.41112,-34.654443],[-58.410452,-34.654202],[-58.410335,-34.65416],[-58.410196,-34.65411],[-58.410099,-34.65407]]}},{"type":"Feature","properties":{"name":"Avenida Amancio Alcorta","ref":null,"osm":"way/93287066"},"geometry":{"type":"LineString","coordinates":[[-58.395073,-34.641933],[-58.395122,-34.641952],[-58.395164,-34.64197],[-58.395226,-34.642001],[-58.396088,-34.642446],[-58.396266,-34.642535]]}},{"type":"Feature","properties":{"name":"Del Barco Centenera","ref":null,"osm":"way/93287070"},"geometry":{"type":"LineString","coordinates":[[-58.418078,-34.655411],[-58.417604,-34.65589],[-58.416833,-34.656626],[-58.416804,-34.656654],[-58.416585,-34.656802]]}},{"type":"Feature","properties":{"name":"Avenida Sáenz","ref":null,"osm":"way/93287071"},"geometry":{"type":"LineString","coordinates":[[-58.416776,-34.658503],[-58.416793,-34.658723],[-58.416798,-34.658782],[-58.416813,-34.65889]]}},{"type":"Feature","properties":{"name":"Avenida Francisco Beiró","ref":null,"osm":"way/93907557"},"geometry":{"type":"LineString","coordinates":[[-58.487467,-34.590817],[-58.488611,-34.591521]]}},{"type":"Feature","properties":{"name":"Avenida de los Incas","ref":null,"osm":"way/93907558"},"geometry":{"type":"LineString","coordinates":[[-58.472136,-34.580055],[-58.472199,-34.580088],[-58.472445,-34.580228],[-58.472489,-34.580252],[-58.473683,-34.580917]]}},{"type":"Feature","properties":{"name":"Avenida San Martín","ref":null,"osm":"way/95663095"},"geometry":{"type":"LineString","coordinates":[[-58.518249,-34.589466],[-58.518432,-34.589411]]}},{"type":"Feature","properties":{"name":"Avenida Intendente Cantilo","ref":"AV1-N","osm":"way/96664738"},"geometry":{"type":"LineString","coordinates":[[-58.451124,-34.540824],[-58.451485,-34.540659],[-58.451762,-34.540546],[-58.452136,-34.540414],[-58.45247,-34.540307],[-58.453065,-34.540146],[-58.45366,-34.539988],[-58.453905,-34.539923],[-58.454134,-34.53986],[-58.454323,-34.539803],[-58.454487,-34.539749],[-58.454733,-34.539664],[-58.45498,-34.539571],[-58.455228,-34.539475],[-58.455469,-34.53937],[-58.455924,-34.539155]]}},{"type":"Feature","properties":{"name":null,"ref":null,"osm":"way/96867639"},"geometry":{"type":"LineString","coordinates":[[-58.37868,-34.622689],[-58.379211,-34.622674],[-58.379322,-34.622663],[-58.379425,-34.622651],[-58.379517,-34.622635],[-58.379593,-34.622618],[-58.379654,-34.622603],[-58.379718,-34.622581],[-58.379792,-34.622553],[-58.380195,-34.62237],[-58.380265,-34.622342],[-58.380321,-34.62232],[-58.380374,-34.622302]]}},{"type":"Feature","properties":{"name":null,"ref":null,"osm":"way/96867641"},"geometry":{"type":"LineString","coordinates":[[-58.379974,-34.625778],[-58.37971,-34.62644]]}},{"type":"Feature","properties":{"name":null,"ref":null,"osm":"way/96867656"},"geometry":{"type":"LineString","coordinates":[[-58.380374,-34.622302],[-58.380434,-34.622286],[-58.380502,-34.622277],[-58.380567,-34.622276],[-58.380639,-34.622278],[-58.3807,-34.622284],[-58.380758,-34.622292],[-58.380827,-34.622308],[-58.380888,-34.622329],[-58.380944,-34.622349],[-58.380993,-34.622374],[-58.381041,-34.622403],[-58.381084,-34.622432],[-58.381131,-34.622473],[-58.381181,-34.622524],[-58.381223,-34.62258],[-58.381253,-34.62263],[-58.381268,-34.622668],[-58.381286,-34.622716],[-58.381299,-34.622762],[-58.381307,-34.62281],[-58.38131,-34.622855],[-58.38131,-34.622896],[-58.381301,-34.622954],[-58.381286,-34.623018],[-58.381262,-34.62309],[-58.381211,-34.623196],[-58.380669,-34.624159]]}},{"type":"Feature","properties":{"name":null,"ref":null,"osm":"way/96867657"},"geometry":{"type":"LineString","coordinates":[[-58.380669,-34.624159],[-58.380476,-34.624629],[-58.38044,-34.624714],[-58.379974,-34.625778]]}},{"type":"Feature","properties":{"name":null,"ref":null,"osm":"way/96867662"},"geometry":{"type":"LineString","coordinates":[[-58.37885,-34.623065],[-58.378651,-34.62303],[-58.378484,-34.62301],[-58.378305,-34.622993],[-58.378115,-34.622976],[-58.377771,-34.622954]]}},{"type":"Feature","properties":{"name":"Avenida Don Pedro de Mendoza","ref":null,"osm":"way/97046724"},"geometry":{"type":"LineString","coordinates":[[-58.369049,-34.650615],[-58.367946,-34.650082],[-58.367667,-34.649939]]}},{"type":"Feature","properties":{"name":"Isabel la Católica","ref":null,"osm":"way/97046726"},"geometry":{"type":"LineString","coordinates":[[-58.370127,-34.65113],[-58.370152,-34.651167],[-58.370162,-34.651185],[-58.370171,-34.651202],[-58.370179,-34.651221],[-58.370186,-34.651241],[-58.370192,-34.651265],[-58.370266,-34.651685],[-58.37027,-34.651715],[-58.37027,-34.651748],[-58.37027,-34.651778],[-58.370264,-34.651882]]}},{"type":"Feature","properties":{"name":null,"ref":null,"osm":"way/97046730"},"geometry":{"type":"LineString","coordinates":[[-58.370127,-34.651122],[-58.370127,-34.65113]]}},{"type":"Feature","properties":{"name":null,"ref":null,"osm":"way/97046731"},"geometry":{"type":"LineString","coordinates":[[-58.374663,-34.646363],[-58.374962,-34.645668],[-58.37502,-34.645538],[-58.375079,-34.645387],[-58.375134,-34.645231],[-58.375534,-34.644028]]}},{"type":"Feature","properties":{"name":"Avenida Don Pedro de Mendoza","ref":null,"osm":"way/97046741"},"geometry":{"type":"LineString","coordinates":[[-58.370264,-34.651882],[-58.370179,-34.651779],[-58.370158,-34.651754],[-58.370136,-34.651722],[-58.369872,-34.651324],[-58.369858,-34.651302],[-58.369821,-34.65123]]}},{"type":"Feature","properties":{"name":"Avenida Elvira Rawson de Dellepiane","ref":null,"osm":"way/97046743"},"geometry":{"type":"LineString","coordinates":[[-58.36211,-34.623862],[-58.362049,-34.623801],[-58.362031,-34.623783],[-58.362001,-34.623749]]}},{"type":"Feature","properties":{"name":"Autopista 25 de Mayo","ref":"AU1","osm":"way/98117684"},"geometry":{"type":"LineString","coordinates":[[-58.380775,-34.62284],[-58.381906,-34.622846],[-58.38212,-34.622843],[-58.382378,-34.622834],[-58.383045,-34.622802]]}},{"type":"Feature","properties":{"name":null,"ref":null,"osm":"way/98117685"},"geometry":{"type":"LineString","coordinates":[[-58.377143,-34.622817],[-58.378163,-34.622713],[-58.37868,-34.622689]]}},{"type":"Feature","properties":{"name":null,"ref":null,"osm":"way/98117686"},"geometry":{"type":"LineString","coordinates":[[-58.379864,-34.624236],[-58.379878,-34.624107],[-58.379876,-34.624053],[-58.379873,-34.623985],[-58.379862,-34.623916],[-58.379847,-34.623859],[-58.37982,-34.623785],[-58.379786,-34.623709],[-58.379747,-34.623644],[-58.379706,-34.623587],[-58.379656,-34.623525],[-58.379605,-34.623474],[-58.379553,-34.623423],[-58.37948,-34.623361],[-58.379381,-34.623294],[-58.379288,-34.623244],[-58.379202,-34.623203],[-58.379097,-34.623158],[-58.37885,-34.623065]]}},{"type":"Feature","properties":{"name":"Autopista 25 de Mayo","ref":"AU1","osm":"way/98117690"},"geometry":{"type":"LineString","coordinates":[[-58.386222,-34.623121],[-58.386044,-34.623104],[-58.385893,-34.62309],[-58.385335,-34.62305],[-58.384379,-34.623006],[-58.383486,-34.622992]]}},{"type":"Feature","properties":{"name":"Autopista 25 de Mayo","ref":"AU1","osm":"way/98117691"},"geometry":{"type":"LineString","coordinates":[[-58.377771,-34.622954],[-58.377012,-34.622981],[-58.376412,-34.623009],[-58.375898,-34.623021]]}},{"type":"Feature","properties":{"name":"Autopista 25 de Mayo","ref":"AU1","osm":"way/98117695"},"geometry":{"type":"LineString","coordinates":[[-58.377143,-34.622817],[-58.378669,-34.622806],[-58.37981,-34.622826],[-58.380775,-34.62284]]}},{"type":"Feature","properties":{"name":"Avenida de los Incas","ref":null,"osm":"way/98126202"},"geometry":{"type":"LineString","coordinates":[[-58.473683,-34.580917],[-58.474076,-34.581126],[-58.474304,-34.581267]]}},{"type":"Feature","properties":{"name":"Avenida Triunvirato","ref":null,"osm":"way/98126203"},"geometry":{"type":"LineString","coordinates":[[-58.462053,-34.585126],[-58.463452,-34.585086]]}},{"type":"Feature","properties":{"name":"Avenida Triunvirato","ref":null,"osm":"way/98126206"},"geometry":{"type":"LineString","coordinates":[[-58.474062,-34.581556],[-58.474304,-34.581267]]}},{"type":"Feature","properties":{"name":"Avenida de los Incas","ref":null,"osm":"way/98126212"},"geometry":{"type":"LineString","coordinates":[[-58.474304,-34.581267],[-58.474558,-34.581444]]}},{"type":"Feature","properties":{"name":"Avenida Triunvirato","ref":null,"osm":"way/98126214"},"geometry":{"type":"LineString","coordinates":[[-58.474304,-34.581267],[-58.474476,-34.581074],[-58.474541,-34.580998],[-58.474555,-34.580983],[-58.474693,-34.580824]]}},{"type":"Feature","properties":{"name":"Larrazábal","ref":null,"osm":"way/98218826"},"geometry":{"type":"LineString","coordinates":[[-58.493175,-34.659668],[-58.494037,-34.658897],[-58.494127,-34.658839],[-58.494195,-34.658808],[-58.494288,-34.658767],[-58.49448,-34.65868],[-58.495455,-34.65778],[-58.495529,-34.657713],[-58.496354,-34.656898],[-58.497254,-34.656042]]}},{"type":"Feature","properties":{"name":"Calle 13","ref":null,"osm":"way/99285027"},"geometry":{"type":"LineString","coordinates":[[-58.385344,-34.577203],[-58.386202,-34.576715],[-58.387289,-34.576096],[-58.387859,-34.575764]]}},{"type":"Feature","properties":{"name":"Avenida de los Incas","ref":null,"osm":"way/99621748"},"geometry":{"type":"LineString","coordinates":[[-58.481694,-34.586833],[-58.482378,-34.587345],[-58.482541,-34.587468]]}},{"type":"Feature","properties":{"name":"Avenida Francisco Beiró","ref":null,"osm":"way/99621761"},"geometry":{"type":"LineString","coordinates":[[-58.51278,-34.606459],[-58.513001,-34.60659]]}},{"type":"Feature","properties":{"name":"Avenida Francisco Beiró","ref":null,"osm":"way/99621775"},"geometry":{"type":"LineString","coordinates":[[-58.516821,-34.608949],[-58.517892,-34.60959],[-58.518082,-34.609718]]}},{"type":"Feature","properties":{"name":"Avenida de los Incas","ref":null,"osm":"way/99621776"},"geometry":{"type":"LineString","coordinates":[[-58.475492,-34.582152],[-58.476428,-34.582857],[-58.47654,-34.582944],[-58.476651,-34.58303]]}},{"type":"Feature","properties":{"name":"Avenida de los Incas","ref":null,"osm":"way/99621783"},"geometry":{"type":"LineString","coordinates":[[-58.482541,-34.587468],[-58.482726,-34.587605],[-58.48342,-34.58813],[-58.483444,-34.588148],[-58.484091,-34.588626],[-58.484232,-34.588739]]}},{"type":"Feature","properties":{"name":"Avenida Francisco Beiró","ref":null,"osm":"way/99621787"},"geometry":{"type":"LineString","coordinates":[[-58.514267,-34.607372],[-58.514465,-34.607494],[-58.514542,-34.607541],[-58.514614,-34.607585],[-58.515545,-34.60816]]}},{"type":"Feature","properties":{"name":"Avenida Francisco Beiró","ref":null,"osm":"way/99621795"},"geometry":{"type":"LineString","coordinates":[[-58.508283,-34.603689],[-58.508381,-34.603744]]}},{"type":"Feature","properties":{"name":"Avenida Francisco Beiró","ref":null,"osm":"way/99621797"},"geometry":{"type":"LineString","coordinates":[[-58.513507,-34.606901],[-58.513813,-34.60709],[-58.514267,-34.607372]]}},{"type":"Feature","properties":{"name":"Avenida de los Incas","ref":null,"osm":"way/99621801"},"geometry":{"type":"LineString","coordinates":[[-58.476651,-34.58303],[-58.476869,-34.583197],[-58.477995,-34.584046]]}},{"type":"Feature","properties":{"name":"Avenida de los Incas","ref":null,"osm":"way/99621808"},"geometry":{"type":"LineString","coordinates":[[-58.480698,-34.586084],[-58.480843,-34.586195],[-58.481694,-34.586833]]}},{"type":"Feature","properties":{"name":"Avenida Francisco Beiró","ref":null,"osm":"way/99621810"},"geometry":{"type":"LineString","coordinates":[[-58.503118,-34.600478],[-58.503614,-34.600786]]}},{"type":"Feature","properties":{"name":"Avenida Francisco Beiró","ref":null,"osm":"way/99621811"},"geometry":{"type":"LineString","coordinates":[[-58.508381,-34.603744],[-58.508826,-34.604028],[-58.509197,-34.604253]]}},{"type":"Feature","properties":{"name":"Avenida Francisco Beiró","ref":null,"osm":"way/99621819"},"geometry":{"type":"LineString","coordinates":[[-58.521954,-34.612057],[-58.522055,-34.612117],[-58.522439,-34.612354],[-58.522535,-34.612413],[-58.523303,-34.612878],[-58.523443,-34.612959],[-58.523513,-34.613004]]}},{"type":"Feature","properties":{"name":"Avenida Francisco Beiró","ref":null,"osm":"way/99621822"},"geometry":{"type":"LineString","coordinates":[[-58.499528,-34.598278],[-58.499647,-34.598351]]}},{"type":"Feature","properties":{"name":"Avenida Francisco Beiró","ref":null,"osm":"way/99621824"},"geometry":{"type":"LineString","coordinates":[[-58.503614,-34.600786],[-58.504637,-34.601418],[-58.504715,-34.601466],[-58.50487,-34.601562],[-58.505577,-34.601996]]}},{"type":"Feature","properties":{"name":"Avenida Francisco Beiró","ref":null,"osm":"way/99621830"},"geometry":{"type":"LineString","coordinates":[[-58.513001,-34.60659],[-58.513507,-34.606901]]}},{"type":"Feature","properties":{"name":"Avenida Francisco Beiró","ref":null,"osm":"way/99621834"},"geometry":{"type":"LineString","coordinates":[[-58.500888,-34.599121],[-58.501089,-34.599249],[-58.502025,-34.599801],[-58.502214,-34.59992]]}},{"type":"Feature","properties":{"name":"Avenida Francisco Beiró","ref":null,"osm":"way/99621837"},"geometry":{"type":"LineString","coordinates":[[-58.502312,-34.599983],[-58.50284,-34.600307],[-58.503036,-34.600428],[-58.503118,-34.600478]]}},{"type":"Feature","properties":{"name":"Avenida Francisco Beiró","ref":null,"osm":"way/99621838"},"geometry":{"type":"LineString","coordinates":[[-58.518082,-34.609718],[-58.518251,-34.609825]]}},{"type":"Feature","properties":{"name":"Avenida Francisco Beiró","ref":null,"osm":"way/99621839"},"geometry":{"type":"LineString","coordinates":[[-58.518251,-34.609825],[-58.518364,-34.609891],[-58.518705,-34.610099],[-58.518801,-34.610157],[-58.519327,-34.610471],[-58.519441,-34.610539]]}},{"type":"Feature","properties":{"name":"Avenida Francisco Beiró","ref":null,"osm":"way/99621855"},"geometry":{"type":"LineString","coordinates":[[-58.523513,-34.613004],[-58.52399,-34.613296],[-58.524476,-34.613584]]}},{"type":"Feature","properties":{"name":"Avenida Francisco Beiró","ref":null,"osm":"way/99621857"},"geometry":{"type":"LineString","coordinates":[[-58.519441,-34.610539],[-58.520093,-34.610932],[-58.520226,-34.611012],[-58.520416,-34.611126]]}},{"type":"Feature","properties":{"name":"Avenida Francisco Beiró","ref":null,"osm":"way/99621866"},"geometry":{"type":"LineString","coordinates":[[-58.511726,-34.605806],[-58.51278,-34.606459]]}},{"type":"Feature","properties":{"name":"Avenida Francisco Beiró","ref":null,"osm":"way/99621871"},"geometry":{"type":"LineString","coordinates":[[-58.515545,-34.60816],[-58.515753,-34.608288],[-58.516821,-34.608949]]}},{"type":"Feature","properties":{"name":"Avenida San Martín","ref":null,"osm":"way/100400125"},"geometry":{"type":"LineString","coordinates":[[-58.518961,-34.589378],[-58.518481,-34.589523]]}},{"type":"Feature","properties":{"name":"Avenida San Martín","ref":null,"osm":"way/100400126"},"geometry":{"type":"LineString","coordinates":[[-58.518914,-34.589269],[-58.518959,-34.589255],[-58.519095,-34.589202]]}},{"type":"Feature","properties":{"name":"Avenida Álvarez Thomas","ref":null,"osm":"way/101815005"},"geometry":{"type":"LineString","coordinates":[[-58.453038,-34.579825],[-58.453402,-34.579702],[-58.453515,-34.579664]]}},{"type":"Feature","properties":{"name":"Avenida Álvarez Thomas","ref":null,"osm":"way/101815011"},"geometry":{"type":"LineString","coordinates":[[-58.454846,-34.579232],[-58.45503,-34.579177],[-58.455944,-34.578903]]}},{"type":"Feature","properties":{"name":"Avenida Álvarez Thomas","ref":null,"osm":"way/101815022"},"geometry":{"type":"LineString","coordinates":[[-58.453515,-34.579664],[-58.453966,-34.579514],[-58.454386,-34.57938],[-58.454562,-34.579324],[-58.454846,-34.579232]]}},{"type":"Feature","properties":{"name":"Avenida Álvarez Thomas","ref":null,"osm":"way/101815029"},"geometry":{"type":"LineString","coordinates":[[-58.455944,-34.578903],[-58.456478,-34.578767],[-58.456563,-34.578745],[-58.457046,-34.57862],[-58.457241,-34.578569]]}},{"type":"Feature","properties":{"name":"Avenida Álvarez Thomas","ref":null,"osm":"way/101815067"},"geometry":{"type":"LineString","coordinates":[[-58.458502,-34.57836],[-58.45862,-34.578354],[-58.458829,-34.578344],[-58.458991,-34.578337],[-58.459155,-34.578327]]}},{"type":"Feature","properties":{"name":"Avenida Álvarez Thomas","ref":null,"osm":"way/101815072"},"geometry":{"type":"LineString","coordinates":[[-58.452139,-34.58012],[-58.453038,-34.579825]]}},{"type":"Feature","properties":{"name":"Avenida Álvarez Thomas","ref":null,"osm":"way/101815074"},"geometry":{"type":"LineString","coordinates":[[-58.457241,-34.578569],[-58.457521,-34.578491],[-58.45769,-34.578445],[-58.457776,-34.578421],[-58.457861,-34.578404],[-58.457942,-34.578393],[-58.458025,-34.578387],[-58.458502,-34.57836]]}},{"type":"Feature","properties":{"name":"Avenida Álvarez Thomas","ref":null,"osm":"way/101815097"},"geometry":{"type":"LineString","coordinates":[[-58.459683,-34.578312],[-58.459901,-34.578305],[-58.460209,-34.578292]]}},{"type":"Feature","properties":{"name":"Avenida Álvarez Thomas","ref":null,"osm":"way/101815099"},"geometry":{"type":"LineString","coordinates":[[-58.45204,-34.58015],[-58.452139,-34.58012]]}},{"type":"Feature","properties":{"name":"Avenida Jorge Newbery","ref":null,"osm":"way/101891609"},"geometry":{"type":"LineString","coordinates":[[-58.448866,-34.582748],[-58.448492,-34.581586],[-58.448424,-34.581473]]}},{"type":"Feature","properties":{"name":"Avenida Córdoba","ref":null,"osm":"way/101891616"},"geometry":{"type":"LineString","coordinates":[[-58.441398,-34.586776],[-58.441659,-34.586607],[-58.441867,-34.586471],[-58.442434,-34.586102]]}},{"type":"Feature","properties":{"name":"Avenida Juan Bautista Justo","ref":null,"osm":"way/101891645"},"geometry":{"type":"LineString","coordinates":[[-58.434688,-34.585408],[-58.433744,-34.58472]]}},{"type":"Feature","properties":{"name":"Avenida Triunvirato","ref":null,"osm":"way/102030350"},"geometry":{"type":"LineString","coordinates":[[-58.468507,-34.583403],[-58.468913,-34.583276],[-58.469314,-34.583142],[-58.469549,-34.583064]]}},{"type":"Feature","properties":{"name":"Avenida Triunvirato","ref":null,"osm":"way/102030358"},"geometry":{"type":"LineString","coordinates":[[-58.469549,-34.583064],[-58.469866,-34.582963],[-58.470259,-34.582838],[-58.470876,-34.582632]]}},{"type":"Feature","properties":{"name":"Avenida Triunvirato","ref":null,"osm":"way/102030360"},"geometry":{"type":"LineString","coordinates":[[-58.470876,-34.582632],[-58.471511,-34.582428],[-58.472077,-34.582256]]}},{"type":"Feature","properties":{"name":"Avenida Triunvirato","ref":null,"osm":"way/102030362"},"geometry":{"type":"LineString","coordinates":[[-58.463452,-34.585086],[-58.463678,-34.585001],[-58.463855,-34.584941],[-58.464893,-34.584589]]}},{"type":"Feature","properties":{"name":"Avenida Triunvirato","ref":null,"osm":"way/102030364"},"geometry":{"type":"LineString","coordinates":[[-58.464893,-34.584589],[-58.465952,-34.584231],[-58.466123,-34.584174],[-58.466311,-34.584113]]}},{"type":"Feature","properties":{"name":"Avenida Triunvirato","ref":null,"osm":"way/102030371"},"geometry":{"type":"LineString","coordinates":[[-58.473615,-34.581744],[-58.4739,-34.581648],[-58.473942,-34.581632],[-58.473976,-34.581616],[-58.474062,-34.581556]]}},{"type":"Feature","properties":{"name":"Avenida Triunvirato","ref":null,"osm":"way/102030374"},"geometry":{"type":"LineString","coordinates":[[-58.467394,-34.583764],[-58.468507,-34.583403]]}},{"type":"Feature","properties":{"name":"Avenida Triunvirato","ref":null,"osm":"way/102030379"},"geometry":{"type":"LineString","coordinates":[[-58.474693,-34.580824],[-58.474712,-34.5808],[-58.474764,-34.580741],[-58.475006,-34.580473]]}},{"type":"Feature","properties":{"name":"Avenida Triunvirato","ref":null,"osm":"way/102030388"},"geometry":{"type":"LineString","coordinates":[[-58.466311,-34.584113],[-58.466652,-34.584005],[-58.46678,-34.583966],[-58.467394,-34.583764]]}},{"type":"Feature","properties":{"name":"Avenida de los Constituyentes","ref":null,"osm":"way/105661307"},"geometry":{"type":"LineString","coordinates":[[-58.483654,-34.589481],[-58.482497,-34.589886]]}},{"type":"Feature","properties":{"name":"Avenida de los Constituyentes","ref":null,"osm":"way/105661333"},"geometry":{"type":"LineString","coordinates":[[-58.478209,-34.591084],[-58.477767,-34.591198]]}},{"type":"Feature","properties":{"name":"Avenida de los Constituyentes","ref":null,"osm":"way/105661337"},"geometry":{"type":"LineString","coordinates":[[-58.477767,-34.591198],[-58.477684,-34.591219],[-58.477628,-34.591234],[-58.47736,-34.5913]]}},{"type":"Feature","properties":{"name":"Avenida de los Constituyentes","ref":null,"osm":"way/105661360"},"geometry":{"type":"LineString","coordinates":[[-58.484173,-34.589298],[-58.483654,-34.589481]]}},{"type":"Feature","properties":{"name":"Avenida de los Constituyentes","ref":null,"osm":"way/105661361"},"geometry":{"type":"LineString","coordinates":[[-58.481454,-34.590247],[-58.481373,-34.590272],[-58.481252,-34.590306],[-58.481212,-34.590316],[-58.48113,-34.590337]]}},{"type":"Feature","properties":{"name":"Avenida Warnes","ref":null,"osm":"way/106964090"},"geometry":{"type":"LineString","coordinates":[[-58.476647,-34.597048],[-58.47602,-34.597033]]}},{"type":"Feature","properties":{"name":"Avenida Warnes","ref":null,"osm":"way/106964095"},"geometry":{"type":"LineString","coordinates":[[-58.471301,-34.59644],[-58.47101,-34.596379],[-58.470962,-34.596371],[-58.470698,-34.596318],[-58.470599,-34.596301],[-58.470517,-34.596288]]}},{"type":"Feature","properties":{"name":"Avenida Warnes","ref":null,"osm":"way/106964105"},"geometry":{"type":"LineString","coordinates":[[-58.47602,-34.597033],[-58.475965,-34.597032],[-58.475915,-34.597034],[-58.475671,-34.597034],[-58.474936,-34.597017],[-58.474754,-34.597014],[-58.47467,-34.597013],[-58.474632,-34.597012],[-58.474532,-34.59701],[-58.474436,-34.597009],[-58.474252,-34.597002],[-58.474024,-34.596978],[-58.473656,-34.596924],[-58.472417,-34.59667],[-58.47228,-34.596647],[-58.471419,-34.596462],[-58.471301,-34.59644]]}},{"type":"Feature","properties":{"name":"Avenida Warnes","ref":null,"osm":"way/106964112"},"geometry":{"type":"LineString","coordinates":[[-58.470291,-34.596263],[-58.470247,-34.596263],[-58.468903,-34.596269],[-58.468102,-34.596277]]}},{"type":"Feature","properties":{"name":"Avenida Chorroarín","ref":null,"osm":"way/106964113"},"geometry":{"type":"LineString","coordinates":[[-58.47867,-34.599281],[-58.478609,-34.599119],[-58.478584,-34.598974]]}},{"type":"Feature","properties":{"name":"Avenida Leopoldo Lugones","ref":"AV1-N","osm":"way/107916814"},"geometry":{"type":"LineString","coordinates":[[-58.417885,-34.561422],[-58.417693,-34.561612],[-58.417438,-34.561834],[-58.417171,-34.562064],[-58.416914,-34.562266],[-58.416626,-34.562476],[-58.416408,-34.562636],[-58.416149,-34.562814],[-58.415775,-34.563065],[-58.415378,-34.563313]]}},{"type":"Feature","properties":{"name":"Avenida Dorrego","ref":null,"osm":"way/107916823"},"geometry":{"type":"LineString","coordinates":[[-58.423606,-34.570771],[-58.423643,-34.570677],[-58.423635,-34.570614],[-58.423627,-34.570577],[-58.423609,-34.570542],[-58.423536,-34.570458]]}},{"type":"Feature","properties":{"name":"Avenida Presidente Sarmiento","ref":null,"osm":"way/107916836"},"geometry":{"type":"LineString","coordinates":[[-58.40921,-34.568771],[-58.409296,-34.568861],[-58.409318,-34.568883]]}},{"type":"Feature","properties":{"name":"Avenida Dorrego","ref":null,"osm":"way/107916848"},"geometry":{"type":"LineString","coordinates":[[-58.420138,-34.566088],[-58.420103,-34.566024],[-58.419876,-34.565668],[-58.419824,-34.565535]]}},{"type":"Feature","properties":{"name":"Avenida Dorrego","ref":null,"osm":"way/107916854"},"geometry":{"type":"LineString","coordinates":[[-58.423698,-34.57039],[-58.423794,-34.570492],[-58.423973,-34.570702],[-58.423971,-34.570811]]}},{"type":"Feature","properties":{"name":"Avenida Dorrego","ref":null,"osm":"way/107916865"},"geometry":{"type":"LineString","coordinates":[[-58.419824,-34.565535],[-58.419725,-34.565242]]}},{"type":"Feature","properties":{"name":null,"ref":null,"osm":"way/114893934"},"geometry":{"type":"LineString","coordinates":[[-58.37697,-34.639721],[-58.376982,-34.640024],[-58.376988,-34.640093],[-58.377084,-34.640335]]}},{"type":"Feature","properties":{"name":"Autopista Presidente Arturo Frondizi","ref":"AV1-Sur","osm":"way/114893935"},"geometry":{"type":"LineString","coordinates":[[-58.379435,-34.626956],[-58.378907,-34.628434],[-58.378769,-34.628884],[-58.378709,-34.62914],[-58.378669,-34.629381],[-58.37863,-34.629592],[-58.378607,-34.629852],[-58.378588,-34.630099],[-58.378605,-34.630423],[-58.378659,-34.631632]]}},{"type":"Feature","properties":{"name":null,"ref":null,"osm":"way/114893936"},"geometry":{"type":"LineString","coordinates":[[-58.377289,-34.637062],[-58.377213,-34.637636],[-58.377166,-34.63802],[-58.377101,-34.638552],[-58.377056,-34.638922]]}},{"type":"Feature","properties":{"name":"Autopista Presidente Arturo Frondizi","ref":"AV1-Sur","osm":"way/114893937"},"geometry":{"type":"LineString","coordinates":[[-58.378659,-34.631632],[-58.378655,-34.631869],[-58.378629,-34.632128],[-58.378602,-34.632311],[-58.3785,-34.632709],[-58.378292,-34.633298],[-58.378236,-34.63344],[-58.378177,-34.633596],[-58.378036,-34.634004]]}},{"type":"Feature","properties":{"name":null,"ref":null,"osm":"way/114893938"},"geometry":{"type":"LineString","coordinates":[[-58.380292,-34.623798],[-58.380322,-34.623707],[-58.380334,-34.623654],[-58.38034,-34.623602],[-58.380341,-34.623531],[-58.380337,-34.623485],[-58.380326,-34.62344],[-58.380313,-34.623401],[-58.380294,-34.623356],[-58.38017,-34.623107],[-58.38014,-34.623047],[-58.380118,-34.622996],[-58.380103,-34.622942],[-58.380097,-34.622895],[-58.380093,-34.622852],[-58.380092,-34.622806],[-58.380098,-34.622767],[-58.380113,-34.622726],[-58.380135,-34.622678],[-58.380164,-34.622627],[-58.3802,-34.622585],[-58.380247,-34.622541],[-58.3803,-34.622501],[-58.380354,-34.62247],[-58.380455,-34.622432]]}},{"type":"Feature","properties":{"name":null,"ref":null,"osm":"way/114893939"},"geometry":{"type":"LineString","coordinates":[[-58.37658,-34.637441],[-58.376715,-34.637111],[-58.376749,-34.63702],[-58.376796,-34.636888],[-58.377048,-34.635996],[-58.377119,-34.635783],[-58.37724,-34.635404],[-58.377386,-34.635],[-58.377505,-34.634773]]}},{"type":"Feature","properties":{"name":"Autopista Presidente Arturo Frondizi","ref":"AV1-Sur","osm":"way/114893940"},"geometry":{"type":"LineString","coordinates":[[-58.378522,-34.631623],[-58.378462,-34.630548],[-58.378444,-34.629846],[-58.37846,-34.629633],[-58.378481,-34.62944],[-58.378512,-34.629226],[-58.378583,-34.628964],[-58.378715,-34.62856],[-58.378902,-34.627974],[-58.379034,-34.627569]]}},{"type":"Feature","properties":{"name":null,"ref":null,"osm":"way/114893941"},"geometry":{"type":"LineString","coordinates":[[-58.38002,-34.625801],[-58.379863,-34.62615],[-58.379838,-34.6262],[-58.37971,-34.62644],[-58.379435,-34.626956]]}},{"type":"Feature","properties":{"name":null,"ref":null,"osm":"way/114893942"},"geometry":{"type":"LineString","coordinates":[[-58.376555,-34.64183],[-58.376475,-34.642119],[-58.376426,-34.642268],[-58.376345,-34.642493],[-58.376239,-34.642775]]}},{"type":"Feature","properties":{"name":"Avenida Juan Bautista Justo","ref":null,"osm":"way/121035101"},"geometry":{"type":"LineString","coordinates":[[-58.431612,-34.583135],[-58.430639,-34.582421],[-58.430081,-34.582005],[-58.43002,-34.581959],[-58.429968,-34.58192]]}},{"type":"Feature","properties":{"name":"Avenida Juan Bautista Justo","ref":null,"osm":"way/121176028"},"geometry":{"type":"LineString","coordinates":[[-58.44424,-34.594809],[-58.444133,-34.594735],[-58.443491,-34.594267]]}},{"type":"Feature","properties":{"name":"Avenida Juan Bautista Justo","ref":null,"osm":"way/121176029"},"geometry":{"type":"LineString","coordinates":[[-58.441684,-34.593028],[-58.44074,-34.592376],[-58.440653,-34.592314]]}},{"type":"Feature","properties":{"name":"Avenida Juan Bautista Justo","ref":null,"osm":"way/121176031"},"geometry":{"type":"LineString","coordinates":[[-58.443491,-34.594267],[-58.442799,-34.593788],[-58.44268,-34.593706]]}},{"type":"Feature","properties":{"name":"Avenida Juan Bautista Justo","ref":null,"osm":"way/121176032"},"geometry":{"type":"LineString","coordinates":[[-58.44268,-34.593706],[-58.441684,-34.593028]]}},{"type":"Feature","properties":{"name":"Avenida Juan Bautista Justo","ref":null,"osm":"way/121176033"},"geometry":{"type":"LineString","coordinates":[[-58.440653,-34.592314],[-58.440577,-34.592262],[-58.439716,-34.59168],[-58.439687,-34.591657],[-58.439603,-34.591592]]}},{"type":"Feature","properties":{"name":"Avenida Juan Bautista Justo","ref":null,"osm":"way/121176034"},"geometry":{"type":"LineString","coordinates":[[-58.438886,-34.590499],[-58.438932,-34.590614],[-58.438992,-34.590713],[-58.439057,-34.590812],[-58.439188,-34.590981],[-58.439384,-34.591198],[-58.439528,-34.591335],[-58.439612,-34.591408],[-58.439636,-34.591426]]}},{"type":"Feature","properties":{"name":"Avenida Triunvirato","ref":null,"osm":"way/122412697"},"geometry":{"type":"LineString","coordinates":[[-58.480105,-34.578387],[-58.480418,-34.578176],[-58.481253,-34.577608],[-58.481399,-34.577512]]}},{"type":"Feature","properties":{"name":"Avenida Triunvirato","ref":null,"osm":"way/122412698"},"geometry":{"type":"LineString","coordinates":[[-58.475006,-34.580473],[-58.475364,-34.580008],[-58.47542,-34.579966]]}},{"type":"Feature","properties":{"name":"Avenida Triunvirato","ref":null,"osm":"way/122412699"},"geometry":{"type":"LineString","coordinates":[[-58.47898,-34.57912],[-58.479083,-34.579066],[-58.479423,-34.578842],[-58.479547,-34.57876],[-58.480105,-34.578387]]}},{"type":"Feature","properties":{"name":"Avenida Triunvirato","ref":null,"osm":"way/122412700"},"geometry":{"type":"LineString","coordinates":[[-58.475764,-34.579894],[-58.476112,-34.579811],[-58.476418,-34.579738],[-58.476558,-34.579703],[-58.477234,-34.579535],[-58.47819,-34.579301],[-58.478498,-34.579227],[-58.478754,-34.579169],[-58.47898,-34.57912]]}},{"type":"Feature","properties":{"name":"Avenida Juan Bautista Justo","ref":null,"osm":"way/126149603"},"geometry":{"type":"LineString","coordinates":[[-58.445463,-34.59565],[-58.444387,-34.594913],[-58.444363,-34.594896],[-58.44424,-34.594809]]}},{"type":"Feature","properties":{"name":"Avenida Juan Bautista Justo","ref":null,"osm":"way/126149604"},"geometry":{"type":"LineString","coordinates":[[-58.446534,-34.596388],[-58.445463,-34.59565]]}},{"type":"Feature","properties":{"name":"Autopista 25 de Mayo","ref":"AU1","osm":"way/127284456"},"geometry":{"type":"LineString","coordinates":[[-58.368716,-34.622588],[-58.368375,-34.622592],[-58.368012,-34.62258],[-58.366931,-34.622522],[-58.36677,-34.622524],[-58.366607,-34.622537],[-58.366438,-34.622561],[-58.366247,-34.622615],[-58.366086,-34.622674],[-58.365909,-34.622756],[-58.36577,-34.62284]]}},{"type":"Feature","properties":{"name":"Autopista Doctor Ricardo Balbín","ref":"RN1","osm":"way/127284457"},"geometry":{"type":"LineString","coordinates":[[-58.359906,-34.626181],[-58.360356,-34.625943]]}},{"type":"Feature","properties":{"name":"Avenida Juan Bautista Justo","ref":null,"osm":"way/128824027"},"geometry":{"type":"LineString","coordinates":[[-58.44883,-34.597804],[-58.449909,-34.598575]]}},{"type":"Feature","properties":{"name":"Avenida Juan Bautista Justo","ref":null,"osm":"way/128824028"},"geometry":{"type":"LineString","coordinates":[[-58.440757,-34.592204],[-58.44085,-34.592264],[-58.441685,-34.592862],[-58.441777,-34.592928]]}},{"type":"Feature","properties":{"name":"Avenida Juan Bautista Justo","ref":null,"osm":"way/128824029"},"geometry":{"type":"LineString","coordinates":[[-58.450806,-34.599355],[-58.450675,-34.599268],[-58.449922,-34.598757],[-58.449795,-34.598664]]}},{"type":"Feature","properties":{"name":"Avenida Juan Bautista Justo","ref":null,"osm":"way/128824030"},"geometry":{"type":"LineString","coordinates":[[-58.443581,-34.594174],[-58.444251,-34.594623],[-58.444356,-34.594695]]}},{"type":"Feature","properties":{"name":"Avenida Juan Bautista Justo","ref":null,"osm":"way/128824031"},"geometry":{"type":"LineString","coordinates":[[-58.448711,-34.597909],[-58.447689,-34.597216],[-58.447606,-34.597156]]}},{"type":"Feature","properties":{"name":"Avenida Juan Bautista Justo","ref":null,"osm":"way/128824032"},"geometry":{"type":"LineString","coordinates":[[-58.449909,-34.598575],[-58.450826,-34.599204],[-58.450964,-34.599299]]}},{"type":"Feature","properties":{"name":"Avenida Juan Bautista Justo","ref":null,"osm":"way/128824034"},"geometry":{"type":"LineString","coordinates":[[-58.441777,-34.592928],[-58.442779,-34.593603]]}},{"type":"Feature","properties":{"name":"Avenida Juan Bautista Justo","ref":null,"osm":"way/128824035"},"geometry":{"type":"LineString","coordinates":[[-58.449795,-34.598664],[-58.448711,-34.597909]]}},{"type":"Feature","properties":{"name":"Avenida Juan Bautista Justo","ref":null,"osm":"way/128824036"},"geometry":{"type":"LineString","coordinates":[[-58.446644,-34.596283],[-58.44762,-34.596959],[-58.447655,-34.596982],[-58.447741,-34.597036],[-58.447831,-34.597096],[-58.448716,-34.597725],[-58.44883,-34.597804]]}},{"type":"Feature","properties":{"name":"Avenida Juan Bautista Justo","ref":null,"osm":"way/128824037"},"geometry":{"type":"LineString","coordinates":[[-58.444356,-34.594695],[-58.444481,-34.59478],[-58.445469,-34.59548],[-58.445567,-34.595548]]}},{"type":"Feature","properties":{"name":"Avenida Juan Bautista Justo","ref":null,"osm":"way/128824038"},"geometry":{"type":"LineString","coordinates":[[-58.447606,-34.597156],[-58.447534,-34.597092],[-58.446657,-34.596472],[-58.446534,-34.596388]]}},{"type":"Feature","properties":{"name":"Avenida Juan Bautista Justo","ref":null,"osm":"way/128824039"},"geometry":{"type":"LineString","coordinates":[[-58.442779,-34.593603],[-58.443581,-34.594174]]}},{"type":"Feature","properties":{"name":"Avenida Juan Bautista Justo","ref":null,"osm":"way/128824040"},"geometry":{"type":"LineString","coordinates":[[-58.445567,-34.595548],[-58.446644,-34.596283]]}},{"type":"Feature","properties":{"name":"Avenida Juan Bautista Justo","ref":null,"osm":"way/128824041"},"geometry":{"type":"LineString","coordinates":[[-58.439709,-34.591478],[-58.439808,-34.591547],[-58.440106,-34.59176],[-58.440658,-34.592135],[-58.440679,-34.59215],[-58.440757,-34.592204]]}},{"type":"Feature","properties":{"name":"Avenida Juan Bautista Justo","ref":null,"osm":"way/128828463"},"geometry":{"type":"LineString","coordinates":[[-58.452054,-34.600022],[-58.452147,-34.600084]]}},{"type":"Feature","properties":{"name":"Avenida Juan Bautista Justo","ref":null,"osm":"way/128828464"},"geometry":{"type":"LineString","coordinates":[[-58.450964,-34.599299],[-58.451064,-34.599368],[-58.451934,-34.599942],[-58.451962,-34.59996],[-58.452054,-34.600022]]}},{"type":"Feature","properties":{"name":"Avenida Juan Bautista Justo","ref":null,"osm":"way/128828465"},"geometry":{"type":"LineString","coordinates":[[-58.455072,-34.602076],[-58.456029,-34.602715],[-58.456077,-34.602747]]}},{"type":"Feature","properties":{"name":"Avenida Juan Bautista Justo","ref":null,"osm":"way/128828466"},"geometry":{"type":"LineString","coordinates":[[-58.452147,-34.600084],[-58.452253,-34.600154],[-58.453137,-34.600752]]}},{"type":"Feature","properties":{"name":"Avenida Juan Bautista Justo","ref":null,"osm":"way/128828467"},"geometry":{"type":"LineString","coordinates":[[-58.453137,-34.600752],[-58.453997,-34.601352],[-58.454088,-34.601412]]}},{"type":"Feature","properties":{"name":"Avenida Juan Bautista Justo","ref":null,"osm":"way/128828468"},"geometry":{"type":"LineString","coordinates":[[-58.452038,-34.600195],[-58.451949,-34.600135]]}},{"type":"Feature","properties":{"name":"Avenida Juan Bautista Justo","ref":null,"osm":"way/128828469"},"geometry":{"type":"LineString","coordinates":[[-58.454088,-34.601412],[-58.455072,-34.602076]]}},{"type":"Feature","properties":{"name":"Avenida Juan Bautista Justo","ref":null,"osm":"way/128828470"},"geometry":{"type":"LineString","coordinates":[[-58.452632,-34.600596],[-58.452181,-34.600294],[-58.452142,-34.600267],[-58.452038,-34.600195]]}},{"type":"Feature","properties":{"name":"Avenida Juan Bautista Justo","ref":null,"osm":"way/128828471"},"geometry":{"type":"LineString","coordinates":[[-58.454958,-34.602193],[-58.453985,-34.601519]]}},{"type":"Feature","properties":{"name":"Avenida Juan Bautista Justo","ref":null,"osm":"way/128828472"},"geometry":{"type":"LineString","coordinates":[[-58.455914,-34.602823],[-58.455887,-34.602805],[-58.454958,-34.602193]]}},{"type":"Feature","properties":{"name":"Avenida Juan Bautista Justo","ref":null,"osm":"way/128828473"},"geometry":{"type":"LineString","coordinates":[[-58.457411,-34.603832],[-58.456042,-34.602908],[-58.455914,-34.602823]]}},{"type":"Feature","properties":{"name":"Avenida Juan Bautista Justo","ref":null,"osm":"way/128828474"},"geometry":{"type":"LineString","coordinates":[[-58.456077,-34.602747],[-58.457355,-34.603613],[-58.457493,-34.60371]]}},{"type":"Feature","properties":{"name":"Avenida Juan Bautista Justo","ref":null,"osm":"way/128828475"},"geometry":{"type":"LineString","coordinates":[[-58.453985,-34.601519],[-58.453159,-34.60095],[-58.453034,-34.600864],[-58.452632,-34.600596]]}},{"type":"Feature","properties":{"name":"Avenida Warnes","ref":null,"osm":"way/128828477"},"geometry":{"type":"LineString","coordinates":[[-58.453729,-34.598402],[-58.452958,-34.598644]]}},{"type":"Feature","properties":{"name":"Avenida Warnes","ref":null,"osm":"way/128828478"},"geometry":{"type":"LineString","coordinates":[[-58.452958,-34.598644],[-58.452653,-34.59874]]}},{"type":"Feature","properties":{"name":"Avenida Warnes","ref":null,"osm":"way/128828480"},"geometry":{"type":"LineString","coordinates":[[-58.452653,-34.59874],[-58.451816,-34.599008]]}},{"type":"Feature","properties":{"name":"Avenida Juan Bautista Justo","ref":null,"osm":"way/128829577"},"geometry":{"type":"LineString","coordinates":[[-58.458573,-34.604456],[-58.458749,-34.604581],[-58.459518,-34.60511],[-58.459635,-34.605192]]}},{"type":"Feature","properties":{"name":"Avenida Juan Bautista Justo","ref":null,"osm":"way/128829578"},"geometry":{"type":"LineString","coordinates":[[-58.457493,-34.60371],[-58.458299,-34.604252],[-58.458382,-34.604308],[-58.458424,-34.604338],[-58.458573,-34.604456]]}},{"type":"Feature","properties":{"name":"Avenida Warnes","ref":null,"osm":"way/128829580"},"geometry":{"type":"LineString","coordinates":[[-58.459221,-34.5967],[-58.459079,-34.596727],[-58.458241,-34.596912],[-58.458139,-34.596938]]}},{"type":"Feature","properties":{"name":"Avenida Warnes","ref":null,"osm":"way/128829581"},"geometry":{"type":"LineString","coordinates":[[-58.460788,-34.596598],[-58.459782,-34.596657],[-58.45936,-34.596686],[-58.459221,-34.5967]]}},{"type":"Feature","properties":{"name":"Avenida Warnes","ref":null,"osm":"way/128829582"},"geometry":{"type":"LineString","coordinates":[[-58.458139,-34.596938],[-58.458066,-34.596958],[-58.45799,-34.596985],[-58.457956,-34.596998],[-58.457827,-34.597041]]}},{"type":"Feature","properties":{"name":"Avenida Juan Bautista Justo","ref":null,"osm":"way/129239784"},"geometry":{"type":"LineString","coordinates":[[-58.465844,-34.61028],[-58.465736,-34.610176],[-58.465313,-34.609706]]}},{"type":"Feature","properties":{"name":"Avenida Elvira Rawson de Dellepiane","ref":null,"osm":"way/130275386"},"geometry":{"type":"LineString","coordinates":[[-58.35769,-34.619238],[-58.357777,-34.619256],[-58.357825,-34.619272],[-58.357868,-34.619293],[-58.357929,-34.619348],[-58.35899,-34.620434],[-58.359192,-34.620663]]}},{"type":"Feature","properties":{"name":"Avenida Juan Bautista Justo","ref":null,"osm":"way/130348870"},"geometry":{"type":"LineString","coordinates":[[-58.427889,-34.579796],[-58.426836,-34.578506],[-58.426648,-34.578271]]}},{"type":"Feature","properties":{"name":"Avenida Juan Bautista Justo","ref":null,"osm":"way/130348872"},"geometry":{"type":"LineString","coordinates":[[-58.430099,-34.581822],[-58.430387,-34.582047],[-58.43042,-34.582073],[-58.430643,-34.582247],[-58.430742,-34.58232],[-58.431221,-34.582674],[-58.431714,-34.583042]]}},{"type":"Feature","properties":{"name":"Avenida San Pedrito","ref":null,"osm":"way/130504327"},"geometry":{"type":"LineString","coordinates":[[-58.468988,-34.632142],[-58.469457,-34.631093],[-58.46953,-34.63093],[-58.46957,-34.630842],[-58.469639,-34.630693]]}},{"type":"Feature","properties":{"name":"Avenida San Pedrito","ref":null,"osm":"way/130504328"},"geometry":{"type":"LineString","coordinates":[[-58.468479,-34.633302],[-58.468591,-34.633047],[-58.468988,-34.632142]]}},{"type":"Feature","properties":{"name":"Avenida San Pedrito","ref":null,"osm":"way/130504329"},"geometry":{"type":"LineString","coordinates":[[-58.465804,-34.639166],[-58.465886,-34.639084]]}},{"type":"Feature","properties":{"name":"Avenida San Pedrito","ref":null,"osm":"way/130504330"},"geometry":{"type":"LineString","coordinates":[[-58.465886,-34.639084],[-58.465914,-34.639054],[-58.465937,-34.639018],[-58.46596,-34.638979],[-58.466514,-34.637756]]}},{"type":"Feature","properties":{"name":"Autopista Arturo Illia","ref":"AV1-N","osm":"way/132663179"},"geometry":{"type":"LineString","coordinates":[[-58.411854,-34.565161],[-58.411599,-34.565285],[-58.410661,-34.565763],[-58.410044,-34.566094],[-58.409437,-34.566434]]}},{"type":"Feature","properties":{"name":"Avenida Francisco Beiró","ref":null,"osm":"way/135480861"},"geometry":{"type":"LineString","coordinates":[[-58.496907,-34.596638],[-58.497044,-34.596723]]}},{"type":"Feature","properties":{"name":null,"ref":null,"osm":"way/136791900"},"geometry":{"type":"LineString","coordinates":[[-58.458383,-34.673176],[-58.458424,-34.673025],[-58.458516,-34.672891],[-58.458652,-34.672784],[-58.458819,-34.672715],[-58.459004,-34.672688]]}},{"type":"Feature","properties":{"name":null,"ref":null,"osm":"way/137063148"},"geometry":{"type":"LineString","coordinates":[[-58.443598,-34.65114],[-58.443441,-34.651156],[-58.44331,-34.651149],[-58.443205,-34.651135],[-58.443148,-34.651127]]}},{"type":"Feature","properties":{"name":"Avenida Lafuente","ref":null,"osm":"way/137063318"},"geometry":{"type":"LineString","coordinates":[[-58.454069,-34.650206],[-58.454274,-34.650218],[-58.454359,-34.650232],[-58.454432,-34.650256],[-58.45447,-34.65028],[-58.454508,-34.65031],[-58.454541,-34.650347],[-58.454573,-34.650406]]}},{"type":"Feature","properties":{"name":"Avenida Escalada","ref":null,"osm":"way/139517428"},"geometry":{"type":"LineString","coordinates":[[-58.462112,-34.670922],[-58.461736,-34.671214]]}},{"type":"Feature","properties":{"name":"Avenida Escalada","ref":null,"osm":"way/139517429"},"geometry":{"type":"LineString","coordinates":[[-58.461574,-34.671092],[-58.461901,-34.670833]]}},{"type":"Feature","properties":{"name":"Avenida Escalada","ref":null,"osm":"way/139517433"},"geometry":{"type":"LineString","coordinates":[[-58.462257,-34.670538],[-58.462397,-34.670395],[-58.462534,-34.670237],[-58.462964,-34.669694]]}},{"type":"Feature","properties":{"name":"Avenida Alicia Moreau de Justo","ref":null,"osm":"way/139633955"},"geometry":{"type":"LineString","coordinates":[[-58.36375,-34.624195],[-58.363797,-34.624168],[-58.363831,-34.624145],[-58.363861,-34.624124],[-58.363932,-34.624077],[-58.364003,-34.624023],[-58.364088,-34.623954],[-58.364277,-34.623788]]}},{"type":"Feature","properties":{"name":null,"ref":null,"osm":"way/139634021"},"geometry":{"type":"LineString","coordinates":[[-58.361353,-34.62574],[-58.360836,-34.626024],[-58.360256,-34.626332],[-58.359566,-34.626718],[-58.358221,-34.627443]]}},{"type":"Feature","properties":{"name":"Avenida Triunvirato","ref":null,"osm":"way/140261499"},"geometry":{"type":"LineString","coordinates":[[-58.495637,-34.564852],[-58.495195,-34.565456],[-58.494732,-34.566082],[-58.494639,-34.566208],[-58.493824,-34.567277],[-58.49363,-34.56751],[-58.493414,-34.567773],[-58.493005,-34.568308],[-58.49216,-34.569408]]}},{"type":"Feature","properties":{"name":"Avenida Don Pedro de Mendoza","ref":null,"osm":"way/141895232"},"geometry":{"type":"LineString","coordinates":[[-58.354734,-34.636653],[-58.354651,-34.636609],[-58.354594,-34.636574],[-58.354526,-34.636525],[-58.354448,-34.636465],[-58.354347,-34.636383],[-58.354263,-34.636309],[-58.354158,-34.636203],[-58.354076,-34.636112],[-58.354006,-34.636022],[-58.353932,-34.635917],[-58.353862,-34.635814],[-58.353828,-34.63575],[-58.353776,-34.635649]]}},{"type":"Feature","properties":{"name":"Pinzón","ref":null,"osm":"way/141895263"},"geometry":{"type":"LineString","coordinates":[[-58.358509,-34.633112],[-58.35703,-34.632522],[-58.355894,-34.632064]]}},{"type":"Feature","properties":{"name":null,"ref":null,"osm":"way/141895275"},"geometry":{"type":"LineString","coordinates":[[-58.364277,-34.623788],[-58.364361,-34.623759],[-58.364405,-34.623744],[-58.364461,-34.623732],[-58.364538,-34.623717],[-58.364625,-34.62372],[-58.364696,-34.623731],[-58.364752,-34.623747]]}},{"type":"Feature","properties":{"name":"Autopista Presidente Héctor José Cámpora","ref":"AU7","osm":"way/142413106"},"geometry":{"type":"LineString","coordinates":[[-58.459509,-34.657364],[-58.459923,-34.657022]]}},{"type":"Feature","properties":{"name":"Autopista Presidente Héctor José Cámpora","ref":"AU7","osm":"way/142413109"},"geometry":{"type":"LineString","coordinates":[[-58.454346,-34.661727],[-58.453516,-34.662373],[-58.453384,-34.662477]]}},{"type":"Feature","properties":{"name":"Avenida Juan Bautista Justo","ref":null,"osm":"way/145141913"},"geometry":{"type":"LineString","coordinates":[[-58.43911,-34.591086],[-58.43902,-34.590985]]}},{"type":"Feature","properties":{"name":"Avenida Coronel Roca","ref":null,"osm":"way/147207797"},"geometry":{"type":"LineString","coordinates":[[-58.46202,-34.69051],[-58.462814,-34.691237],[-58.463316,-34.691697],[-58.463383,-34.691762]]}},{"type":"Feature","properties":{"name":"Avenida Coronel Roca","ref":null,"osm":"way/147207801"},"geometry":{"type":"LineString","coordinates":[[-58.459979,-34.688603],[-58.460743,-34.689298]]}},{"type":"Feature","properties":{"name":null,"ref":null,"osm":"way/147207807"},"geometry":{"type":"LineString","coordinates":[[-58.459052,-34.673739],[-58.458965,-34.673737]]}},{"type":"Feature","properties":{"name":null,"ref":null,"osm":"way/147222618"},"geometry":{"type":"LineString","coordinates":[[-58.468723,-34.664618],[-58.468722,-34.664578],[-58.468722,-34.664472]]}},{"type":"Feature","properties":{"name":"Avenida Lisandro de la Torre","ref":null,"osm":"way/147222889"},"geometry":{"type":"LineString","coordinates":[[-58.500214,-34.662514],[-58.50012,-34.662592]]}},{"type":"Feature","properties":{"name":"Avenida Lisandro de la Torre","ref":null,"osm":"way/147222890"},"geometry":{"type":"LineString","coordinates":[[-58.507007,-34.65692],[-58.506853,-34.65705],[-58.506788,-34.657105],[-58.506375,-34.657443],[-58.50579,-34.657923]]}},{"type":"Feature","properties":{"name":"Avenida Don Pedro de Mendoza","ref":null,"osm":"way/147999048"},"geometry":{"type":"LineString","coordinates":[[-58.373896,-34.656252],[-58.373532,-34.655882],[-58.373474,-34.655815],[-58.372718,-34.65497],[-58.372644,-34.654899],[-58.372557,-34.654831],[-58.371929,-34.654474],[-58.371779,-34.654391],[-58.371364,-34.654184],[-58.371246,-34.654134],[-58.371131,-34.654094],[-58.370656,-34.653921],[-58.370551,-34.653875],[-58.370452,-34.653822],[-58.370362,-34.653764],[-58.370276,-34.6537],[-58.370206,-34.653632],[-58.370163,-34.653565],[-58.37013,-34.653495],[-58.370038,-34.653211],[-58.370023,-34.65314],[-58.37002,-34.653082],[-58.370022,-34.653029],[-58.370027,-34.652975],[-58.37004,-34.652923],[-58.370058,-34.652863],[-58.370083,-34.652777],[-58.370225,-34.652262],[-58.370258,-34.652115],[-58.370268,-34.652056],[-58.370274,-34.65201],[-58.370277,-34.651977],[-58.370276,-34.651945],[-58.370272,-34.651916],[-58.370269,-34.651905]]}},{"type":"Feature","properties":{"name":"Avenida General Iriarte","ref":null,"osm":"way/147999053"},"geometry":{"type":"LineString","coordinates":[[-58.394299,-34.651481],[-58.393842,-34.651452],[-58.393292,-34.65143],[-58.392239,-34.651374]]}},{"type":"Feature","properties":{"name":"Avenida Suárez","ref":null,"osm":"way/147999110"},"geometry":{"type":"LineString","coordinates":[[-58.379932,-34.642194],[-58.379753,-34.64208]]}},{"type":"Feature","properties":{"name":"Avenida Suárez","ref":null,"osm":"way/147999112"},"geometry":{"type":"LineString","coordinates":[[-58.379609,-34.641987],[-58.379464,-34.641892],[-58.379398,-34.641849],[-58.37935,-34.641818],[-58.378377,-34.641179]]}},{"type":"Feature","properties":{"name":"California","ref":null,"osm":"way/147999130"},"geometry":{"type":"LineString","coordinates":[[-58.373148,-34.646668],[-58.373033,-34.646638]]}},{"type":"Feature","properties":{"name":"California","ref":null,"osm":"way/147999131"},"geometry":{"type":"LineString","coordinates":[[-58.37532,-34.647247],[-58.37522,-34.64722],[-58.375059,-34.647177],[-58.374326,-34.646983],[-58.373148,-34.646668]]}},{"type":"Feature","properties":{"name":"General Hornos","ref":null,"osm":"way/147999141"},"geometry":{"type":"LineString","coordinates":[[-58.375353,-34.643565],[-58.375429,-34.643122],[-58.37548,-34.6427],[-58.375498,-34.64252],[-58.375536,-34.642133],[-58.375695,-34.640603],[-58.375706,-34.640496],[-58.375774,-34.639776]]}},{"type":"Feature","properties":{"name":"General Hornos","ref":null,"osm":"way/147999143"},"geometry":{"type":"LineString","coordinates":[[-58.373823,-34.648344],[-58.374326,-34.646983],[-58.374364,-34.646824],[-58.374437,-34.646564],[-58.375054,-34.644771],[-58.375154,-34.644408],[-58.375252,-34.643984],[-58.375353,-34.643565]]}},{"type":"Feature","properties":{"name":"Hipólito Vieytes","ref":null,"osm":"way/147999145"},"geometry":{"type":"LineString","coordinates":[[-58.379235,-34.644002],[-58.378971,-34.644732],[-58.378909,-34.644907]]}},{"type":"Feature","properties":{"name":"Hipólito Vieytes","ref":"RP36","osm":"way/147999147"},"geometry":{"type":"LineString","coordinates":[[-58.37438,-34.656146],[-58.374356,-34.656192],[-58.374318,-34.656229],[-58.374259,-34.656277],[-58.374068,-34.656419]]}},{"type":"Feature","properties":{"name":"Hipólito Vieytes","ref":null,"osm":"way/147999149"},"geometry":{"type":"LineString","coordinates":[[-58.378909,-34.644907],[-58.378842,-34.645079],[-58.378823,-34.64512],[-58.378219,-34.646389]]}},{"type":"Feature","properties":{"name":"Hipólito Vieytes","ref":null,"osm":"way/147999150"},"geometry":{"type":"LineString","coordinates":[[-58.378219,-34.646389],[-58.377645,-34.64764],[-58.377553,-34.647842]]}},{"type":"Feature","properties":{"name":"Hipólito Vieytes","ref":null,"osm":"way/147999151"},"geometry":{"type":"LineString","coordinates":[[-58.375834,-34.652378],[-58.375804,-34.652455],[-58.375686,-34.652742],[-58.375671,-34.652782],[-58.375495,-34.653247]]}},{"type":"Feature","properties":{"name":"Hipólito Vieytes","ref":null,"osm":"way/147999154"},"geometry":{"type":"LineString","coordinates":[[-58.375495,-34.653247],[-58.375457,-34.653348],[-58.375081,-34.654353],[-58.375029,-34.654496],[-58.374999,-34.654575],[-58.374605,-34.655585]]}},{"type":"Feature","properties":{"name":null,"ref":null,"osm":"way/147999186"},"geometry":{"type":"LineString","coordinates":[[-58.37697,-34.639721],[-58.376936,-34.639797],[-58.37692,-34.639829],[-58.376903,-34.639857],[-58.376878,-34.639883],[-58.376853,-34.639909],[-58.376814,-34.639936],[-58.376783,-34.639947],[-58.376744,-34.639959],[-58.376695,-34.639966],[-58.376664,-34.639965],[-58.376608,-34.639962],[-58.376488,-34.639937]]}},{"type":"Feature","properties":{"name":null,"ref":null,"osm":"way/147999193"},"geometry":{"type":"LineString","coordinates":[[-58.373896,-34.656252],[-58.374053,-34.65625],[-58.374136,-34.656244],[-58.37422,-34.656227],[-58.374298,-34.656195],[-58.37438,-34.656146]]}},{"type":"Feature","properties":{"name":"Avenida Juan Bautista Justo","ref":null,"osm":"way/148520994"},"geometry":{"type":"LineString","coordinates":[[-58.499935,-34.631807],[-58.499321,-34.631597],[-58.499203,-34.631557]]}},{"type":"Feature","properties":{"name":"Avenida Teniente General Luis Dellepiane","ref":null,"osm":"way/149684144"},"geometry":{"type":"LineString","coordinates":[[-58.469486,-34.657288],[-58.469102,-34.656358],[-58.468892,-34.655893],[-58.468866,-34.655836],[-58.468766,-34.65557],[-58.468483,-34.654895],[-58.468373,-34.654631],[-58.468109,-34.654143],[-58.467609,-34.653134]]}},{"type":"Feature","properties":{"name":"Avenida Intendente Francisco Rabanal","ref":null,"osm":"way/149726380"},"geometry":{"type":"LineString","coordinates":[[-58.435559,-34.664044],[-58.435404,-34.663971],[-58.435073,-34.663818],[-58.434392,-34.663472],[-58.434286,-34.663416],[-58.434186,-34.663365],[-58.433108,-34.66278],[-58.433055,-34.662752],[-58.43301,-34.662728],[-58.431868,-34.662113],[-58.43178,-34.662064],[-58.4317,-34.662019],[-58.430841,-34.66153],[-58.43074,-34.661475],[-58.430693,-34.66145],[-58.429743,-34.660916],[-58.42966,-34.660869],[-58.429573,-34.660819],[-58.42926,-34.660638],[-58.428728,-34.660338],[-58.428625,-34.660284]]}},{"type":"Feature","properties":{"name":"Avenida Coronel Roca","ref":null,"osm":"way/149757234"},"geometry":{"type":"LineString","coordinates":[[-58.46544,-34.694014],[-58.465167,-34.693765],[-58.465137,-34.693737],[-58.463589,-34.692321]]}},{"type":"Feature","properties":{"name":"Avenida Coronel Roca","ref":null,"osm":"way/149757238"},"geometry":{"type":"LineString","coordinates":[[-58.463383,-34.691762],[-58.463488,-34.691858],[-58.464022,-34.69234]]}},{"type":"Feature","properties":{"name":"Avenida Juan Bautista Justo","ref":null,"osm":"way/149981524"},"geometry":{"type":"LineString","coordinates":[[-58.513826,-34.633539],[-58.513737,-34.63357],[-58.513594,-34.633622],[-58.513447,-34.633681],[-58.512751,-34.633981],[-58.512609,-34.634042]]}},{"type":"Feature","properties":{"name":"Avenida Juan Bautista Justo","ref":null,"osm":"way/149981525"},"geometry":{"type":"LineString","coordinates":[[-58.506812,-34.634268],[-58.506919,-34.63429],[-58.507174,-34.634326],[-58.507472,-34.634377],[-58.507836,-34.634435],[-58.508181,-34.634492],[-58.508312,-34.634515],[-58.508465,-34.63454]]}},{"type":"Feature","properties":{"name":"Avenida Juan Bautista Justo","ref":null,"osm":"way/149981526"},"geometry":{"type":"LineString","coordinates":[[-58.489818,-34.626445],[-58.491065,-34.626892],[-58.4911,-34.626908],[-58.491154,-34.626942]]}},{"type":"Feature","properties":{"name":"Avenida Juan Bautista Justo","ref":null,"osm":"way/149981527"},"geometry":{"type":"LineString","coordinates":[[-58.462747,-34.60729],[-58.462834,-34.607353],[-58.462877,-34.607381],[-58.462976,-34.60745],[-58.463874,-34.608057],[-58.463962,-34.608116]]}},{"type":"Feature","properties":{"name":"Avenida Juan Bautista Justo","ref":null,"osm":"way/149981528"},"geometry":{"type":"LineString","coordinates":[[-58.485877,-34.625203],[-58.485747,-34.625156],[-58.485656,-34.625121],[-58.484668,-34.624709]]}},{"type":"Feature","properties":{"name":"Avenida Juan Bautista Justo","ref":null,"osm":"way/149981529"},"geometry":{"type":"LineString","coordinates":[[-58.473034,-34.615168],[-58.47291,-34.614978],[-58.472289,-34.614052],[-58.47219,-34.613909]]}},{"type":"Feature","properties":{"name":"Avenida Juan Bautista Justo","ref":null,"osm":"way/149981530"},"geometry":{"type":"LineString","coordinates":[[-58.476145,-34.618009],[-58.476243,-34.618127],[-58.476942,-34.618945],[-58.477032,-34.619044],[-58.47707,-34.61908],[-58.477117,-34.619111]]}},{"type":"Feature","properties":{"name":"Avenida Juan Bautista Justo","ref":null,"osm":"way/149981531"},"geometry":{"type":"LineString","coordinates":[[-58.502448,-34.632727],[-58.502547,-34.632771],[-58.504122,-34.633458],[-58.504377,-34.63357]]}},{"type":"Feature","properties":{"name":"Avenida Juan Bautista Justo","ref":null,"osm":"way/149981532"},"geometry":{"type":"LineString","coordinates":[[-58.48793,-34.62578],[-58.488545,-34.625995]]}},{"type":"Feature","properties":{"name":"Avenida Juan Bautista Justo","ref":null,"osm":"way/149981533"},"geometry":{"type":"LineString","coordinates":[[-58.502234,-34.632788],[-58.502106,-34.63273],[-58.501072,-34.632288],[-58.50085,-34.632194]]}},{"type":"Feature","properties":{"name":"Avenida Juan Bautista Justo","ref":null,"osm":"way/149981534"},"geometry":{"type":"LineString","coordinates":[[-58.494923,-34.629474],[-58.495005,-34.629533],[-58.495655,-34.629971],[-58.495681,-34.629987],[-58.495769,-34.630042]]}},{"type":"Feature","properties":{"name":"Avenida Juan Bautista Justo","ref":null,"osm":"way/149981535"},"geometry":{"type":"LineString","coordinates":[[-58.468532,-34.611564],[-58.469042,-34.61183]]}},{"type":"Feature","properties":{"name":"Avenida Juan Bautista Justo","ref":null,"osm":"way/149981537"},"geometry":{"type":"LineString","coordinates":[[-58.479489,-34.620643],[-58.480139,-34.621289],[-58.480762,-34.621926],[-58.480787,-34.621949],[-58.480852,-34.622008]]}},{"type":"Feature","properties":{"name":"Avenida Juan Bautista Justo","ref":null,"osm":"way/149981538"},"geometry":{"type":"LineString","coordinates":[[-58.49436,-34.629091],[-58.494839,-34.629415],[-58.494923,-34.629474]]}},{"type":"Feature","properties":{"name":"Avenida Juan Bautista Justo","ref":null,"osm":"way/149981539"},"geometry":{"type":"LineString","coordinates":[[-58.475227,-34.616959],[-58.476053,-34.617903],[-58.476145,-34.618009]]}},{"type":"Feature","properties":{"name":"Avenida Juan Bautista Justo","ref":null,"osm":"way/149981540"},"geometry":{"type":"LineString","coordinates":[[-58.478905,-34.620074],[-58.478992,-34.620146],[-58.479064,-34.620212],[-58.479489,-34.620643]]}},{"type":"Feature","properties":{"name":"Avenida Juan Bautista Justo","ref":null,"osm":"way/149981541"},"geometry":{"type":"LineString","coordinates":[[-58.517154,-34.633085],[-58.517605,-34.633101]]}},{"type":"Feature","properties":{"name":"Avenida Juan Bautista Justo","ref":null,"osm":"way/149981542"},"geometry":{"type":"LineString","coordinates":[[-58.481785,-34.622949],[-58.480786,-34.622179]]}},{"type":"Feature","properties":{"name":"Avenida Juan Bautista Justo","ref":null,"osm":"way/149981543"},"geometry":{"type":"LineString","coordinates":[[-58.470118,-34.612422],[-58.471254,-34.613021]]}},{"type":"Feature","properties":{"name":"Avenida Juan Bautista Justo","ref":null,"osm":"way/149981544"},"geometry":{"type":"LineString","coordinates":[[-58.474776,-34.616457],[-58.474904,-34.616595],[-58.475122,-34.616831],[-58.475227,-34.616959]]}},{"type":"Feature","properties":{"name":"Avenida Juan Bautista Justo","ref":null,"osm":"way/149981545"},"geometry":{"type":"LineString","coordinates":[[-58.471176,-34.613126],[-58.470041,-34.612524]]}},{"type":"Feature","properties":{"name":"Avenida Juan Bautista Justo","ref":null,"osm":"way/149981546"},"geometry":{"type":"LineString","coordinates":[[-58.484668,-34.624709],[-58.484027,-34.624447],[-58.483464,-34.624224],[-58.483425,-34.624208],[-58.483324,-34.624152]]}},{"type":"Feature","properties":{"name":"Avenida Juan Bautista Justo","ref":null,"osm":"way/149981548"},"geometry":{"type":"LineString","coordinates":[[-58.496282,-34.630381],[-58.49636,-34.630411],[-58.497388,-34.630774]]}},{"type":"Feature","properties":{"name":"Avenida Juan Bautista Justo","ref":null,"osm":"way/149981549"},"geometry":{"type":"LineString","coordinates":[[-58.504523,-34.633776],[-58.504179,-34.633626],[-58.503472,-34.633325]]}},{"type":"Feature","properties":{"name":"Avenida Juan Bautista Justo","ref":null,"osm":"way/149981550"},"geometry":{"type":"LineString","coordinates":[[-58.503472,-34.633325],[-58.502369,-34.632846],[-58.502234,-34.632788]]}},{"type":"Feature","properties":{"name":"Avenida Juan Bautista Justo","ref":null,"osm":"way/149981551"},"geometry":{"type":"LineString","coordinates":[[-58.46267,-34.607442],[-58.462573,-34.607374],[-58.462105,-34.60705]]}},{"type":"Feature","properties":{"name":"Avenida Juan Bautista Justo","ref":null,"osm":"way/149981552"},"geometry":{"type":"LineString","coordinates":[[-58.495637,-34.630146],[-58.495556,-34.630092],[-58.494873,-34.629638],[-58.494786,-34.62958]]}},{"type":"Feature","properties":{"name":"Avenida Juan Bautista Justo","ref":null,"osm":"way/149981553"},"geometry":{"type":"LineString","coordinates":[[-58.483446,-34.624058],[-58.483538,-34.624105],[-58.484662,-34.624548],[-58.484806,-34.624605]]}},{"type":"Feature","properties":{"name":"Avenida Juan Bautista Justo","ref":null,"osm":"way/149981554"},"geometry":{"type":"LineString","coordinates":[[-58.501098,-34.632134],[-58.501219,-34.632186],[-58.501332,-34.632234],[-58.501589,-34.632346],[-58.501741,-34.632412],[-58.502262,-34.632647],[-58.502312,-34.632669],[-58.502448,-34.632727]]}},{"type":"Feature","properties":{"name":"Avenida Juan Bautista Justo","ref":null,"osm":"way/149981555"},"geometry":{"type":"LineString","coordinates":[[-58.468385,-34.611656],[-58.467906,-34.611409],[-58.467807,-34.611357]]}},{"type":"Feature","properties":{"name":"Avenida Juan Bautista Justo","ref":null,"osm":"way/149981556"},"geometry":{"type":"LineString","coordinates":[[-58.481909,-34.622847],[-58.48256,-34.623371],[-58.482668,-34.623457]]}},{"type":"Feature","properties":{"name":"Avenida Juan Bautista Justo","ref":null,"osm":"way/149981557"},"geometry":{"type":"LineString","coordinates":[[-58.487189,-34.625658],[-58.485997,-34.625246],[-58.485973,-34.625238],[-58.485877,-34.625203]]}},{"type":"Feature","properties":{"name":"Avenida Juan Bautista Justo","ref":null,"osm":"way/149981558"},"geometry":{"type":"LineString","coordinates":[[-58.462105,-34.60705],[-58.461513,-34.606647]]}},{"type":"Feature","properties":{"name":"Avenida Juan Bautista Justo","ref":null,"osm":"way/149981559"},"geometry":{"type":"LineString","coordinates":[[-58.482546,-34.623558],[-58.481884,-34.623028],[-58.481785,-34.622949]]}},{"type":"Feature","properties":{"name":"Avenida Juan Bautista Justo","ref":null,"osm":"way/149981560"},"geometry":{"type":"LineString","coordinates":[[-58.463873,-34.608224],[-58.463777,-34.608163],[-58.463735,-34.608136],[-58.462756,-34.6075],[-58.46267,-34.607442]]}},{"type":"Feature","properties":{"name":"Avenida Juan Bautista Justo","ref":null,"osm":"way/149981561"},"geometry":{"type":"LineString","coordinates":[[-58.499203,-34.631557],[-58.499092,-34.631519],[-58.49753,-34.630972],[-58.497495,-34.63096],[-58.497375,-34.630918]]}},{"type":"Feature","properties":{"name":"Avenida Juan Bautista Justo","ref":null,"osm":"way/149981562"},"geometry":{"type":"LineString","coordinates":[[-58.482668,-34.623457],[-58.483232,-34.623911],[-58.483357,-34.624002],[-58.483446,-34.624058]]}},{"type":"Feature","properties":{"name":"Avenida Juan Bautista Justo","ref":null,"osm":"way/149981563"},"geometry":{"type":"LineString","coordinates":[[-58.480852,-34.622008],[-58.480917,-34.622066],[-58.481803,-34.622763]]}},{"type":"Feature","properties":{"name":"Avenida Juan Bautista Justo","ref":null,"osm":"way/149981564"},"geometry":{"type":"LineString","coordinates":[[-58.497375,-34.630918],[-58.497261,-34.630878],[-58.496213,-34.630513],[-58.496188,-34.630502],[-58.496135,-34.630476],[-58.496075,-34.630438],[-58.495715,-34.6302]]}},{"type":"Feature","properties":{"name":"Avenida Juan Bautista Justo","ref":null,"osm":"way/149981565"},"geometry":{"type":"LineString","coordinates":[[-58.488421,-34.6261],[-58.487189,-34.625658]]}},{"type":"Feature","properties":{"name":"Avenida Juan Bautista Justo","ref":null,"osm":"way/149981566"},"geometry":{"type":"LineString","coordinates":[[-58.495769,-34.630042],[-58.495845,-34.630096],[-58.496202,-34.630344],[-58.496282,-34.630381]]}},{"type":"Feature","properties":{"name":"Avenida Juan Bautista Justo","ref":null,"osm":"way/149981567"},"geometry":{"type":"LineString","coordinates":[[-58.518926,-34.633075],[-58.519168,-34.63313],[-58.519472,-34.63319],[-58.519606,-34.633203],[-58.51983,-34.633206]]}},{"type":"Feature","properties":{"name":"Avenida Juan Bautista Justo","ref":null,"osm":"way/149981568"},"geometry":{"type":"LineString","coordinates":[[-58.472298,-34.613774],[-58.472455,-34.614001],[-58.472571,-34.614175],[-58.473061,-34.614909],[-58.473142,-34.61503]]}},{"type":"Feature","properties":{"name":"Avenida Juan Bautista Justo","ref":null,"osm":"way/149981569"},"geometry":{"type":"LineString","coordinates":[[-58.504377,-34.63357],[-58.504939,-34.633787],[-58.505064,-34.633832]]}},{"type":"Feature","properties":{"name":"Avenida Juan Bautista Justo","ref":null,"osm":"way/149981570"},"geometry":{"type":"LineString","coordinates":[[-58.493625,-34.628794],[-58.493507,-34.628716],[-58.491953,-34.627678]]}},{"type":"Feature","properties":{"name":"Avenida Juan Bautista Justo","ref":null,"osm":"way/149981571"},"geometry":{"type":"LineString","coordinates":[[-58.484806,-34.624605],[-58.485887,-34.625044],[-58.485998,-34.625087]]}},{"type":"Feature","properties":{"name":"Avenida Juan Bautista Justo","ref":null,"osm":"way/149981572"},"geometry":{"type":"LineString","coordinates":[[-58.480715,-34.622118],[-58.480654,-34.622056],[-58.479484,-34.620845],[-58.479397,-34.620758]]}},{"type":"Feature","properties":{"name":"Avenida Juan Bautista Justo","ref":null,"osm":"way/149981573"},"geometry":{"type":"LineString","coordinates":[[-58.466006,-34.610213],[-58.466101,-34.610276],[-58.466623,-34.610552]]}},{"type":"Feature","properties":{"name":"Avenida Juan Bautista Justo","ref":null,"osm":"way/149981574"},"geometry":{"type":"LineString","coordinates":[[-58.459635,-34.605192],[-58.460532,-34.605809]]}},{"type":"Feature","properties":{"name":"Avenida Juan Bautista Justo","ref":null,"osm":"way/149981575"},"geometry":{"type":"LineString","coordinates":[[-58.489687,-34.626544],[-58.488421,-34.6261]]}},{"type":"Feature","properties":{"name":"Avenida Juan Bautista Justo","ref":null,"osm":"way/149981576"},"geometry":{"type":"LineString","coordinates":[[-58.469042,-34.61183],[-58.469585,-34.612123],[-58.469993,-34.612354],[-58.470118,-34.612422]]}},{"type":"Feature","properties":{"name":"Avenida Juan Bautista Justo","ref":null,"osm":"way/149981577"},"geometry":{"type":"LineString","coordinates":[[-58.494786,-34.62958],[-58.494706,-34.629527],[-58.494484,-34.629376],[-58.49406,-34.629085],[-58.493625,-34.628794]]}},{"type":"Feature","properties":{"name":"Avenida Juan Bautista Justo","ref":null,"osm":"way/149981578"},"geometry":{"type":"LineString","coordinates":[[-58.505064,-34.633832],[-58.505244,-34.633899],[-58.505555,-34.633999],[-58.505777,-34.634056],[-58.506015,-34.634114],[-58.506685,-34.634245]]}},{"type":"Feature","properties":{"name":"Avenida Juan Bautista Justo","ref":null,"osm":"way/149981579"},"geometry":{"type":"LineString","coordinates":[[-58.461513,-34.606647],[-58.46045,-34.605952]]}},{"type":"Feature","properties":{"name":"Avenida Juan Bautista Justo","ref":null,"osm":"way/149981580"},"geometry":{"type":"LineString","coordinates":[[-58.470041,-34.612524],[-58.469096,-34.612027],[-58.468952,-34.611952],[-58.468385,-34.611656]]}},{"type":"Feature","properties":{"name":"Avenida Juan Bautista Justo","ref":null,"osm":"way/149981581"},"geometry":{"type":"LineString","coordinates":[[-58.479397,-34.620758],[-58.478902,-34.620258],[-58.478849,-34.620204],[-58.47878,-34.620154],[-58.478298,-34.619887]]}},{"type":"Feature","properties":{"name":"Avenida Juan Bautista Justo","ref":null,"osm":"way/149981582"},"geometry":{"type":"LineString","coordinates":[[-58.466623,-34.610552],[-58.467778,-34.611158],[-58.467818,-34.611176],[-58.467907,-34.611226]]}},{"type":"Feature","properties":{"name":"Avenida Juan Bautista Justo","ref":null,"osm":"way/149981583"},"geometry":{"type":"LineString","coordinates":[[-58.460532,-34.605809],[-58.461578,-34.60651],[-58.462616,-34.607202],[-58.462649,-34.607225],[-58.462747,-34.60729]]}},{"type":"Feature","properties":{"name":"Avenida Juan Bautista Justo","ref":null,"osm":"way/149981584"},"geometry":{"type":"LineString","coordinates":[[-58.467807,-34.611357],[-58.46772,-34.611311],[-58.466658,-34.610737],[-58.466531,-34.610666],[-58.466006,-34.610386],[-58.465917,-34.610334],[-58.465844,-34.61028]]}},{"type":"Feature","properties":{"name":"Avenida Juan Bautista Justo","ref":null,"osm":"way/149981587"},"geometry":{"type":"LineString","coordinates":[[-58.488545,-34.625995],[-58.489194,-34.62622],[-58.489654,-34.626389],[-58.489818,-34.626445]]}},{"type":"Feature","properties":{"name":"Avenida Juan Bautista Justo","ref":null,"osm":"way/149981588"},"geometry":{"type":"LineString","coordinates":[[-58.474125,-34.616023],[-58.474534,-34.616264],[-58.474628,-34.61633],[-58.47471,-34.616397],[-58.474776,-34.616457]]}},{"type":"Feature","properties":{"name":"Avenida Juan Bautista Justo","ref":null,"osm":"way/149981590"},"geometry":{"type":"LineString","coordinates":[[-58.478298,-34.619887],[-58.477144,-34.619291],[-58.477089,-34.619261],[-58.47703,-34.619226]]}},{"type":"Feature","properties":{"name":"Avenida Juan Bautista Justo","ref":null,"osm":"way/149981591"},"geometry":{"type":"LineString","coordinates":[[-58.471254,-34.613021],[-58.471742,-34.613278],[-58.471893,-34.613355],[-58.472001,-34.613428],[-58.472095,-34.613508],[-58.472171,-34.613591],[-58.472214,-34.613646],[-58.472298,-34.613774]]}},{"type":"Feature","properties":{"name":"Avenida Juan Bautista Justo","ref":null,"osm":"way/149981593"},"geometry":{"type":"LineString","coordinates":[[-58.477117,-34.619111],[-58.477204,-34.61916],[-58.478378,-34.619785],[-58.478905,-34.620074]]}},{"type":"Feature","properties":{"name":"Avenida Juan Bautista Justo","ref":null,"osm":"way/149981594"},"geometry":{"type":"LineString","coordinates":[[-58.473142,-34.61503],[-58.473201,-34.615113],[-58.473544,-34.615587],[-58.473617,-34.615674],[-58.473741,-34.61579],[-58.47381,-34.615841],[-58.474125,-34.616023]]}},{"type":"Feature","properties":{"name":"Avenida Juan Bautista Justo","ref":null,"osm":"way/149981595"},"geometry":{"type":"LineString","coordinates":[[-58.485998,-34.625087],[-58.486087,-34.625121],[-58.486661,-34.625327],[-58.487163,-34.625504],[-58.487317,-34.62556],[-58.48793,-34.62578]]}},{"type":"Feature","properties":{"name":"Avenida Juan Bautista Justo","ref":null,"osm":"way/149981597"},"geometry":{"type":"LineString","coordinates":[[-58.475127,-34.617086],[-58.474645,-34.616528],[-58.47457,-34.61646],[-58.474471,-34.616392],[-58.474156,-34.616202],[-58.474039,-34.616136],[-58.473677,-34.615934],[-58.473561,-34.615847],[-58.473474,-34.615764],[-58.473368,-34.615642],[-58.473113,-34.615282],[-58.47309,-34.615248],[-58.473034,-34.615168]]}},{"type":"Feature","properties":{"name":"Avenida Juan Bautista Justo","ref":null,"osm":"way/149981598"},"geometry":{"type":"LineString","coordinates":[[-58.465313,-34.609706],[-58.464556,-34.608884],[-58.464219,-34.608523],[-58.4641,-34.608414],[-58.463969,-34.608292],[-58.463873,-34.608224]]}},{"type":"Feature","properties":{"name":"Avenida Juan Bautista Justo","ref":null,"osm":"way/149981599"},"geometry":{"type":"LineString","coordinates":[[-58.491154,-34.626942],[-58.491237,-34.627001],[-58.49186,-34.627424],[-58.491933,-34.627475]]}},{"type":"Feature","properties":{"name":"Avenida Juan Bautista Justo","ref":null,"osm":"way/149981600"},"geometry":{"type":"LineString","coordinates":[[-58.463962,-34.608116],[-58.464057,-34.608184],[-58.46426,-34.608334],[-58.464326,-34.6084],[-58.46445,-34.608524],[-58.464686,-34.608775],[-58.464901,-34.609006],[-58.465014,-34.60913],[-58.465319,-34.609476],[-58.465415,-34.609585]]}},{"type":"Feature","properties":{"name":"Avenida Juan Bautista Justo","ref":null,"osm":"way/149981601"},"geometry":{"type":"LineString","coordinates":[[-58.528709,-34.634849],[-58.528331,-34.634832],[-58.528218,-34.634824]]}},{"type":"Feature","properties":{"name":"Avenida Juan Bautista Justo","ref":null,"osm":"way/149981602"},"geometry":{"type":"LineString","coordinates":[[-58.525613,-34.634566],[-58.525502,-34.634558],[-58.524639,-34.634504],[-58.524616,-34.634502],[-58.524496,-34.63449],[-58.524466,-34.634487],[-58.524259,-34.634454]]}},{"type":"Feature","properties":{"name":"Avenida Juan Bautista Justo","ref":null,"osm":"way/149981603"},"geometry":{"type":"LineString","coordinates":[[-58.526924,-34.63467],[-58.527047,-34.634648],[-58.527167,-34.634653],[-58.527987,-34.634707],[-58.52812,-34.634722],[-58.528157,-34.634726],[-58.528228,-34.634732]]}},{"type":"Feature","properties":{"name":"Avenida Nazca","ref":null,"osm":"way/149981607"},"geometry":{"type":"LineString","coordinates":[[-58.476145,-34.618009],[-58.476196,-34.617944],[-58.47633,-34.61779],[-58.47661,-34.617443]]}},{"type":"Feature","properties":{"name":"Nicasio Oroño","ref":null,"osm":"way/149981687"},"geometry":{"type":"LineString","coordinates":[[-58.460532,-34.605809],[-58.460492,-34.605879]]}},{"type":"Feature","properties":{"name":null,"ref":null,"osm":"way/150122479"},"geometry":{"type":"LineString","coordinates":[[-58.390496,-34.570437],[-58.390093,-34.569963],[-58.390065,-34.569866],[-58.389862,-34.569983],[-58.388674,-34.570669],[-58.389142,-34.571219],[-58.390089,-34.570672],[-58.390291,-34.570555],[-58.390496,-34.570437]]}},{"type":"Feature","properties":{"name":"Avenida Costanera Rafael Obligado","ref":null,"osm":"way/150122498"},"geometry":{"type":"LineString","coordinates":[[-58.385174,-34.576542],[-58.384986,-34.576448],[-58.384855,-34.576424],[-58.383499,-34.576336],[-58.383426,-34.576331],[-58.383306,-34.576291]]}},{"type":"Feature","properties":{"name":null,"ref":null,"osm":"way/150857448"},"geometry":{"type":"LineString","coordinates":[[-58.391879,-34.576598],[-58.391844,-34.576654],[-58.391792,-34.576728],[-58.391761,-34.576782],[-58.391707,-34.576884],[-58.391647,-34.576999],[-58.391606,-34.577084],[-58.391568,-34.577166],[-58.391525,-34.577238],[-58.391483,-34.577314],[-58.391438,-34.577376],[-58.391382,-34.57744],[-58.3913,-34.577527],[-58.391118,-34.577672],[-58.390968,-34.57778],[-58.39077,-34.577908],[-58.390592,-34.578025],[-58.390482,-34.578094],[-58.390419,-34.578126],[-58.390352,-34.578155],[-58.390286,-34.578181],[-58.390223,-34.578197],[-58.390142,-34.578214],[-58.390049,-34.578226],[-58.389948,-34.578234]]}},{"type":"Feature","properties":{"name":"California","ref":null,"osm":"way/151006269"},"geometry":{"type":"LineString","coordinates":[[-58.368418,-34.645643],[-58.366839,-34.645472],[-58.36533,-34.645315],[-58.363777,-34.645142],[-58.363127,-34.645056],[-58.363102,-34.645052],[-58.363055,-34.645044],[-58.363037,-34.645041],[-58.363016,-34.645037],[-58.362989,-34.645029],[-58.362965,-34.645022],[-58.36294,-34.645012],[-58.362903,-34.644997],[-58.362281,-34.644672],[-58.36167,-34.644362],[-58.360998,-34.644028],[-58.359771,-34.643414],[-58.358076,-34.642559]]}},{"type":"Feature","properties":{"name":"Avenida General Francisco Fernández de La Cruz","ref":null,"osm":"way/158872193"},"geometry":{"type":"LineString","coordinates":[[-58.431368,-34.650374],[-58.431532,-34.6505],[-58.431965,-34.65087],[-58.432132,-34.651012],[-58.432181,-34.65106]]}},{"type":"Feature","properties":{"name":null,"ref":null,"osm":"way/158889881"},"geometry":{"type":"LineString","coordinates":[[-58.443548,-34.650728],[-58.443707,-34.650812],[-58.443745,-34.650844],[-58.443777,-34.650884],[-58.443788,-34.650916],[-58.44379,-34.650951],[-58.443782,-34.65099],[-58.443764,-34.651027],[-58.443725,-34.651077],[-58.443653,-34.651124]]}},{"type":"Feature","properties":{"name":"Avenida de los Incas","ref":null,"osm":"way/161010612"},"geometry":{"type":"LineString","coordinates":[[-58.477995,-34.584046],[-58.478156,-34.584166],[-58.478834,-34.584674],[-58.478939,-34.584753]]}},{"type":"Feature","properties":{"name":"Avenida Francisco Beiró","ref":null,"osm":"way/166617835"},"geometry":{"type":"LineString","coordinates":[[-58.506168,-34.602368],[-58.507473,-34.603182],[-58.507907,-34.603456],[-58.508283,-34.603689]]}},{"type":"Feature","properties":{"name":"Avenida Warnes","ref":null,"osm":"way/166634027"},"geometry":{"type":"LineString","coordinates":[[-58.456247,-34.597586],[-58.455927,-34.597696]]}},{"type":"Feature","properties":{"name":"Avenida Warnes","ref":null,"osm":"way/166638217"},"geometry":{"type":"LineString","coordinates":[[-58.455486,-34.597842],[-58.455233,-34.597924],[-58.454459,-34.598172],[-58.454226,-34.59824]]}},{"type":"Feature","properties":{"name":"Avenida Córdoba","ref":null,"osm":"way/166639860"},"geometry":{"type":"LineString","coordinates":[[-58.438562,-34.588645],[-58.439397,-34.588103]]}},{"type":"Feature","properties":{"name":"Avenida Juan Bautista Justo","ref":null,"osm":"way/166698549"},"geometry":{"type":"LineString","coordinates":[[-58.508465,-34.63454],[-58.508634,-34.634555],[-58.509457,-34.634627],[-58.509684,-34.634647],[-58.509929,-34.634666],[-58.510124,-34.634678],[-58.510232,-34.634678],[-58.51033,-34.634676],[-58.510422,-34.634672],[-58.510514,-34.634662],[-58.510602,-34.634651],[-58.51066,-34.634644]]}},{"type":"Feature","properties":{"name":"Avenida Juan Bautista Justo","ref":null,"osm":"way/166698861"},"geometry":{"type":"LineString","coordinates":[[-58.51066,-34.634644],[-58.510787,-34.634622],[-58.510907,-34.634594],[-58.511002,-34.634566],[-58.5111,-34.634534],[-58.511395,-34.634408],[-58.512428,-34.633965],[-58.512534,-34.633916]]}},{"type":"Feature","properties":{"name":"Galván","ref":null,"osm":"way/166699780"},"geometry":{"type":"LineString","coordinates":[[-58.493112,-34.559562],[-58.493502,-34.55899],[-58.493545,-34.558929],[-58.493765,-34.558613],[-58.4944,-34.557753],[-58.49494,-34.556958],[-58.494984,-34.556889],[-58.495108,-34.556709],[-58.49527,-34.556482],[-58.495472,-34.556187],[-58.495549,-34.556064],[-58.495568,-34.556002],[-58.495576,-34.55592],[-58.495569,-34.555784]]}},{"type":"Feature","properties":{"name":"Galván","ref":null,"osm":"way/166699781"},"geometry":{"type":"LineString","coordinates":[[-58.490984,-34.562665],[-58.491932,-34.561296]]}},{"type":"Feature","properties":{"name":"Avenida Leopoldo Lugones","ref":"AV1-N","osm":"way/166703467"},"geometry":{"type":"LineString","coordinates":[[-58.459415,-34.537766],[-58.458625,-34.538328],[-58.458077,-34.538671],[-58.457295,-34.539088],[-58.456043,-34.539696]]}},{"type":"Feature","properties":{"name":"Avenida Eva Perón","ref":null,"osm":"way/166706133"},"geometry":{"type":"LineString","coordinates":[[-58.478775,-34.657834],[-58.478327,-34.657454],[-58.478186,-34.657325]]}},{"type":"Feature","properties":{"name":"Avenida Amancio Alcorta","ref":null,"osm":"way/166753084"},"geometry":{"type":"LineString","coordinates":[[-58.403149,-34.647579],[-58.403161,-34.647597],[-58.403322,-34.647806],[-58.403477,-34.648028]]}},{"type":"Feature","properties":{"name":"Avenida General Francisco Fernández de La Cruz","ref":null,"osm":"way/166753610"},"geometry":{"type":"LineString","coordinates":[[-58.434432,-34.653096],[-58.434359,-34.653033],[-58.43373,-34.652561],[-58.433646,-34.652494]]}},{"type":"Feature","properties":{"name":"Avenida Coronel Roca","ref":null,"osm":"way/166756113"},"geometry":{"type":"LineString","coordinates":[[-58.450728,-34.680137],[-58.450868,-34.680273],[-58.45096,-34.680363]]}},{"type":"Feature","properties":{"name":null,"ref":null,"osm":"way/166756273"},"geometry":{"type":"LineString","coordinates":[[-58.464143,-34.669652],[-58.464004,-34.669808],[-58.463839,-34.669944],[-58.463657,-34.670062],[-58.463458,-34.670163]]}},{"type":"Feature","properties":{"name":"Avenida Francisco Beiró","ref":null,"osm":"way/169512156"},"geometry":{"type":"LineString","coordinates":[[-58.505577,-34.601996],[-58.505766,-34.602113],[-58.505835,-34.602154],[-58.505904,-34.602198],[-58.505977,-34.602245],[-58.506168,-34.602368]]}},{"type":"Feature","properties":{"name":"Autopista Presidente Arturo Frondizi","ref":"AV1-Sur","osm":"way/171573100"},"geometry":{"type":"LineString","coordinates":[[-58.371932,-34.652998],[-58.372398,-34.651607],[-58.372491,-34.651358],[-58.372637,-34.650999],[-58.372735,-34.650773],[-58.372828,-34.650566],[-58.372937,-34.650341],[-58.373065,-34.650084],[-58.373221,-34.649794],[-58.373587,-34.649146],[-58.374046,-34.648351],[-58.374356,-34.647711],[-58.374523,-34.647353],[-58.374578,-34.647224],[-58.374633,-34.647095]]}},{"type":"Feature","properties":{"name":"Autopista Presidente Arturo Frondizi","ref":"AV1-Sur","osm":"way/171573103"},"geometry":{"type":"LineString","coordinates":[[-58.372328,-34.652379],[-58.372155,-34.65293]]}},{"type":"Feature","properties":{"name":"Avenida Regimiento de Patricios","ref":null,"osm":"way/171573105"},"geometry":{"type":"LineString","coordinates":[[-58.36809,-34.647925],[-58.367791,-34.64942]]}},{"type":"Feature","properties":{"name":"Autopista Perito Moreno","ref":"AU6","osm":"way/172809733"},"geometry":{"type":"LineString","coordinates":[[-58.527084,-34.635027],[-58.527523,-34.634906],[-58.52785,-34.634836],[-58.528194,-34.63477],[-58.528509,-34.634714],[-58.528857,-34.63466]]}},{"type":"Feature","properties":{"name":"Avenida Escalada","ref":null,"osm":"way/172838877"},"geometry":{"type":"LineString","coordinates":[[-58.472984,-34.662426],[-58.472672,-34.662727]]}},{"type":"Feature","properties":{"name":null,"ref":null,"osm":"way/172838884"},"geometry":{"type":"LineString","coordinates":[[-58.468138,-34.649759],[-58.467972,-34.649818],[-58.467827,-34.649875],[-58.467638,-34.650008],[-58.467525,-34.650148],[-58.46741,-34.650312]]}},{"type":"Feature","properties":{"name":"Avenida Teniente General Luis Dellepiane","ref":null,"osm":"way/172838885"},"geometry":{"type":"LineString","coordinates":[[-58.467302,-34.65054],[-58.467275,-34.650624],[-58.467259,-34.650758],[-58.467275,-34.650913],[-58.467302,-34.651044]]}},{"type":"Feature","properties":{"name":null,"ref":null,"osm":"way/172838886"},"geometry":{"type":"LineString","coordinates":[[-58.470422,-34.664223],[-58.470332,-34.66432],[-58.470266,-34.664382],[-58.470128,-34.664491],[-58.469816,-34.66475],[-58.469623,-34.664863],[-58.469414,-34.664965]]}},{"type":"Feature","properties":{"name":null,"ref":null,"osm":"way/172838888"},"geometry":{"type":"LineString","coordinates":[[-58.464492,-34.649848],[-58.464693,-34.649786],[-58.464845,-34.64976],[-58.465462,-34.649701],[-58.465716,-34.649682],[-58.465981,-34.649667],[-58.466617,-34.649675]]}},{"type":"Feature","properties":{"name":"Avenida Escalada","ref":null,"osm":"way/172838889"},"geometry":{"type":"LineString","coordinates":[[-58.471367,-34.663681],[-58.470945,-34.663895],[-58.470767,-34.663987],[-58.470463,-34.664151]]}},{"type":"Feature","properties":{"name":null,"ref":null,"osm":"way/172838890"},"geometry":{"type":"LineString","coordinates":[[-58.473259,-34.66461],[-58.472722,-34.663836],[-58.472403,-34.663403],[-58.472367,-34.663365],[-58.472307,-34.663332],[-58.47214,-34.663295]]}},{"type":"Feature","properties":{"name":null,"ref":null,"osm":"way/172838892"},"geometry":{"type":"LineString","coordinates":[[-58.467681,-34.651602],[-58.467788,-34.651864],[-58.468131,-34.652698],[-58.468292,-34.653251]]}},{"type":"Feature","properties":{"name":null,"ref":null,"osm":"way/172838895"},"geometry":{"type":"LineString","coordinates":[[-58.472096,-34.661368],[-58.47245,-34.661907],[-58.47257,-34.662079],[-58.472615,-34.662133],[-58.47267,-34.66217],[-58.472737,-34.662205],[-58.4728,-34.662227],[-58.472908,-34.662252]]}},{"type":"Feature","properties":{"name":"Avenida Perito Moreno","ref":null,"osm":"way/172838899"},"geometry":{"type":"LineString","coordinates":[[-58.46647,-34.64986],[-58.46572,-34.649913],[-58.464951,-34.649984],[-58.464547,-34.649981]]}},{"type":"Feature","properties":{"name":null,"ref":null,"osm":"way/172838902"},"geometry":{"type":"LineString","coordinates":[[-58.470856,-34.659408],[-58.470727,-34.659211],[-58.470638,-34.659078],[-58.470544,-34.658935],[-58.470388,-34.658816],[-58.470241,-34.65876],[-58.470111,-34.658719]]}},{"type":"Feature","properties":{"name":null,"ref":null,"osm":"way/172840521"},"geometry":{"type":"LineString","coordinates":[[-58.466734,-34.651615],[-58.46661,-34.651488],[-58.466423,-34.651307],[-58.466102,-34.65106],[-58.465888,-34.65089],[-58.465711,-34.650721]]}},{"type":"Feature","properties":{"name":"Avenida de los Incas","ref":null,"osm":"way/179083401"},"geometry":{"type":"LineString","coordinates":[[-58.474558,-34.581444],[-58.474598,-34.581476],[-58.475492,-34.582152]]}},{"type":"Feature","properties":{"name":"Avenida San Martín","ref":null,"osm":"way/180371985"},"geometry":{"type":"LineString","coordinates":[[-58.515259,-34.590335],[-58.515408,-34.590291]]}},{"type":"Feature","properties":{"name":"Avenida San Martín","ref":null,"osm":"way/183666115"},"geometry":{"type":"LineString","coordinates":[[-58.516595,-34.589957],[-58.517856,-34.589579]]}},{"type":"Feature","properties":{"name":"Autopista Arturo Illia","ref":"AV1-N","osm":"way/186976347"},"geometry":{"type":"LineString","coordinates":[[-58.405407,-34.56854],[-58.406428,-34.567862],[-58.406813,-34.567608],[-58.407536,-34.567119]]}},{"type":"Feature","properties":{"name":"Avenida Nazca","ref":null,"osm":"way/189108595"},"geometry":{"type":"LineString","coordinates":[[-58.482982,-34.60945],[-58.483125,-34.609276],[-58.483227,-34.609147],[-58.48328,-34.609081],[-58.483448,-34.608865]]}},{"type":"Feature","properties":{"name":"Avenida Nazca","ref":null,"osm":"way/189108597"},"geometry":{"type":"LineString","coordinates":[[-58.483448,-34.608865],[-58.483695,-34.608576],[-58.483836,-34.608412],[-58.484392,-34.607762]]}},{"type":"Feature","properties":{"name":"Avenida Nazca","ref":null,"osm":"way/189108598"},"geometry":{"type":"LineString","coordinates":[[-58.487034,-34.604758],[-58.487928,-34.603761],[-58.48806,-34.603614]]}},{"type":"Feature","properties":{"name":"Avenida Nazca","ref":null,"osm":"way/189108599"},"geometry":{"type":"LineString","coordinates":[[-58.486174,-34.60574],[-58.486286,-34.60562],[-58.486366,-34.605528],[-58.487034,-34.604758]]}},{"type":"Feature","properties":{"name":"Avenida Nazca","ref":null,"osm":"way/189108600"},"geometry":{"type":"LineString","coordinates":[[-58.484392,-34.607762],[-58.484941,-34.607141],[-58.485019,-34.607052],[-58.48515,-34.606904]]}},{"type":"Feature","properties":{"name":"Avenida Nazca","ref":null,"osm":"way/189108601"},"geometry":{"type":"LineString","coordinates":[[-58.485231,-34.606813],[-58.485379,-34.606645],[-58.486174,-34.60574]]}},{"type":"Feature","properties":{"name":"Avenida Nazca","ref":null,"osm":"way/191303850"},"geometry":{"type":"LineString","coordinates":[[-58.482217,-34.610404],[-58.482369,-34.610215],[-58.482534,-34.610009],[-58.482592,-34.609938]]}},{"type":"Feature","properties":{"name":"Avenida Nazca","ref":null,"osm":"way/191303851"},"geometry":{"type":"LineString","coordinates":[[-58.480625,-34.61241],[-58.481414,-34.611411]]}},{"type":"Feature","properties":{"name":"Avenida Nazca","ref":null,"osm":"way/191303852"},"geometry":{"type":"LineString","coordinates":[[-58.478236,-34.615432],[-58.478334,-34.615304],[-58.478784,-34.614733],[-58.479026,-34.614426]]}},{"type":"Feature","properties":{"name":"Avenida Nazca","ref":null,"osm":"way/191303853"},"geometry":{"type":"LineString","coordinates":[[-58.482592,-34.609938],[-58.482663,-34.609853],[-58.482982,-34.60945]]}},{"type":"Feature","properties":{"name":"Avenida Nazca","ref":null,"osm":"way/191303854"},"geometry":{"type":"LineString","coordinates":[[-58.47661,-34.617443],[-58.476754,-34.617271],[-58.476867,-34.617132],[-58.477426,-34.616434]]}},{"type":"Feature","properties":{"name":"Avenida Nazca","ref":null,"osm":"way/191303855"},"geometry":{"type":"LineString","coordinates":[[-58.47983,-34.613428],[-58.479976,-34.61324],[-58.480033,-34.613168],[-58.480126,-34.613049],[-58.48022,-34.612928],[-58.480625,-34.61241]]}},{"type":"Feature","properties":{"name":"Avenida Nazca","ref":null,"osm":"way/191303856"},"geometry":{"type":"LineString","coordinates":[[-58.481821,-34.610906],[-58.481998,-34.610683],[-58.482054,-34.610612],[-58.482113,-34.610538],[-58.482217,-34.610404]]}},{"type":"Feature","properties":{"name":"Avenida Nazca","ref":null,"osm":"way/191303857"},"geometry":{"type":"LineString","coordinates":[[-58.479026,-34.614426],[-58.47946,-34.613887],[-58.47958,-34.613738],[-58.479681,-34.613612],[-58.47983,-34.613428]]}},{"type":"Feature","properties":{"name":"Avenida Nazca","ref":null,"osm":"way/191303858"},"geometry":{"type":"LineString","coordinates":[[-58.481414,-34.611411],[-58.481821,-34.610906]]}},{"type":"Feature","properties":{"name":"Avenida Nazca","ref":null,"osm":"way/191303859"},"geometry":{"type":"LineString","coordinates":[[-58.477426,-34.616434],[-58.477976,-34.615764],[-58.478057,-34.615658],[-58.478108,-34.615593],[-58.478236,-34.615432]]}},{"type":"Feature","properties":{"name":"Avenida Teniente General Luis Dellepiane","ref":null,"osm":"way/197956388"},"geometry":{"type":"LineString","coordinates":[[-58.47545,-34.670639],[-58.475126,-34.669897],[-58.475041,-34.669701],[-58.474717,-34.669014],[-58.4746,-34.66874]]}},{"type":"Feature","properties":{"name":"Autopista Teniente General Luis Dellepiane","ref":null,"osm":"way/197956392"},"geometry":{"type":"LineString","coordinates":[[-58.479356,-34.678569],[-58.479076,-34.677976],[-58.478984,-34.677762],[-58.478464,-34.676552],[-58.47812,-34.675596]]}},{"type":"Feature","properties":{"name":"Avenida General Paz","ref":null,"osm":"way/198994620"},"geometry":{"type":"LineString","coordinates":[[-58.469764,-34.536549],[-58.469198,-34.536295],[-58.468539,-34.536019]]}},{"type":"Feature","properties":{"name":"Avenida General Paz","ref":null,"osm":"way/198994621"},"geometry":{"type":"LineString","coordinates":[[-58.470114,-34.536701],[-58.469764,-34.536549]]}},{"type":"Feature","properties":{"name":"Avenida General Paz","ref":null,"osm":"way/198994622"},"geometry":{"type":"LineString","coordinates":[[-58.470304,-34.536387],[-58.472237,-34.537213],[-58.472508,-34.537322]]}},{"type":"Feature","properties":{"name":"Avenida General Paz","ref":null,"osm":"way/198994623"},"geometry":{"type":"LineString","coordinates":[[-58.469969,-34.536238],[-58.470304,-34.536387]]}},{"type":"Feature","properties":{"name":"Avenida de los Constituyentes","ref":null,"osm":"way/205053027"},"geometry":{"type":"LineString","coordinates":[[-58.47604,-34.59222],[-58.47604,-34.592108],[-58.476049,-34.59201],[-58.476074,-34.591902],[-58.476127,-34.591784],[-58.476175,-34.591716],[-58.476225,-34.59166],[-58.476306,-34.591599],[-58.476416,-34.591535],[-58.476564,-34.591476],[-58.477044,-34.59135],[-58.47736,-34.5913]]}},{"type":"Feature","properties":{"name":"Avenida Chorroarín","ref":null,"osm":"way/205054248"},"geometry":{"type":"LineString","coordinates":[[-58.476192,-34.592689],[-58.476119,-34.592564],[-58.476076,-34.592439],[-58.476052,-34.592347],[-58.476041,-34.592273]]}},{"type":"Feature","properties":{"name":null,"ref":null,"osm":"way/205083556"},"geometry":{"type":"LineString","coordinates":[[-58.408809,-34.56701],[-58.408662,-34.567155],[-58.40861,-34.567221],[-58.408572,-34.567278],[-58.408547,-34.567332],[-58.408531,-34.567379],[-58.40852,-34.567422],[-58.408513,-34.56747],[-58.40851,-34.567509],[-58.408515,-34.567559],[-58.408524,-34.56761],[-58.408534,-34.567651],[-58.408556,-34.567713],[-58.408563,-34.56773],[-58.408591,-34.567788],[-58.408617,-34.567841],[-58.408652,-34.567903],[-58.408691,-34.567965],[-58.408727,-34.568016],[-58.408771,-34.568071],[-58.40902,-34.568353],[-58.409395,-34.568809],[-58.409477,-34.568953]]}},{"type":"Feature","properties":{"name":null,"ref":null,"osm":"way/205357988"},"geometry":{"type":"LineString","coordinates":[[-58.454291,-34.651455],[-58.453794,-34.651496]]}},{"type":"Feature","properties":{"name":"Avenida Lafuente","ref":null,"osm":"way/205358375"},"geometry":{"type":"LineString","coordinates":[[-58.454573,-34.650406],[-58.454612,-34.650644],[-58.454622,-34.650701],[-58.454634,-34.650775]]}},{"type":"Feature","properties":{"name":null,"ref":null,"osm":"way/205522006"},"geometry":{"type":"LineString","coordinates":[[-58.47119,-34.658392],[-58.471139,-34.65851],[-58.471097,-34.658592],[-58.471074,-34.658647],[-58.471064,-34.658715],[-58.471071,-34.658789],[-58.47109,-34.658873],[-58.471129,-34.659016],[-58.471258,-34.659438],[-58.471281,-34.659631]]}},{"type":"Feature","properties":{"name":"Avenida de los Constituyentes","ref":null,"osm":"way/206597745"},"geometry":{"type":"LineString","coordinates":[[-58.502978,-34.573523],[-58.502773,-34.573681],[-58.502294,-34.574049]]}},{"type":"Feature","properties":{"name":"Avenida de los Constituyentes","ref":null,"osm":"way/206597746"},"geometry":{"type":"LineString","coordinates":[[-58.502294,-34.574049],[-58.501734,-34.57448],[-58.501485,-34.574674]]}},{"type":"Feature","properties":{"name":"Avenida San Pedrito","ref":null,"osm":"way/206879706"},"geometry":{"type":"LineString","coordinates":[[-58.467964,-34.634444],[-58.468399,-34.633478],[-58.468479,-34.633302]]}},{"type":"Feature","properties":{"name":"Avenida Elcano","ref":null,"osm":"way/213922305"},"geometry":{"type":"LineString","coordinates":[[-58.460546,-34.582937],[-58.460542,-34.581844]]}},{"type":"Feature","properties":{"name":"Avenida General Paz","ref":null,"osm":"way/219731987"},"geometry":{"type":"LineString","coordinates":[[-58.466347,-34.535369],[-58.466039,-34.535127],[-58.465925,-34.535044]]}},{"type":"Feature","properties":{"name":"Avenida General Paz","ref":null,"osm":"way/219731988"},"geometry":{"type":"LineString","coordinates":[[-58.465925,-34.535044],[-58.465602,-34.534874]]}},{"type":"Feature","properties":{"name":"Avenida San Martín","ref":null,"osm":"way/220538607"},"geometry":{"type":"LineString","coordinates":[[-58.471595,-34.601163],[-58.472079,-34.601054],[-58.472225,-34.601091]]}},{"type":"Feature","properties":{"name":"Avenida San Martín","ref":null,"osm":"way/221073987"},"geometry":{"type":"LineString","coordinates":[[-58.465828,-34.602544],[-58.467303,-34.60218]]}},{"type":"Feature","properties":{"name":"Avenida San Martín","ref":null,"osm":"way/221073988"},"geometry":{"type":"LineString","coordinates":[[-58.46889,-34.601785],[-58.470274,-34.601494]]}},{"type":"Feature","properties":{"name":"Avenida San Martín","ref":null,"osm":"way/221073989"},"geometry":{"type":"LineString","coordinates":[[-58.467303,-34.60218],[-58.46889,-34.601785]]}},{"type":"Feature","properties":{"name":"Avenida San Martín","ref":null,"osm":"way/221092034"},"geometry":{"type":"LineString","coordinates":[[-58.464974,-34.602754],[-58.465138,-34.602714],[-58.465673,-34.602591],[-58.465703,-34.602583],[-58.465828,-34.602544]]}},{"type":"Feature","properties":{"name":"Avenida General Francisco Fernández de La Cruz","ref":null,"osm":"way/221567772"},"geometry":{"type":"LineString","coordinates":[[-58.441695,-34.658627],[-58.442244,-34.659058],[-58.442742,-34.659454]]}},{"type":"Feature","properties":{"name":"Avenida General Francisco Fernández de La Cruz","ref":null,"osm":"way/221568291"},"geometry":{"type":"LineString","coordinates":[[-58.43765,-34.65487],[-58.438307,-34.655402],[-58.438405,-34.655481]]}},{"type":"Feature","properties":{"name":"Avenida General Francisco Fernández de La Cruz","ref":null,"osm":"way/221568292"},"geometry":{"type":"LineString","coordinates":[[-58.439112,-34.656054],[-58.439247,-34.656171],[-58.439266,-34.656189],[-58.439314,-34.656234],[-58.439378,-34.656306],[-58.439695,-34.656751],[-58.439748,-34.656821],[-58.439766,-34.656846],[-58.439841,-34.656937],[-58.44075,-34.657715],[-58.440824,-34.657784],[-58.440886,-34.657842],[-58.441024,-34.657983],[-58.441288,-34.658291],[-58.441322,-34.658331],[-58.441358,-34.658363],[-58.441527,-34.658498]]}},{"type":"Feature","properties":{"name":"Avenida General Francisco Fernández de La Cruz","ref":null,"osm":"way/221568345"},"geometry":{"type":"LineString","coordinates":[[-58.438002,-34.65579],[-58.437903,-34.655713],[-58.437244,-34.655176]]}},{"type":"Feature","properties":{"name":"Avenida General Francisco Fernández de La Cruz","ref":null,"osm":"way/221568865"},"geometry":{"type":"LineString","coordinates":[[-58.438489,-34.65555],[-58.438577,-34.655621],[-58.439112,-34.656054]]}},{"type":"Feature","properties":{"name":"Avenida General Francisco Fernández de La Cruz","ref":null,"osm":"way/221568867"},"geometry":{"type":"LineString","coordinates":[[-58.438716,-34.656346],[-58.438173,-34.655924],[-58.438084,-34.655854]]}},{"type":"Feature","properties":{"name":null,"ref":null,"osm":"way/221572912"},"geometry":{"type":"LineString","coordinates":[[-58.443036,-34.651088],[-58.442931,-34.651031],[-58.442883,-34.650992],[-58.442857,-34.650957],[-58.442844,-34.650904],[-58.442852,-34.650862],[-58.442873,-34.650832],[-58.442907,-34.650794],[-58.442943,-34.650769],[-58.443078,-34.650719]]}},{"type":"Feature","properties":{"name":"Avenida Intendente Francisco Rabanal","ref":null,"osm":"way/221574169"},"geometry":{"type":"LineString","coordinates":[[-58.439926,-34.666184],[-58.439832,-34.666095],[-58.439701,-34.665985],[-58.439608,-34.665912],[-58.439504,-34.66584],[-58.4394,-34.665777],[-58.439302,-34.665724],[-58.438975,-34.665545],[-58.438863,-34.665486],[-58.438736,-34.665423],[-58.437549,-34.664914],[-58.437384,-34.664843],[-58.436738,-34.664561],[-58.436584,-34.664495],[-58.436471,-34.664445],[-58.435559,-34.664044]]}},{"type":"Feature","properties":{"name":"Avenida Intendente Francisco Rabanal","ref":null,"osm":"way/221574174"},"geometry":{"type":"LineString","coordinates":[[-58.418258,-34.655235],[-58.418425,-34.655284],[-58.419764,-34.655675]]}},{"type":"Feature","properties":{"name":"Avenida Intendente Francisco Rabanal","ref":null,"osm":"way/221574176"},"geometry":{"type":"LineString","coordinates":[[-58.438496,-34.664201],[-58.438557,-34.66427],[-58.439307,-34.66512]]}},{"type":"Feature","properties":{"name":"Avenida Intendente Francisco Rabanal","ref":null,"osm":"way/221574179"},"geometry":{"type":"LineString","coordinates":[[-58.437669,-34.663629],[-58.437778,-34.663677],[-58.438028,-34.663808],[-58.438295,-34.664003],[-58.438418,-34.664124],[-58.438496,-34.664201]]}},{"type":"Feature","properties":{"name":null,"ref":null,"osm":"way/221577836"},"geometry":{"type":"LineString","coordinates":[[-58.461542,-34.644162],[-58.461433,-34.644126],[-58.46133,-34.644079],[-58.461236,-34.644022],[-58.461151,-34.643955],[-58.461123,-34.643928],[-58.461041,-34.643832],[-58.460984,-34.643738],[-58.460944,-34.643639]]}},{"type":"Feature","properties":{"name":"Avenida Lafuente","ref":null,"osm":"way/221577837"},"geometry":{"type":"LineString","coordinates":[[-58.454622,-34.650018],[-58.454706,-34.649974],[-58.45487,-34.649863],[-58.455649,-34.649242],[-58.455672,-34.649225]]}},{"type":"Feature","properties":{"name":null,"ref":null,"osm":"way/221577838"},"geometry":{"type":"LineString","coordinates":[[-58.460944,-34.643639],[-58.460915,-34.643454]]}},{"type":"Feature","properties":{"name":"Avenida Lafuente","ref":null,"osm":"way/221577839"},"geometry":{"type":"LineString","coordinates":[[-58.457622,-34.64737],[-58.457924,-34.647083],[-58.458464,-34.64656]]}},{"type":"Feature","properties":{"name":"Avenida Lafuente","ref":null,"osm":"way/221577841"},"geometry":{"type":"LineString","coordinates":[[-58.456251,-34.648691],[-58.456655,-34.648312],[-58.457622,-34.64737]]}},{"type":"Feature","properties":{"name":"Avenida Lafuente","ref":null,"osm":"way/221577842"},"geometry":{"type":"LineString","coordinates":[[-58.459508,-34.645534],[-58.460558,-34.64451],[-58.460623,-34.644448]]}},{"type":"Feature","properties":{"name":"Avenida Lafuente","ref":null,"osm":"way/221577843"},"geometry":{"type":"LineString","coordinates":[[-58.4586,-34.646426],[-58.459508,-34.645534]]}},{"type":"Feature","properties":{"name":null,"ref":null,"osm":"way/221646313"},"geometry":{"type":"LineString","coordinates":[[-58.454646,-34.650859],[-58.454668,-34.651118]]}},{"type":"Feature","properties":{"name":null,"ref":null,"osm":"way/221646314"},"geometry":{"type":"LineString","coordinates":[[-58.453377,-34.651252],[-58.453341,-34.651001]]}},{"type":"Feature","properties":{"name":null,"ref":null,"osm":"way/221646315"},"geometry":{"type":"LineString","coordinates":[[-58.453341,-34.651001],[-58.453335,-34.650908]]}},{"type":"Feature","properties":{"name":"Avenida Lafuente","ref":null,"osm":"way/221646317"},"geometry":{"type":"LineString","coordinates":[[-58.453327,-34.650823],[-58.453339,-34.650779],[-58.453363,-34.650693],[-58.453389,-34.650596],[-58.453422,-34.650499],[-58.453459,-34.650431],[-58.45352,-34.650376],[-58.453602,-34.650327],[-58.453769,-34.65024]]}},{"type":"Feature","properties":{"name":"Avenida Lafuente","ref":null,"osm":"way/221646318"},"geometry":{"type":"LineString","coordinates":[[-58.453769,-34.65024],[-58.454069,-34.650206]]}},{"type":"Feature","properties":{"name":null,"ref":null,"osm":"way/221646319"},"geometry":{"type":"LineString","coordinates":[[-58.454668,-34.651118],[-58.454656,-34.651201],[-58.454644,-34.651256],[-58.454623,-34.6513],[-58.454594,-34.651336],[-58.454537,-34.65138],[-58.454459,-34.65141],[-58.454291,-34.651455]]}},{"type":"Feature","properties":{"name":"Avenida Lafuente","ref":null,"osm":"way/221648092"},"geometry":{"type":"LineString","coordinates":[[-58.455785,-34.649136],[-58.455909,-34.649025],[-58.456251,-34.648691]]}},{"type":"Feature","properties":{"name":"Avenida Lafuente","ref":null,"osm":"way/221648093"},"geometry":{"type":"LineString","coordinates":[[-58.458667,-34.646474],[-58.457689,-34.64742],[-58.456716,-34.648354],[-58.456387,-34.64868],[-58.456244,-34.648822],[-58.455843,-34.649186],[-58.455732,-34.649286],[-58.455575,-34.649415],[-58.454851,-34.649986],[-58.454721,-34.650083],[-58.454652,-34.650147]]}},{"type":"Feature","properties":{"name":null,"ref":null,"osm":"way/221650688"},"geometry":{"type":"LineString","coordinates":[[-58.463686,-34.65385],[-58.463797,-34.653739],[-58.4639,-34.653648],[-58.46585,-34.652086],[-58.46593,-34.65201],[-58.465979,-34.651946],[-58.466026,-34.651875],[-58.466063,-34.651786],[-58.466077,-34.651688],[-58.466073,-34.651614],[-58.466064,-34.65156],[-58.466036,-34.651488],[-58.465993,-34.65141],[-58.465944,-34.65134],[-58.465899,-34.65128],[-58.465846,-34.651226],[-58.465689,-34.65111],[-58.465601,-34.651022],[-58.465534,-34.650955]]}},{"type":"Feature","properties":{"name":"Zuviría","ref":null,"osm":"way/221651080"},"geometry":{"type":"LineString","coordinates":[[-58.464492,-34.649848],[-58.46444,-34.649727],[-58.464314,-34.649492],[-58.464259,-34.649402],[-58.464203,-34.64932],[-58.464069,-34.649189],[-58.463613,-34.648778]]}},{"type":"Feature","properties":{"name":"Avenida Perito Moreno","ref":null,"osm":"way/221661061"},"geometry":{"type":"LineString","coordinates":[[-58.444578,-34.651026],[-58.444515,-34.651028],[-58.444438,-34.651038],[-58.444318,-34.651057],[-58.444151,-34.651077]]}},{"type":"Feature","properties":{"name":"Avenida Perito Moreno","ref":null,"osm":"way/221661235"},"geometry":{"type":"LineString","coordinates":[[-58.454646,-34.650859],[-58.45447,-34.650879],[-58.454432,-34.650882],[-58.453341,-34.651001]]}},{"type":"Feature","properties":{"name":"Avenida Leopoldo Lugones","ref":"AV1-N","osm":"way/221664933"},"geometry":{"type":"LineString","coordinates":[[-58.437054,-34.549244],[-58.435584,-34.55004],[-58.43335,-34.551262],[-58.433326,-34.551274]]}},{"type":"Feature","properties":{"name":"Avenida San Martín","ref":null,"osm":"way/221694591"},"geometry":{"type":"LineString","coordinates":[[-58.458573,-34.604456],[-58.458472,-34.60448],[-58.458382,-34.604503]]}},{"type":"Feature","properties":{"name":"Avenida Francisco Beiró","ref":null,"osm":"way/221973301"},"geometry":{"type":"LineString","coordinates":[[-58.529286,-34.617223],[-58.529502,-34.61739],[-58.529579,-34.617451],[-58.529696,-34.61754]]}},{"type":"Feature","properties":{"name":"Avenida Francisco Beiró","ref":null,"osm":"way/221973526"},"geometry":{"type":"LineString","coordinates":[[-58.525785,-34.614505],[-58.526272,-34.614882]]}},{"type":"Feature","properties":{"name":"Avenida Francisco Beiró","ref":null,"osm":"way/221973527"},"geometry":{"type":"LineString","coordinates":[[-58.526272,-34.614882],[-58.526825,-34.61531]]}},{"type":"Feature","properties":{"name":"Avenida Francisco Beiró","ref":null,"osm":"way/222249966"},"geometry":{"type":"LineString","coordinates":[[-58.527511,-34.615843],[-58.527551,-34.615874],[-58.527591,-34.615904],[-58.527628,-34.615933],[-58.527688,-34.615979],[-58.527855,-34.616108]]}},{"type":"Feature","properties":{"name":"Avenida Francisco Beiró","ref":null,"osm":"way/222249968"},"geometry":{"type":"LineString","coordinates":[[-58.525466,-34.614258],[-58.525599,-34.614361],[-58.525785,-34.614505]]}},{"type":"Feature","properties":{"name":"Avenida Francisco Beiró","ref":null,"osm":"way/222249969"},"geometry":{"type":"LineString","coordinates":[[-58.528791,-34.616828],[-58.529286,-34.617223]]}},{"type":"Feature","properties":{"name":"Avenida Francisco Beiró","ref":null,"osm":"way/222249971"},"geometry":{"type":"LineString","coordinates":[[-58.526908,-34.615374],[-58.527217,-34.615614],[-58.527374,-34.615736]]}},{"type":"Feature","properties":{"name":"Avenida Francisco Beiró","ref":null,"osm":"way/222249972"},"geometry":{"type":"LineString","coordinates":[[-58.525097,-34.613971],[-58.525288,-34.61412],[-58.525367,-34.614182],[-58.525412,-34.614217]]}},{"type":"Feature","properties":{"name":"Avenida Francisco Beiró","ref":null,"osm":"way/222249973"},"geometry":{"type":"LineString","coordinates":[[-58.527855,-34.616108],[-58.528307,-34.616459]]}},{"type":"Feature","properties":{"name":"Autopista 25 de Mayo","ref":"AU1","osm":"way/222380082"},"geometry":{"type":"LineString","coordinates":[[-58.406394,-34.626613],[-58.405664,-34.626532],[-58.402798,-34.62617],[-58.402506,-34.62613],[-58.402147,-34.626075],[-58.401812,-34.626015],[-58.401232,-34.625898],[-58.400429,-34.625691],[-58.400248,-34.625644],[-58.397895,-34.625103],[-58.396685,-34.624823],[-58.396475,-34.624775]]}},{"type":"Feature","properties":{"name":"Autopista 25 de Mayo","ref":"AU1","osm":"way/222380083"},"geometry":{"type":"LineString","coordinates":[[-58.386265,-34.622929],[-58.391613,-34.623573],[-58.391947,-34.623624],[-58.392285,-34.623671],[-58.392654,-34.623734],[-58.392845,-34.623766],[-58.393348,-34.623874]]}},{"type":"Feature","properties":{"name":"Autopista Teniente General Luis Dellepiane","ref":null,"osm":"way/222413746"},"geometry":{"type":"LineString","coordinates":[[-58.474877,-34.667714],[-58.474928,-34.667836],[-58.474998,-34.668],[-58.475481,-34.669107]]}},{"type":"Feature","properties":{"name":null,"ref":null,"osm":"way/223091980"},"geometry":{"type":"LineString","coordinates":[[-58.49488,-34.546508],[-58.494811,-34.546777],[-58.494763,-34.546916],[-58.49468,-34.547087],[-58.494582,-34.547261],[-58.494488,-34.547383],[-58.494394,-34.547506],[-58.494239,-34.54766],[-58.494001,-34.547834],[-58.493855,-34.547891]]}},{"type":"Feature","properties":{"name":null,"ref":null,"osm":"way/223092005"},"geometry":{"type":"LineString","coordinates":[[-58.48934,-34.544604],[-58.489455,-34.54467],[-58.489641,-34.544796]]}},{"type":"Feature","properties":{"name":null,"ref":null,"osm":"way/223092007"},"geometry":{"type":"LineString","coordinates":[[-58.492356,-34.54612],[-58.492506,-34.546153],[-58.492658,-34.546177],[-58.492837,-34.546188],[-58.492976,-34.546187],[-58.493088,-34.546183],[-58.493181,-34.546173]]}},{"type":"Feature","properties":{"name":"Avenida General Paz","ref":null,"osm":"way/223092019"},"geometry":{"type":"LineString","coordinates":[[-58.483367,-34.542662],[-58.482643,-34.54233],[-58.481532,-34.541829],[-58.480044,-34.541174],[-58.47923,-34.540794],[-58.478959,-34.540675],[-58.478444,-34.540473],[-58.478164,-34.540376]]}},{"type":"Feature","properties":{"name":"Avenida General Paz","ref":null,"osm":"way/223092020"},"geometry":{"type":"LineString","coordinates":[[-58.486628,-34.54427],[-58.486044,-34.543963],[-58.485477,-34.543671],[-58.484271,-34.543078],[-58.483367,-34.542662]]}},{"type":"Feature","properties":{"name":"Avenida Eva Perón","ref":null,"osm":"way/226153856"},"geometry":{"type":"LineString","coordinates":[[-58.473257,-34.652838],[-58.472922,-34.652527],[-58.472721,-34.652342],[-58.472576,-34.652206]]}},{"type":"Feature","properties":{"name":"Avenida Francisco Beiró","ref":null,"osm":"way/226331118"},"geometry":{"type":"LineString","coordinates":[[-58.510453,-34.605025],[-58.511248,-34.605508]]}},{"type":"Feature","properties":{"name":"Avenida Francisco Beiró","ref":null,"osm":"way/226503969"},"geometry":{"type":"LineString","coordinates":[[-58.511248,-34.605508],[-58.511508,-34.60567],[-58.511726,-34.605806]]}},{"type":"Feature","properties":{"name":null,"ref":null,"osm":"way/226508727"},"geometry":{"type":"LineString","coordinates":[[-58.493855,-34.547891],[-58.493719,-34.54795],[-58.493567,-34.547994],[-58.493404,-34.548013],[-58.493257,-34.548012],[-58.493122,-34.547994],[-58.492989,-34.547958],[-58.492862,-34.547897],[-58.492758,-34.547814],[-58.492632,-34.547704],[-58.492413,-34.547451]]}},{"type":"Feature","properties":{"name":null,"ref":null,"osm":"way/226508728"},"geometry":{"type":"LineString","coordinates":[[-58.494962,-34.546663],[-58.494918,-34.546866],[-58.494879,-34.546983],[-58.494838,-34.547079],[-58.494791,-34.54716],[-58.494704,-34.547293],[-58.494573,-34.547477],[-58.494485,-34.547587],[-58.494402,-34.547682],[-58.494353,-34.547732],[-58.494307,-34.547777],[-58.494226,-34.547861],[-58.494151,-34.547927],[-58.493868,-34.548112]]}},{"type":"Feature","properties":{"name":null,"ref":null,"osm":"way/226508729"},"geometry":{"type":"LineString","coordinates":[[-58.493868,-34.548112],[-58.493706,-34.548195],[-58.493535,-34.548274],[-58.493285,-34.54841]]}},{"type":"Feature","properties":{"name":null,"ref":null,"osm":"way/226508733"},"geometry":{"type":"LineString","coordinates":[[-58.492169,-34.547661],[-58.492153,-34.547502]]}},{"type":"Feature","properties":{"name":null,"ref":null,"osm":"way/226508734"},"geometry":{"type":"LineString","coordinates":[[-58.492153,-34.547502],[-58.492155,-34.547423],[-58.492188,-34.547168],[-58.492227,-34.547038],[-58.492294,-34.546871]]}},{"type":"Feature","properties":{"name":"Donado","ref":null,"osm":"way/226508743"},"geometry":{"type":"LineString","coordinates":[[-58.49186,-34.550478],[-58.491466,-34.551065],[-58.491437,-34.551106],[-58.49142,-34.55113],[-58.491401,-34.551158],[-58.491334,-34.551252]]}},{"type":"Feature","properties":{"name":"Donado","ref":null,"osm":"way/226508744"},"geometry":{"type":"LineString","coordinates":[[-58.492568,-34.549453],[-58.49251,-34.549534],[-58.492471,-34.549598],[-58.492417,-34.549671]]}},{"type":"Feature","properties":{"name":"Avenida Triunvirato","ref":null,"osm":"way/226615039"},"geometry":{"type":"LineString","coordinates":[[-58.485386,-34.574971],[-58.485303,-34.575025],[-58.484435,-34.57551],[-58.484301,-34.575584]]}},{"type":"Feature","properties":{"name":"Avenida Triunvirato","ref":null,"osm":"way/226615041"},"geometry":{"type":"LineString","coordinates":[[-58.486373,-34.574317],[-58.486287,-34.574393],[-58.48619,-34.574468],[-58.485924,-34.574644],[-58.485805,-34.574717],[-58.485671,-34.574798],[-58.485474,-34.574917],[-58.485386,-34.574971]]}},{"type":"Feature","properties":{"name":"Avenida Escalada","ref":null,"osm":"way/226629942"},"geometry":{"type":"LineString","coordinates":[[-58.468401,-34.666007],[-58.468251,-34.666124],[-58.467917,-34.666387],[-58.465849,-34.667992],[-58.464936,-34.668716]]}},{"type":"Feature","properties":{"name":"Avenida Coronel Roca","ref":null,"osm":"way/226633234"},"geometry":{"type":"LineString","coordinates":[[-58.46099,-34.68953],[-58.461096,-34.689631],[-58.46126,-34.689788],[-58.461914,-34.690412],[-58.46202,-34.69051]]}},{"type":"Feature","properties":{"name":"Avenida General Paz","ref":null,"osm":"way/226640542"},"geometry":{"type":"LineString","coordinates":[[-58.469854,-34.698003],[-58.470017,-34.697873]]}},{"type":"Feature","properties":{"name":"Avenida Coronel Roca","ref":null,"osm":"way/226641475"},"geometry":{"type":"LineString","coordinates":[[-58.456844,-34.685617],[-58.456981,-34.685734]]}},{"type":"Feature","properties":{"name":null,"ref":null,"osm":"way/226642015"},"geometry":{"type":"LineString","coordinates":[[-58.459123,-34.672695],[-58.45929,-34.672737],[-58.459437,-34.672814],[-58.459552,-34.672922],[-58.459628,-34.673051],[-58.459659,-34.673192]]}},{"type":"Feature","properties":{"name":null,"ref":null,"osm":"way/226642572"},"geometry":{"type":"LineString","coordinates":[[-58.462964,-34.669694],[-58.463003,-34.669626],[-58.463049,-34.669562],[-58.463155,-34.669445],[-58.463282,-34.669343],[-58.463427,-34.669258],[-58.463523,-34.669216],[-58.463624,-34.669181]]}},{"type":"Feature","properties":{"name":"Avenida Álvarez Thomas","ref":null,"osm":"way/226665307"},"geometry":{"type":"LineString","coordinates":[[-58.472169,-34.57798],[-58.473024,-34.577784],[-58.473224,-34.577734],[-58.473672,-34.57763],[-58.474741,-34.577392],[-58.475205,-34.577286],[-58.475285,-34.577266],[-58.475352,-34.577249],[-58.475484,-34.577213],[-58.475564,-34.577185]]}},{"type":"Feature","properties":{"name":"Avenida Álvarez Thomas","ref":null,"osm":"way/226665308"},"geometry":{"type":"LineString","coordinates":[[-58.475564,-34.577185],[-58.475692,-34.577117],[-58.476592,-34.576472],[-58.47726,-34.575985],[-58.477423,-34.575868]]}},{"type":"Feature","properties":{"name":"Autopista Arturo Illia","ref":"AV1-N","osm":"way/228374531"},"geometry":{"type":"LineString","coordinates":[[-58.400219,-34.571713],[-58.400712,-34.571451],[-58.401352,-34.571109],[-58.402088,-34.57069],[-58.402608,-34.570377],[-58.403309,-34.569936]]}},{"type":"Feature","properties":{"name":"Autopista Arturo Illia","ref":"AV1-N","osm":"way/228374532"},"geometry":{"type":"LineString","coordinates":[[-58.399056,-34.572517],[-58.398541,-34.572784],[-58.398032,-34.573051],[-58.397969,-34.573084],[-58.396467,-34.573871]]}},{"type":"Feature","properties":{"name":"Avenida Eva Perón","ref":null,"osm":"way/229112056"},"geometry":{"type":"LineString","coordinates":[[-58.493619,-34.667935],[-58.493462,-34.667781],[-58.492904,-34.667184],[-58.492566,-34.666818],[-58.492274,-34.666507],[-58.492012,-34.666239],[-58.491758,-34.66599],[-58.491017,-34.66526]]}},{"type":"Feature","properties":{"name":"Avenida Eva Perón","ref":null,"osm":"way/229112058"},"geometry":{"type":"LineString","coordinates":[[-58.495743,-34.670044],[-58.495638,-34.669941],[-58.495362,-34.669659],[-58.495108,-34.669414],[-58.494806,-34.669122],[-58.494762,-34.669079],[-58.494525,-34.668849]]}},{"type":"Feature","properties":{"name":"Avenida Piedra Buena","ref":null,"osm":"way/229112958"},"geometry":{"type":"LineString","coordinates":[[-58.485903,-34.679513],[-58.484398,-34.680846]]}},{"type":"Feature","properties":{"name":"Avenida Coronel Roca","ref":null,"osm":"way/229113166"},"geometry":{"type":"LineString","coordinates":[[-58.465427,-34.69364],[-58.465531,-34.693735],[-58.466206,-34.694357],[-58.466262,-34.694405],[-58.467014,-34.6951],[-58.467469,-34.695538]]}},{"type":"Feature","properties":{"name":"Avenida Teniente General Luis Dellepiane","ref":null,"osm":"way/229117292"},"geometry":{"type":"LineString","coordinates":[[-58.480649,-34.682265],[-58.480331,-34.681699],[-58.4802,-34.681526]]}},{"type":"Feature","properties":{"name":"Nicasio Oroño","ref":null,"osm":"way/229359795"},"geometry":{"type":"LineString","coordinates":[[-58.461162,-34.604514],[-58.460622,-34.605624],[-58.460532,-34.605809]]}},{"type":"Feature","properties":{"name":"Avenida Teniente General Luis Dellepiane","ref":null,"osm":"way/229361036"},"geometry":{"type":"LineString","coordinates":[[-58.472066,-34.663155],[-58.472007,-34.663055]]}},{"type":"Feature","properties":{"name":"Avenida Escalada","ref":null,"osm":"way/229361042"},"geometry":{"type":"LineString","coordinates":[[-58.471367,-34.663681],[-58.470997,-34.663995],[-58.470682,-34.66425],[-58.470507,-34.664378],[-58.470344,-34.664498]]}},{"type":"Feature","properties":{"name":"Avenida Escalada","ref":null,"osm":"way/229361100"},"geometry":{"type":"LineString","coordinates":[[-58.469765,-34.664943],[-58.469141,-34.665462],[-58.468401,-34.666007]]}},{"type":"Feature","properties":{"name":"Avenida General Paz","ref":null,"osm":"way/234947413"},"geometry":{"type":"LineString","coordinates":[[-58.490184,-34.546222],[-58.489897,-34.546086],[-58.489652,-34.545966],[-58.488389,-34.545307],[-58.487763,-34.544932]]}},{"type":"Feature","properties":{"name":"Avenida Isidro Lorea","ref":null,"osm":"way/237027231"},"geometry":{"type":"LineString","coordinates":[[-58.407146,-34.649404],[-58.406904,-34.64946],[-58.406685,-34.649525],[-58.40646,-34.649604],[-58.406263,-34.649696],[-58.406072,-34.649796],[-58.40565,-34.65008],[-58.405623,-34.650098],[-58.405525,-34.650158]]}},{"type":"Feature","properties":{"name":"Avenida Elvira Rawson de Dellepiane","ref":null,"osm":"way/239109230"},"geometry":{"type":"LineString","coordinates":[[-58.361529,-34.623334],[-58.361314,-34.623159],[-58.360493,-34.622298],[-58.360342,-34.622141],[-58.360229,-34.622022],[-58.360133,-34.62192],[-58.359698,-34.62146]]}},{"type":"Feature","properties":{"name":"Avenida General Paz","ref":null,"osm":"way/240078443"},"geometry":{"type":"LineString","coordinates":[[-58.487763,-34.544932],[-58.486628,-34.54427]]}},{"type":"Feature","properties":{"name":"Autopista 25 de Mayo","ref":"AU1","osm":"way/240589758"},"geometry":{"type":"LineString","coordinates":[[-58.406486,-34.626463],[-58.407332,-34.626574],[-58.408377,-34.626651],[-58.410924,-34.626733],[-58.411381,-34.626764],[-58.41173,-34.626807],[-58.412414,-34.626887],[-58.412955,-34.626965],[-58.413443,-34.627022],[-58.41387,-34.627074],[-58.414271,-34.627124],[-58.416608,-34.627443],[-58.417762,-34.627605],[-58.420844,-34.628038],[-58.421915,-34.628262],[-58.423535,-34.628448],[-58.425149,-34.628634],[-58.427505,-34.628924],[-58.427767,-34.628956],[-58.429199,-34.629141],[-58.434549,-34.629933],[-58.436946,-34.630326],[-58.437878,-34.630532],[-58.438019,-34.630573],[-58.438762,-34.630822],[-58.439319,-34.63109],[-58.440885,-34.632045],[-58.442483,-34.632958],[-58.443025,-34.633309],[-58.443484,-34.633604],[-58.444188,-34.634082],[-58.444946,-34.634626],[-58.445463,-34.634973],[-58.446519,-34.635643],[-58.446771,-34.635791],[-58.446842,-34.635823],[-58.447069,-34.635926],[-58.447309,-34.636013],[-58.447557,-34.636096],[-58.448078,-34.636254],[-58.44873,-34.636348],[-58.44963,-34.636337],[-58.45052,-34.636312],[-58.451367,-34.636297],[-58.451674,-34.636311],[-58.451937,-34.63633],[-58.452174,-34.636353],[-58.452221,-34.636358],[-58.452476,-34.6364],[-58.452712,-34.636448],[-58.452972,-34.636521],[-58.453267,-34.636623],[-58.453552,-34.63673],[-58.453854,-34.636872],[-58.454214,-34.637075],[-58.455065,-34.637593],[-58.456306,-34.638427]]}},{"type":"Feature","properties":{"name":"Avenida Elvira Rawson de Dellepiane","ref":null,"osm":"way/242235239"},"geometry":{"type":"LineString","coordinates":[[-58.359859,-34.621361],[-58.360371,-34.62191],[-58.360475,-34.62202],[-58.360642,-34.6222],[-58.361421,-34.623038],[-58.361443,-34.623066],[-58.361624,-34.623297],[-58.361666,-34.623405]]}},{"type":"Feature","properties":{"name":null,"ref":null,"osm":"way/244315149"},"geometry":{"type":"LineString","coordinates":[[-58.484466,-34.688289],[-58.484308,-34.688318],[-58.484183,-34.688312],[-58.484078,-34.688293],[-58.483986,-34.688261],[-58.483891,-34.68821]]}},{"type":"Feature","properties":{"name":"Autopista Teniente General Luis Dellepiane","ref":null,"osm":"way/244315263"},"geometry":{"type":"LineString","coordinates":[[-58.484123,-34.685573],[-58.483991,-34.685415]]}},{"type":"Feature","properties":{"name":"Autopista Teniente General Luis Dellepiane","ref":null,"osm":"way/244315266"},"geometry":{"type":"LineString","coordinates":[[-58.484115,-34.685345],[-58.484247,-34.685503]]}},{"type":"Feature","properties":{"name":"Autopista Teniente General Luis Dellepiane","ref":null,"osm":"way/244315269"},"geometry":{"type":"LineString","coordinates":[[-58.483283,-34.684587],[-58.483005,-34.684296],[-58.481918,-34.68321]]}},{"type":"Feature","properties":{"name":"Autopista Teniente General Luis Dellepiane","ref":null,"osm":"way/244315271"},"geometry":{"type":"LineString","coordinates":[[-58.484247,-34.685503],[-58.484329,-34.685601]]}},{"type":"Feature","properties":{"name":"Avenida General Paz","ref":null,"osm":"way/244316715"},"geometry":{"type":"LineString","coordinates":[[-58.46646,-34.700602],[-58.466589,-34.700499]]}},{"type":"Feature","properties":{"name":"Avenida General Paz","ref":null,"osm":"way/244316721"},"geometry":{"type":"LineString","coordinates":[[-58.466589,-34.700499],[-58.467795,-34.699578],[-58.468191,-34.699272],[-58.468685,-34.69889],[-58.46897,-34.698691]]}},{"type":"Feature","properties":{"name":"Holmberg","ref":null,"osm":"way/247126189"},"geometry":{"type":"LineString","coordinates":[[-58.491526,-34.5492],[-58.491828,-34.548786],[-58.49208,-34.548441]]}},{"type":"Feature","properties":{"name":"Holmberg","ref":null,"osm":"way/247126195"},"geometry":{"type":"LineString","coordinates":[[-58.49097,-34.549997],[-58.491408,-34.549364],[-58.491526,-34.5492]]}},{"type":"Feature","properties":{"name":"Avenida Presidente Figueroa Alcorta","ref":null,"osm":"way/250065030"},"geometry":{"type":"LineString","coordinates":[[-58.416316,-34.568097],[-58.416347,-34.568066],[-58.416431,-34.567965],[-58.416491,-34.567865],[-58.416563,-34.567693],[-58.416661,-34.567447],[-58.416733,-34.567322],[-58.416786,-34.567273],[-58.416949,-34.56714],[-58.417489,-34.566818],[-58.417576,-34.566776],[-58.417784,-34.566711]]}},{"type":"Feature","properties":{"name":"Avenida Presidente Figueroa Alcorta","ref":null,"osm":"way/250065031"},"geometry":{"type":"LineString","coordinates":[[-58.413566,-34.570348],[-58.413633,-34.570302],[-58.413723,-34.570239],[-58.414971,-34.569364],[-58.415357,-34.569075]]}},{"type":"Feature","properties":{"name":"Avenida Presidente Figueroa Alcorta","ref":null,"osm":"way/250065032"},"geometry":{"type":"LineString","coordinates":[[-58.415357,-34.569075],[-58.415902,-34.568491],[-58.41623,-34.568186],[-58.416316,-34.568097]]}},{"type":"Feature","properties":{"name":"Avenida Intendente Cantilo","ref":"AV1-N","osm":"way/250065312"},"geometry":{"type":"LineString","coordinates":[[-58.433678,-34.550602],[-58.434098,-34.550366],[-58.436529,-34.549021]]}},{"type":"Feature","properties":{"name":"Avenida Amancio Alcorta","ref":null,"osm":"way/254667640"},"geometry":{"type":"LineString","coordinates":[[-58.416376,-34.656698],[-58.416585,-34.656802]]}},{"type":"Feature","properties":{"name":"Avenida General Paz","ref":null,"osm":"way/255158938"},"geometry":{"type":"LineString","coordinates":[[-58.478164,-34.540376],[-58.477472,-34.540133],[-58.477064,-34.539979],[-58.476824,-34.539879],[-58.476209,-34.539574]]}},{"type":"Feature","properties":{"name":"Avenida General Paz","ref":null,"osm":"way/255176555"},"geometry":{"type":"LineString","coordinates":[[-58.478418,-34.539666],[-58.47886,-34.540024],[-58.479161,-34.540231],[-58.479535,-34.540454],[-58.479727,-34.54056],[-58.48032,-34.540825],[-58.482244,-34.541638],[-58.483639,-34.542179]]}},{"type":"Feature","properties":{"name":"Avenida Vélez Sársfield","ref":null,"osm":"way/256398476"},"geometry":{"type":"LineString","coordinates":[[-58.388657,-34.655614],[-58.388707,-34.654901]]}},{"type":"Feature","properties":{"name":"Avenida Suárez","ref":null,"osm":"way/256398477"},"geometry":{"type":"LineString","coordinates":[[-58.380802,-34.642107],[-58.380609,-34.642125],[-58.380104,-34.642224],[-58.38007,-34.642226],[-58.380039,-34.642225],[-58.38001,-34.64222],[-58.379976,-34.642213],[-58.379932,-34.642194]]}},{"type":"Feature","properties":{"name":"Hipólito Vieytes","ref":null,"osm":"way/256398480"},"geometry":{"type":"LineString","coordinates":[[-58.376671,-34.650196],[-58.376567,-34.650466],[-58.37604,-34.651904],[-58.375897,-34.652232],[-58.375848,-34.65234]]}},{"type":"Feature","properties":{"name":"Autopista Presidente Arturo Frondizi","ref":"AV1-Sur","osm":"way/256405906"},"geometry":{"type":"LineString","coordinates":[[-58.378036,-34.634004],[-58.377962,-34.63424]]}},{"type":"Feature","properties":{"name":"Avenida Australia","ref":null,"osm":"way/256799263"},"geometry":{"type":"LineString","coordinates":[[-58.381783,-34.64557],[-58.381179,-34.645417]]}},{"type":"Feature","properties":{"name":"Avenida Vélez Sársfield","ref":null,"osm":"way/256799269"},"geometry":{"type":"LineString","coordinates":[[-58.388803,-34.65383],[-58.388855,-34.653128]]}},{"type":"Feature","properties":{"name":"Autopista Presidente Arturo Frondizi","ref":"AV1-Sur","osm":"way/257029139"},"geometry":{"type":"LineString","coordinates":[[-58.377756,-34.634118],[-58.37813,-34.633283],[-58.37822,-34.633055],[-58.378373,-34.632618],[-58.378445,-34.632342],[-58.378492,-34.632084],[-58.378522,-34.631623]]}},{"type":"Feature","properties":{"name":"Avenida Leopoldo Lugones","ref":"AV1-N","osm":"way/258114115"},"geometry":{"type":"LineString","coordinates":[[-58.447266,-34.543707],[-58.446718,-34.543995],[-58.446245,-34.544241],[-58.445213,-34.544793],[-58.44276,-34.546148],[-58.441196,-34.547008],[-58.440596,-34.54734],[-58.439992,-34.547672]]}},{"type":"Feature","properties":{"name":"Avenida Warnes","ref":null,"osm":"way/258203476"},"geometry":{"type":"LineString","coordinates":[[-58.451816,-34.599008],[-58.45131,-34.599185],[-58.451098,-34.599256],[-58.450964,-34.599299]]}},{"type":"Feature","properties":{"name":"Avenida Dorrego","ref":null,"osm":"way/258839362"},"geometry":{"type":"LineString","coordinates":[[-58.420293,-34.565842],[-58.420654,-34.566454],[-58.42078,-34.566687],[-58.420812,-34.566822]]}},{"type":"Feature","properties":{"name":"Avenida Presidente Sarmiento","ref":null,"osm":"way/258849500"},"geometry":{"type":"LineString","coordinates":[[-58.401314,-34.567989],[-58.401422,-34.567999],[-58.401516,-34.568001],[-58.401769,-34.56796],[-58.40181,-34.567951],[-58.402043,-34.567909],[-58.402208,-34.567878],[-58.402391,-34.567898]]}},{"type":"Feature","properties":{"name":"Avenida Eva Perón","ref":null,"osm":"way/259863944"},"geometry":{"type":"LineString","coordinates":[[-58.498264,-34.672037],[-58.498092,-34.671917],[-58.497932,-34.671809],[-58.49742,-34.671438],[-58.496999,-34.671123],[-58.49672,-34.670887],[-58.496459,-34.670666],[-58.496424,-34.670636],[-58.496189,-34.670435],[-58.496117,-34.670373],[-58.495945,-34.67023],[-58.495743,-34.670044]]}},{"type":"Feature","properties":{"name":"Avenida Piedra Buena","ref":null,"osm":"way/259863947"},"geometry":{"type":"LineString","coordinates":[[-58.492465,-34.673428],[-58.492272,-34.673616],[-58.491771,-34.674125],[-58.4917,-34.674198]]}},{"type":"Feature","properties":{"name":"Avenida Teniente General Luis Dellepiane","ref":null,"osm":"way/259866028"},"geometry":{"type":"LineString","coordinates":[[-58.47378,-34.664207],[-58.473857,-34.664401],[-58.474082,-34.664994],[-58.474114,-34.665077],[-58.474218,-34.665388],[-58.474338,-34.665684],[-58.474563,-34.666234],[-58.474565,-34.66624],[-58.474813,-34.666809],[-58.475041,-34.667178],[-58.475192,-34.66735],[-58.475291,-34.667443],[-58.475477,-34.667625],[-58.475503,-34.667676],[-58.475555,-34.667777],[-58.475612,-34.66794]]}},{"type":"Feature","properties":{"name":"Avenida Juan Bautista Justo","ref":null,"osm":"way/261020551"},"geometry":{"type":"LineString","coordinates":[[-58.426638,-34.578158],[-58.426641,-34.578058],[-58.426643,-34.577938]]}},{"type":"Feature","properties":{"name":"Avenida Juan Bautista Justo","ref":null,"osm":"way/261452343"},"geometry":{"type":"LineString","coordinates":[[-58.47703,-34.619226],[-58.476991,-34.619198],[-58.476955,-34.619168],[-58.476702,-34.618904]]}},{"type":"Feature","properties":{"name":"Avenida Juan Bautista Justo","ref":null,"osm":"way/261657886"},"geometry":{"type":"LineString","coordinates":[[-58.435628,-34.586105],[-58.435625,-34.586103],[-58.435511,-34.586026],[-58.434688,-34.585408]]}},{"type":"Feature","properties":{"name":"Avenida Juan Bautista Justo","ref":null,"osm":"way/261660272"},"geometry":{"type":"LineString","coordinates":[[-58.439603,-34.591592],[-58.439528,-34.591528],[-58.439328,-34.591324],[-58.43911,-34.591086]]}},{"type":"Feature","properties":{"name":"Avenida Juan Bautista Justo","ref":null,"osm":"way/261660282"},"geometry":{"type":"LineString","coordinates":[[-58.438206,-34.58888],[-58.437866,-34.58787],[-58.437854,-34.587839],[-58.437832,-34.587781],[-58.437814,-34.587745]]}},{"type":"Feature","properties":{"name":"Puente Ezequiel Demonty","ref":null,"osm":"way/262962972"},"geometry":{"type":"LineString","coordinates":[[-58.416632,-34.658677],[-58.416714,-34.659454],[-58.416839,-34.660392],[-58.4169,-34.660702],[-58.417028,-34.661257]]}},{"type":"Feature","properties":{"name":"Puente Ezequiel Demonty","ref":null,"osm":"way/262962973"},"geometry":{"type":"LineString","coordinates":[[-58.416568,-34.657329],[-58.416617,-34.65851],[-58.416632,-34.658677]]}},{"type":"Feature","properties":{"name":"Puente Ezequiel Demonty","ref":null,"osm":"way/262962975"},"geometry":{"type":"LineString","coordinates":[[-58.4165,-34.658689],[-58.416485,-34.65853],[-58.416466,-34.658055],[-58.416443,-34.657427],[-58.416425,-34.657346]]}},{"type":"Feature","properties":{"name":"Puente Ezequiel Demonty","ref":null,"osm":"way/262962977"},"geometry":{"type":"LineString","coordinates":[[-58.416905,-34.661273],[-58.416778,-34.660719],[-58.416722,-34.660407],[-58.416582,-34.659456],[-58.416519,-34.658871],[-58.4165,-34.658689]]}},{"type":"Feature","properties":{"name":"Avenida Juan Bautista Justo","ref":null,"osm":"way/264388785"},"geometry":{"type":"LineString","coordinates":[[-58.528228,-34.634732],[-58.528352,-34.634744],[-58.528542,-34.634758],[-58.528632,-34.634764],[-58.528739,-34.634771]]}},{"type":"Feature","properties":{"name":"Avenida Eva Perón","ref":null,"osm":"way/265630490"},"geometry":{"type":"LineString","coordinates":[[-58.469414,-34.649272],[-58.469525,-34.649401],[-58.469714,-34.649597]]}},{"type":"Feature","properties":{"name":null,"ref":null,"osm":"way/265630494"},"geometry":{"type":"LineString","coordinates":[[-58.469476,-34.64962],[-58.469452,-34.64961],[-58.469437,-34.649603],[-58.469419,-34.649593],[-58.469404,-34.649583],[-58.469394,-34.649575],[-58.469378,-34.64956],[-58.469363,-34.649544],[-58.469351,-34.649528],[-58.469344,-34.649512],[-58.469334,-34.64949],[-58.469324,-34.649462]]}},{"type":"Feature","properties":{"name":null,"ref":null,"osm":"way/265893797"},"geometry":{"type":"LineString","coordinates":[[-58.477539,-34.673086],[-58.477608,-34.673203],[-58.477643,-34.673312],[-58.477742,-34.673847],[-58.477847,-34.674291],[-58.477929,-34.674758]]}},{"type":"Feature","properties":{"name":"Avenida General Paz","ref":null,"osm":"way/265894281"},"geometry":{"type":"LineString","coordinates":[[-58.480304,-34.690126],[-58.481477,-34.689255]]}},{"type":"Feature","properties":{"name":"Avenida Warnes","ref":null,"osm":"way/265895078"},"geometry":{"type":"LineString","coordinates":[[-58.47789,-34.597078],[-58.477718,-34.597079],[-58.477082,-34.597066],[-58.476647,-34.597048]]}},{"type":"Feature","properties":{"name":"Avenida Chorroarín","ref":null,"osm":"way/265895122"},"geometry":{"type":"LineString","coordinates":[[-58.476655,-34.593836],[-58.476786,-34.594201],[-58.476845,-34.594364],[-58.476891,-34.594493],[-58.476988,-34.594764],[-58.477127,-34.595149],[-58.477154,-34.595223],[-58.477237,-34.595442],[-58.47748,-34.596085],[-58.477619,-34.596454],[-58.477666,-34.59658],[-58.477707,-34.596687],[-58.477756,-34.596816],[-58.477779,-34.596878]]}},{"type":"Feature","properties":{"name":null,"ref":null,"osm":"way/266381577"},"geometry":{"type":"LineString","coordinates":[[-58.448578,-34.663934],[-58.448649,-34.664003],[-58.448684,-34.664039],[-58.448697,-34.664079],[-58.448686,-34.664135],[-58.448647,-34.664177],[-58.448588,-34.6642]]}},{"type":"Feature","properties":{"name":null,"ref":null,"osm":"way/266381578"},"geometry":{"type":"LineString","coordinates":[[-58.448892,-34.664377],[-58.448883,-34.664339],[-58.448892,-34.664301],[-58.448916,-34.664268],[-58.448967,-34.664239],[-58.449029,-34.664234],[-58.449087,-34.664253]]}},{"type":"Feature","properties":{"name":"Avenida Elcano","ref":null,"osm":"way/269705084"},"geometry":{"type":"LineString","coordinates":[[-58.46053,-34.584046],[-58.460546,-34.582937]]}},{"type":"Feature","properties":{"name":"Avenida de los Constituyentes","ref":null,"osm":"way/269966494"},"geometry":{"type":"LineString","coordinates":[[-58.490273,-34.583535],[-58.489832,-34.583913]]}},{"type":"Feature","properties":{"name":"Avenida Álvarez Thomas","ref":null,"osm":"way/270760388"},"geometry":{"type":"LineString","coordinates":[[-58.470551,-34.578335],[-58.470862,-34.57827]]}},{"type":"Feature","properties":{"name":null,"ref":null,"osm":"way/272135226"},"geometry":{"type":"LineString","coordinates":[[-58.484466,-34.688289],[-58.484203,-34.688418],[-58.483684,-34.688592],[-58.483516,-34.688656]]}},{"type":"Feature","properties":{"name":null,"ref":null,"osm":"way/272360165"},"geometry":{"type":"LineString","coordinates":[[-58.486054,-34.68551],[-58.486148,-34.68547]]}},{"type":"Feature","properties":{"name":"Avenida Juan Bautista Justo","ref":null,"osm":"way/272713628"},"geometry":{"type":"LineString","coordinates":[[-58.520097,-34.633818],[-58.51999,-34.633793],[-58.519891,-34.633752],[-58.519803,-34.633698],[-58.519727,-34.633642]]}},{"type":"Feature","properties":{"name":"Avenida Juan Bautista Justo","ref":null,"osm":"way/272713629"},"geometry":{"type":"LineString","coordinates":[[-58.519395,-34.633487],[-58.519244,-34.633444],[-58.519147,-34.63342],[-58.518849,-34.633356],[-58.518463,-34.633284],[-58.518002,-34.633203]]}},{"type":"Feature","properties":{"name":"Autopista 25 de Mayo","ref":"AU1","osm":"way/274881391"},"geometry":{"type":"LineString","coordinates":[[-58.396745,-34.624669],[-58.398,-34.624958],[-58.400243,-34.62548],[-58.40049,-34.625544],[-58.401058,-34.625691],[-58.401828,-34.62585],[-58.40234,-34.625943],[-58.402855,-34.626013],[-58.405698,-34.626369],[-58.406486,-34.626463]]}},{"type":"Feature","properties":{"name":"Avenida Eva Perón","ref":null,"osm":"way/275616099"},"geometry":{"type":"LineString","coordinates":[[-58.475518,-34.654894],[-58.475171,-34.654584]]}},{"type":"Feature","properties":{"name":"Avenida Coronel Roca","ref":null,"osm":"way/275719912"},"geometry":{"type":"LineString","coordinates":[[-58.440161,-34.666037],[-58.440347,-34.666227],[-58.440961,-34.666774],[-58.441031,-34.666836],[-58.44135,-34.667107],[-58.441861,-34.667543],[-58.442606,-34.668196],[-58.442983,-34.668527],[-58.443178,-34.668713],[-58.443513,-34.669083],[-58.443766,-34.669411],[-58.444132,-34.669849],[-58.444711,-34.670571],[-58.444871,-34.670799],[-58.445234,-34.67138],[-58.445512,-34.671855],[-58.445904,-34.67246],[-58.447486,-34.675005],[-58.448471,-34.676622],[-58.449069,-34.677602],[-58.449657,-34.678557],[-58.450014,-34.679182]]}},{"type":"Feature","properties":{"name":null,"ref":null,"osm":"way/275806354"},"geometry":{"type":"LineString","coordinates":[[-58.436049,-34.673912],[-58.436023,-34.673964],[-58.435995,-34.674014],[-58.43597,-34.674049],[-58.435938,-34.674085],[-58.43591,-34.674111],[-58.435873,-34.674139],[-58.43584,-34.674159],[-58.435795,-34.674178],[-58.435756,-34.67419],[-58.435722,-34.674197],[-58.435692,-34.6742],[-58.435656,-34.674202],[-58.435602,-34.674199],[-58.435556,-34.67419],[-58.435513,-34.674175],[-58.435478,-34.674159],[-58.435408,-34.67412],[-58.435357,-34.674087],[-58.435293,-34.674045]]}},{"type":"Feature","properties":{"name":null,"ref":null,"osm":"way/275806358"},"geometry":{"type":"LineString","coordinates":[[-58.465711,-34.650721],[-58.465635,-34.650607],[-58.465604,-34.649968]]}},{"type":"Feature","properties":{"name":null,"ref":null,"osm":"way/276252145"},"geometry":{"type":"LineString","coordinates":[[-58.465926,-34.651486],[-58.465936,-34.651387],[-58.465929,-34.65127],[-58.465915,-34.651198],[-58.465888,-34.651087],[-58.465828,-34.650936]]}},{"type":"Feature","properties":{"name":"Autopista Perito Moreno","ref":"AU6","osm":"way/279996250"},"geometry":{"type":"LineString","coordinates":[[-58.528663,-34.634967],[-58.528395,-34.634979],[-58.528134,-34.634997],[-58.527904,-34.635026],[-58.527543,-34.635097]]}},{"type":"Feature","properties":{"name":"Autopista Perito Moreno","ref":"AU6","osm":"way/279996284"},"geometry":{"type":"LineString","coordinates":[[-58.519523,-34.636292],[-58.51989,-34.636402],[-58.520258,-34.636508],[-58.520471,-34.636561],[-58.520693,-34.636615],[-58.520893,-34.636655],[-58.521094,-34.636689],[-58.521376,-34.63673],[-58.521644,-34.636754],[-58.521884,-34.636767],[-58.522093,-34.636769],[-58.522274,-34.636764],[-58.522456,-34.636753],[-58.522604,-34.63674],[-58.522851,-34.636708],[-58.523136,-34.636653],[-58.523396,-34.636589],[-58.523687,-34.636502],[-58.523943,-34.63641],[-58.524449,-34.636195],[-58.524652,-34.636096],[-58.52492,-34.635965]]}},{"type":"Feature","properties":{"name":"Autopista Perito Moreno","ref":"AU6","osm":"way/279996290"},"geometry":{"type":"LineString","coordinates":[[-58.500088,-34.635634],[-58.504099,-34.636171]]}},{"type":"Feature","properties":{"name":"Autopista Perito Moreno","ref":"AU6","osm":"way/279996301"},"geometry":{"type":"LineString","coordinates":[[-58.499922,-34.635768],[-58.499638,-34.635733],[-58.499329,-34.635713],[-58.499045,-34.6357],[-58.498844,-34.635702],[-58.498617,-34.635712],[-58.498466,-34.63572],[-58.498205,-34.635753],[-58.497771,-34.63583],[-58.497358,-34.635936],[-58.496742,-34.636185],[-58.496273,-34.636437],[-58.49598,-34.636638],[-58.495707,-34.636843],[-58.495406,-34.63712],[-58.495152,-34.63739],[-58.494398,-34.638368],[-58.493549,-34.63947]]}},{"type":"Feature","properties":{"name":"Autopista Perito Moreno","ref":"AU6","osm":"way/279996307"},"geometry":{"type":"LineString","coordinates":[[-58.504461,-34.636349],[-58.50403,-34.636312],[-58.503528,-34.636245],[-58.501198,-34.635937],[-58.500163,-34.6358],[-58.499922,-34.635768]]}},{"type":"Feature","properties":{"name":"Autopista Presidente Arturo Frondizi","ref":"AV1-Sur","osm":"way/283858984"},"geometry":{"type":"LineString","coordinates":[[-58.377722,-34.6342],[-58.377756,-34.634118]]}},{"type":"Feature","properties":{"name":"Avenida Leopoldo Lugones","ref":"AV1-N","osm":"way/285245253"},"geometry":{"type":"LineString","coordinates":[[-58.462322,-34.535628],[-58.461896,-34.53594],[-58.460844,-34.536698]]}},{"type":"Feature","properties":{"name":"Avenida Vélez Sársfield","ref":null,"osm":"way/286995369"},"geometry":{"type":"LineString","coordinates":[[-58.38957,-34.644105],[-58.389648,-34.643039],[-58.389656,-34.64293]]}},{"type":"Feature","properties":{"name":"Avenida General Paz","ref":null,"osm":"way/288399223"},"geometry":{"type":"LineString","coordinates":[[-58.474023,-34.537612],[-58.474087,-34.537628],[-58.47436,-34.537706],[-58.474588,-34.537777],[-58.47475,-34.53784],[-58.474889,-34.537905],[-58.475265,-34.538089],[-58.475466,-34.538192]]}},{"type":"Feature","properties":{"name":"Avenida Del Libertador","ref":null,"osm":"way/288586707"},"geometry":{"type":"LineString","coordinates":[[-58.424141,-34.570982],[-58.4239,-34.571081],[-58.423564,-34.571214],[-58.423482,-34.571237]]}},{"type":"Feature","properties":{"name":"Avenida de los Constituyentes","ref":null,"osm":"way/289627337"},"geometry":{"type":"LineString","coordinates":[[-58.508904,-34.570122],[-58.508824,-34.570167],[-58.508535,-34.57033],[-58.508424,-34.570393],[-58.50833,-34.570446],[-58.508259,-34.570486],[-58.508194,-34.570523],[-58.508072,-34.570592],[-58.507914,-34.570681]]}},{"type":"Feature","properties":{"name":"Avenida de los Constituyentes","ref":null,"osm":"way/289885356"},"geometry":{"type":"LineString","coordinates":[[-58.509081,-34.570023],[-58.509186,-34.569904],[-58.509331,-34.569778]]}},{"type":"Feature","properties":{"name":null,"ref":null,"osm":"way/291957909"},"geometry":{"type":"LineString","coordinates":[[-58.367536,-34.58977],[-58.367591,-34.58989],[-58.365671,-34.58951],[-58.365564,-34.589374],[-58.367536,-34.58977]]}},{"type":"Feature","properties":{"name":"Avenida Leopoldo Lugones","ref":"AV1-N","osm":"way/292025700"},"geometry":{"type":"LineString","coordinates":[[-58.423664,-34.557131],[-58.421751,-34.558438],[-58.42098,-34.558958],[-58.420204,-34.559484],[-58.419654,-34.559871],[-58.419205,-34.560215],[-58.418844,-34.560518],[-58.418508,-34.560821],[-58.417885,-34.561422]]}},{"type":"Feature","properties":{"name":"Avenida San Martín","ref":null,"osm":"way/292492010"},"geometry":{"type":"LineString","coordinates":[[-58.518432,-34.589411],[-58.518914,-34.589269]]}},{"type":"Feature","properties":{"name":"Avenida Álvarez Thomas","ref":null,"osm":"way/292788647"},"geometry":{"type":"LineString","coordinates":[[-58.483956,-34.570951],[-58.484004,-34.570872],[-58.484415,-34.570352]]}},{"type":"Feature","properties":{"name":"Avenida General Paz","ref":null,"osm":"way/293501229"},"geometry":{"type":"LineString","coordinates":[[-58.463361,-34.702877],[-58.463617,-34.702716],[-58.464148,-34.702316]]}},{"type":"Feature","properties":{"name":null,"ref":null,"osm":"way/293501235"},"geometry":{"type":"LineString","coordinates":[[-58.462706,-34.70339],[-58.462854,-34.703265],[-58.463186,-34.703002],[-58.463361,-34.702877]]}},{"type":"Feature","properties":{"name":null,"ref":null,"osm":"way/293501236"},"geometry":{"type":"LineString","coordinates":[[-58.462159,-34.70379],[-58.462295,-34.703695]]}},{"type":"Feature","properties":{"name":null,"ref":null,"osm":"way/293501237"},"geometry":{"type":"LineString","coordinates":[[-58.462295,-34.703695],[-58.462575,-34.703486],[-58.462706,-34.70339]]}},{"type":"Feature","properties":{"name":null,"ref":null,"osm":"way/293945751"},"geometry":{"type":"LineString","coordinates":[[-58.483021,-34.688146],[-58.483388,-34.687616],[-58.483559,-34.687428]]}},{"type":"Feature","properties":{"name":"Avenida General Paz","ref":"RNA001","osm":"way/294448250"},"geometry":{"type":"LineString","coordinates":[[-58.485501,-34.686798],[-58.485194,-34.687027]]}},{"type":"Feature","properties":{"name":"Avenida Juan Bautista Alberdi","ref":null,"osm":"way/296559182"},"geometry":{"type":"LineString","coordinates":[[-58.517548,-34.66194],[-58.518324,-34.662394],[-58.518463,-34.662462]]}},{"type":"Feature","properties":{"name":"Avenida Piedra Buena","ref":null,"osm":"way/296559184"},"geometry":{"type":"LineString","coordinates":[[-58.489385,-34.676479],[-58.48917,-34.676678],[-58.488986,-34.676846],[-58.48825,-34.677507],[-58.488189,-34.677562],[-58.487913,-34.677808],[-58.487836,-34.67788]]}},{"type":"Feature","properties":{"name":"Autopista Perito Moreno","ref":"AU6","osm":"way/297124343"},"geometry":{"type":"LineString","coordinates":[[-58.528857,-34.63466],[-58.529307,-34.634611],[-58.529701,-34.634579],[-58.529878,-34.634565]]}},{"type":"Feature","properties":{"name":"Avenida de los Constituyentes","ref":null,"osm":"way/298458100"},"geometry":{"type":"LineString","coordinates":[[-58.509219,-34.569993],[-58.509081,-34.570023]]}},{"type":"Feature","properties":{"name":"Avenida de los Constituyentes","ref":null,"osm":"way/298458102"},"geometry":{"type":"LineString","coordinates":[[-58.509896,-34.569359],[-58.509798,-34.56951],[-58.509756,-34.569559]]}},{"type":"Feature","properties":{"name":"Avenida General Paz","ref":null,"osm":"way/298729189"},"geometry":{"type":"LineString","coordinates":[[-58.492165,-34.547222],[-58.492048,-34.547104],[-58.491961,-34.547027],[-58.49187,-34.546953],[-58.491708,-34.546835],[-58.49164,-34.546794]]}},{"type":"Feature","properties":{"name":"Avenida General Paz","ref":null,"osm":"way/298739054"},"geometry":{"type":"LineString","coordinates":[[-58.486032,-34.543122],[-58.487238,-34.543595]]}},{"type":"Feature","properties":{"name":"Avenida Intendente Cantilo","ref":"AV1-N","osm":"way/300808062"},"geometry":{"type":"LineString","coordinates":[[-58.460008,-34.536285],[-58.460563,-34.535702],[-58.460854,-34.535424],[-58.460977,-34.535304],[-58.461109,-34.535187],[-58.461334,-34.535009],[-58.461543,-34.534872]]}},{"type":"Feature","properties":{"name":"Avenida Pergamino","ref":null,"osm":"way/302192166"},"geometry":{"type":"LineString","coordinates":[[-58.435577,-34.668824],[-58.434339,-34.669559],[-58.43425,-34.669612],[-58.434142,-34.669674],[-58.434051,-34.669726],[-58.43349,-34.670048],[-58.433111,-34.670266],[-58.432964,-34.67037],[-58.432896,-34.670448],[-58.432844,-34.670529],[-58.432822,-34.670604],[-58.432812,-34.670685],[-58.432817,-34.670768],[-58.432861,-34.670935]]}},{"type":"Feature","properties":{"name":null,"ref":null,"osm":"way/302192827"},"geometry":{"type":"LineString","coordinates":[[-58.43207,-34.67005],[-58.432188,-34.670122],[-58.432306,-34.670188],[-58.432438,-34.670233],[-58.432577,-34.670256],[-58.43272,-34.670256],[-58.432859,-34.670234],[-58.432991,-34.67019]]}},{"type":"Feature","properties":{"name":"Avenida Córdoba","ref":null,"osm":"way/302356633"},"geometry":{"type":"LineString","coordinates":[[-58.446534,-34.583745],[-58.447368,-34.583388],[-58.44763,-34.583282],[-58.44873,-34.582806],[-58.448866,-34.582748]]}},{"type":"Feature","properties":{"name":"Avenida Francisco Beiró","ref":null,"osm":"way/302980390"},"geometry":{"type":"LineString","coordinates":[[-58.530125,-34.61787],[-58.530163,-34.617892],[-58.530203,-34.617912],[-58.530244,-34.617931],[-58.530287,-34.617947],[-58.53033,-34.617962],[-58.530374,-34.617976],[-58.530468,-34.617998],[-58.530564,-34.618011]]}},{"type":"Feature","properties":{"name":"Galván","ref":null,"osm":"way/303092607"},"geometry":{"type":"LineString","coordinates":[[-58.486626,-34.567862],[-58.48686,-34.567594],[-58.487408,-34.566969],[-58.488365,-34.565897]]}},{"type":"Feature","properties":{"name":"Avenida Leopoldo Lugones","ref":"AV1-N","osm":"way/303130489"},"geometry":{"type":"LineString","coordinates":[[-58.464154,-34.53463],[-58.464059,-34.534654],[-58.463931,-34.534692],[-58.463635,-34.534827],[-58.46333,-34.534987],[-58.462965,-34.535205],[-58.462638,-34.535409],[-58.462322,-34.535628]]}},{"type":"Feature","properties":{"name":"Avenida Intendente Francisco Rabanal","ref":null,"osm":"way/303244147"},"geometry":{"type":"LineString","coordinates":[[-58.4163,-34.654684],[-58.41657,-34.654748]]}},{"type":"Feature","properties":{"name":"Galván","ref":null,"osm":"way/303262093"},"geometry":{"type":"LineString","coordinates":[[-58.489298,-34.564848],[-58.490053,-34.564012],[-58.490456,-34.56343],[-58.490984,-34.562665]]}},{"type":"Feature","properties":{"name":"Avenida 27 de Febrero","ref":null,"osm":"way/303265233"},"geometry":{"type":"LineString","coordinates":[[-58.41803,-34.659488],[-58.416873,-34.659142],[-58.4165,-34.659024],[-58.416422,-34.658984]]}},{"type":"Feature","properties":{"name":"Avenida Intendente Francisco Rabanal","ref":null,"osm":"way/303265236"},"geometry":{"type":"LineString","coordinates":[[-58.421445,-34.656672],[-58.42137,-34.656641],[-58.420159,-34.656156]]}},{"type":"Feature","properties":{"name":null,"ref":null,"osm":"way/303366032"},"geometry":{"type":"LineString","coordinates":[[-58.463389,-34.704162],[-58.462752,-34.704593],[-58.462333,-34.704774]]}},{"type":"Feature","properties":{"name":"Avenida General Iriarte","ref":null,"osm":"way/303676958"},"geometry":{"type":"LineString","coordinates":[[-58.403272,-34.650794],[-58.402915,-34.650858],[-58.402573,-34.650919],[-58.402326,-34.650962],[-58.40207,-34.651007],[-58.40178,-34.651058],[-58.401705,-34.651071],[-58.401174,-34.651164],[-58.401135,-34.651173],[-58.401053,-34.651175],[-58.400981,-34.651171],[-58.400885,-34.651164],[-58.400551,-34.651121]]}},{"type":"Feature","properties":{"name":"Avenida Álvarez Thomas","ref":null,"osm":"way/303901565"},"geometry":{"type":"LineString","coordinates":[[-58.447106,-34.582014],[-58.446417,-34.582308],[-58.445976,-34.582504],[-58.44592,-34.582528]]}},{"type":"Feature","properties":{"name":"Donado","ref":null,"osm":"way/305215465"},"geometry":{"type":"LineString","coordinates":[[-58.489707,-34.553558],[-58.489279,-34.554195],[-58.488934,-34.554688],[-58.488838,-34.554823],[-58.488742,-34.554965]]}},{"type":"Feature","properties":{"name":"Avenida Teniente General Luis Dellepiane","ref":null,"osm":"way/305711283"},"geometry":{"type":"LineString","coordinates":[[-58.477699,-34.675404],[-58.477646,-34.675283],[-58.477528,-34.675042],[-58.477467,-34.674918],[-58.477284,-34.67455],[-58.477116,-34.674271],[-58.476884,-34.673931],[-58.476753,-34.673704],[-58.476723,-34.673628],[-58.476717,-34.673562],[-58.476773,-34.673329]]}},{"type":"Feature","properties":{"name":"Murguiondo","ref":null,"osm":"way/306468481"},"geometry":{"type":"LineString","coordinates":[[-58.481542,-34.672574],[-58.481135,-34.67287]]}},{"type":"Feature","properties":{"name":"Avenida Teniente General Luis Dellepiane","ref":null,"osm":"way/306622511"},"geometry":{"type":"LineString","coordinates":[[-58.476773,-34.673329],[-58.47676,-34.673268],[-58.476732,-34.673205],[-58.476686,-34.673154]]}},{"type":"Feature","properties":{"name":null,"ref":null,"osm":"way/306622513"},"geometry":{"type":"LineString","coordinates":[[-58.471932,-34.662896],[-58.471998,-34.662798],[-58.47205,-34.662704],[-58.472064,-34.662662],[-58.472064,-34.662603],[-58.472049,-34.662509],[-58.472009,-34.662355],[-58.471974,-34.662222],[-58.471887,-34.661804],[-58.471816,-34.661388]]}},{"type":"Feature","properties":{"name":null,"ref":null,"osm":"way/306622514"},"geometry":{"type":"LineString","coordinates":[[-58.473076,-34.662669],[-58.473022,-34.662759],[-58.472995,-34.662828],[-58.472982,-34.662881],[-58.472979,-34.662958],[-58.472988,-34.663038],[-58.473186,-34.663816],[-58.473407,-34.664541]]}},{"type":"Feature","properties":{"name":"Avenida Juan Bautista Justo","ref":null,"osm":"way/307250070"},"geometry":{"type":"LineString","coordinates":[[-58.459469,-34.605281],[-58.458579,-34.604647],[-58.458382,-34.604503]]}},{"type":"Feature","properties":{"name":"Avenida Doctor Ricardo Balbín","ref":null,"osm":"way/307250071"},"geometry":{"type":"LineString","coordinates":[[-58.497887,-34.553495],[-58.497719,-34.553707],[-58.497666,-34.553774],[-58.497579,-34.553882],[-58.497245,-34.554281],[-58.497134,-34.554414],[-58.496862,-34.554741],[-58.496655,-34.554999],[-58.496582,-34.555089],[-58.49651,-34.555174]]}},{"type":"Feature","properties":{"name":"Avenida de los Constituyentes","ref":null,"osm":"way/307250073"},"geometry":{"type":"LineString","coordinates":[[-58.506659,-34.571389],[-58.506521,-34.571466],[-58.506476,-34.571491],[-58.50645,-34.571506],[-58.50607,-34.571722]]}},{"type":"Feature","properties":{"name":"Avenida Juan Bautista Justo","ref":null,"osm":"way/307790530"},"geometry":{"type":"LineString","coordinates":[[-58.46045,-34.605952],[-58.459469,-34.605281]]}},{"type":"Feature","properties":{"name":"Avenida Juan Bautista Justo","ref":null,"osm":"way/307796538"},"geometry":{"type":"LineString","coordinates":[[-58.465415,-34.609585],[-58.465512,-34.609688],[-58.465961,-34.610174],[-58.466006,-34.610213]]}},{"type":"Feature","properties":{"name":"Avenida Juan Bautista Justo","ref":null,"osm":"way/308167146"},"geometry":{"type":"LineString","coordinates":[[-58.467907,-34.611226],[-58.467997,-34.611273],[-58.468532,-34.611564]]}},{"type":"Feature","properties":{"name":"Avenida Doctor Ricardo Balbín","ref":null,"osm":"way/308167150"},"geometry":{"type":"LineString","coordinates":[[-58.498757,-34.551814],[-58.499241,-34.551216],[-58.499294,-34.551153]]}},{"type":"Feature","properties":{"name":"Avenida de los Constituyentes","ref":null,"osm":"way/308167157"},"geometry":{"type":"LineString","coordinates":[[-58.507754,-34.570771],[-58.507596,-34.57086],[-58.507002,-34.571195],[-58.506863,-34.571272]]}},{"type":"Feature","properties":{"name":"Galván","ref":null,"osm":"way/308167174"},"geometry":{"type":"LineString","coordinates":[[-58.495569,-34.555784],[-58.495541,-34.5556],[-58.495538,-34.555517],[-58.495542,-34.555461],[-58.495574,-34.555432],[-58.495694,-34.555313]]}},{"type":"Feature","properties":{"name":"Avenida Warnes","ref":null,"osm":"way/308485303"},"geometry":{"type":"LineString","coordinates":[[-58.457827,-34.597041],[-58.457081,-34.597299],[-58.456491,-34.597502]]}},{"type":"Feature","properties":{"name":"Avenida Doctor Ricardo Balbín","ref":null,"osm":"way/312340733"},"geometry":{"type":"LineString","coordinates":[[-58.500573,-34.549828],[-58.50057,-34.549708],[-58.500556,-34.549588],[-58.500531,-34.54947]]}},{"type":"Feature","properties":{"name":"Avenida Juan Bautista Alberdi","ref":null,"osm":"way/312531476"},"geometry":{"type":"LineString","coordinates":[[-58.518377,-34.662518],[-58.518201,-34.662453],[-58.51757,-34.6621],[-58.517432,-34.662023]]}},{"type":"Feature","properties":{"name":"Avenida Juan Bautista Alberdi","ref":null,"osm":"way/312531477"},"geometry":{"type":"LineString","coordinates":[[-58.517091,-34.661768],[-58.517213,-34.661778],[-58.517548,-34.66194]]}},{"type":"Feature","properties":{"name":"Avenida Juan Bautista Alberdi","ref":null,"osm":"way/312531478"},"geometry":{"type":"LineString","coordinates":[[-58.516742,-34.661565],[-58.516886,-34.66165],[-58.516958,-34.661691]]}},{"type":"Feature","properties":{"name":"Avenida Juan Bautista Alberdi","ref":null,"osm":"way/312531479"},"geometry":{"type":"LineString","coordinates":[[-58.516958,-34.661691],[-58.517091,-34.661768]]}},{"type":"Feature","properties":{"name":"Avenida Juan Bautista Alberdi","ref":null,"osm":"way/312531480"},"geometry":{"type":"LineString","coordinates":[[-58.517432,-34.662023],[-58.51714,-34.661846],[-58.517091,-34.661768]]}},{"type":"Feature","properties":{"name":"Avenida Juan Bautista Justo","ref":null,"osm":"way/313857390"},"geometry":{"type":"LineString","coordinates":[[-58.52907,-34.634761],[-58.529387,-34.634739],[-58.530263,-34.63467],[-58.530386,-34.634666],[-58.530858,-34.634658]]}},{"type":"Feature","properties":{"name":"Avenida Eva Perón","ref":null,"osm":"way/315052793"},"geometry":{"type":"LineString","coordinates":[[-58.491017,-34.66526],[-58.490086,-34.664382]]}},{"type":"Feature","properties":{"name":"Avenida Eva Perón","ref":null,"osm":"way/315052794"},"geometry":{"type":"LineString","coordinates":[[-58.489049,-34.66343],[-58.488988,-34.663387],[-58.488927,-34.663352]]}},{"type":"Feature","properties":{"name":"Murguiondo","ref":null,"osm":"way/315052795"},"geometry":{"type":"LineString","coordinates":[[-58.491017,-34.66526],[-58.489865,-34.666151],[-58.488617,-34.667136],[-58.487384,-34.668107],[-58.486609,-34.668695],[-58.486156,-34.669053],[-58.485579,-34.669505],[-58.485176,-34.66981],[-58.484588,-34.670255],[-58.483622,-34.671009],[-58.482571,-34.671801],[-58.481542,-34.672574]]}},{"type":"Feature","properties":{"name":"Oliden","ref":null,"osm":"way/315052797"},"geometry":{"type":"LineString","coordinates":[[-58.498973,-34.657219],[-58.499792,-34.656537],[-58.500773,-34.655748],[-58.500799,-34.655726],[-58.501994,-34.654751],[-58.503211,-34.653752],[-58.503975,-34.653126],[-58.504077,-34.653042]]}},{"type":"Feature","properties":{"name":"Avenida Juan Bautista Justo","ref":null,"osm":"way/315097505"},"geometry":{"type":"LineString","coordinates":[[-58.520288,-34.63322],[-58.520361,-34.633242],[-58.52043,-34.633269],[-58.520497,-34.633302],[-58.520559,-34.633339],[-58.520617,-34.633381],[-58.52067,-34.633428]]}},{"type":"Feature","properties":{"name":"Avenida Coronel Niceto Vega","ref":null,"osm":"way/315097506"},"geometry":{"type":"LineString","coordinates":[[-58.442534,-34.584489],[-58.441452,-34.585242],[-58.440656,-34.585786],[-58.440541,-34.585868],[-58.440384,-34.585986],[-58.439293,-34.586751],[-58.438725,-34.587141],[-58.438645,-34.587195],[-58.438523,-34.587276]]}},{"type":"Feature","properties":{"name":"Avenida de los Constituyentes","ref":null,"osm":"way/315243735"},"geometry":{"type":"LineString","coordinates":[[-58.489832,-34.583913],[-58.489518,-34.584192]]}},{"type":"Feature","properties":{"name":"Avenida Elcano","ref":null,"osm":"way/315252058"},"geometry":{"type":"LineString","coordinates":[[-58.460491,-34.585016],[-58.4605,-34.584779],[-58.46053,-34.584046]]}},{"type":"Feature","properties":{"name":null,"ref":null,"osm":"way/316466185"},"geometry":{"type":"LineString","coordinates":[[-58.388817,-34.578178],[-58.387164,-34.578084],[-58.387053,-34.578073],[-58.386787,-34.578052],[-58.386494,-34.578012]]}},{"type":"Feature","properties":{"name":"Nicasio Oroño","ref":null,"osm":"way/316893080"},"geometry":{"type":"LineString","coordinates":[[-58.460492,-34.605879],[-58.46045,-34.605952]]}},{"type":"Feature","properties":{"name":"Avenida Warnes","ref":null,"osm":"way/318656095"},"geometry":{"type":"LineString","coordinates":[[-58.465795,-34.596334],[-58.46557,-34.596438]]}},{"type":"Feature","properties":{"name":"Avenida Álvarez Thomas","ref":null,"osm":"way/319045959"},"geometry":{"type":"LineString","coordinates":[[-58.46323,-34.578392],[-58.463301,-34.578406],[-58.464647,-34.578713],[-58.465588,-34.578923],[-58.46578,-34.578966],[-58.46607,-34.579032],[-58.466348,-34.579102],[-58.466452,-34.579129],[-58.466567,-34.579146],[-58.466674,-34.57915],[-58.466772,-34.579144],[-58.466859,-34.579132],[-58.46693,-34.579116],[-58.467196,-34.579056],[-58.468339,-34.578808],[-58.468641,-34.578742],[-58.469086,-34.578648],[-58.469473,-34.57856]]}},{"type":"Feature","properties":{"name":"Avenida Coronel Roca","ref":null,"osm":"way/320468661"},"geometry":{"type":"LineString","coordinates":[[-58.458324,-34.686981],[-58.458458,-34.687111],[-58.458484,-34.687141],[-58.458507,-34.687172],[-58.458696,-34.687416],[-58.458745,-34.68748],[-58.458835,-34.687582],[-58.459107,-34.687853],[-58.459979,-34.688603]]}},{"type":"Feature","properties":{"name":"Avenida Coronel Roca","ref":null,"osm":"way/320468662"},"geometry":{"type":"LineString","coordinates":[[-58.460482,-34.689493],[-58.460074,-34.689112]]}},{"type":"Feature","properties":{"name":"Avenida Coronel Roca","ref":null,"osm":"way/320468663"},"geometry":{"type":"LineString","coordinates":[[-58.467469,-34.695538],[-58.467801,-34.695836]]}},{"type":"Feature","properties":{"name":"Avenida Coronel Roca","ref":null,"osm":"way/320468664"},"geometry":{"type":"LineString","coordinates":[[-58.467598,-34.695984],[-58.465985,-34.694533],[-58.465923,-34.694475],[-58.46544,-34.694014]]}},{"type":"Feature","properties":{"name":"Avenida Coronel Roca","ref":null,"osm":"way/320468665"},"geometry":{"type":"LineString","coordinates":[[-58.467801,-34.695836],[-58.468449,-34.696434],[-58.468538,-34.696515]]}},{"type":"Feature","properties":{"name":"Avenida Coronel Roca","ref":null,"osm":"way/320468666"},"geometry":{"type":"LineString","coordinates":[[-58.459745,-34.688801],[-58.459424,-34.688516],[-58.45854,-34.687693],[-58.45845,-34.687629],[-58.458324,-34.687548],[-58.458172,-34.68746],[-58.458,-34.687332],[-58.457805,-34.687164],[-58.457194,-34.686611],[-58.456732,-34.686177]]}},{"type":"Feature","properties":{"name":"Avenida Coronel Roca","ref":null,"osm":"way/320714277"},"geometry":{"type":"LineString","coordinates":[[-58.45096,-34.680363],[-58.451259,-34.68061],[-58.451704,-34.681009],[-58.451752,-34.681059],[-58.451807,-34.68111],[-58.453328,-34.682501],[-58.454016,-34.683139],[-58.455425,-34.684445],[-58.455981,-34.684954],[-58.456214,-34.685146],[-58.456285,-34.685196],[-58.456356,-34.685246],[-58.456389,-34.685269],[-58.456457,-34.685325],[-58.45665,-34.685457],[-58.456844,-34.685617]]}},{"type":"Feature","properties":{"name":"Avenida Coronel Roca","ref":null,"osm":"way/320714279"},"geometry":{"type":"LineString","coordinates":[[-58.450746,-34.68082],[-58.450374,-34.680464]]}},{"type":"Feature","properties":{"name":"Avenida Coronel Roca","ref":null,"osm":"way/320718860"},"geometry":{"type":"LineString","coordinates":[[-58.449606,-34.67943],[-58.449468,-34.679204],[-58.449361,-34.678996],[-58.449258,-34.678771],[-58.448994,-34.678144],[-58.448894,-34.677918],[-58.448808,-34.677747],[-58.448791,-34.677716],[-58.446874,-34.674601],[-58.445644,-34.672569],[-58.445602,-34.6725],[-58.445524,-34.672382]]}},{"type":"Feature","properties":{"name":"Avenida Coronel Roca","ref":null,"osm":"way/320718861"},"geometry":{"type":"LineString","coordinates":[[-58.450374,-34.680464],[-58.450173,-34.680233],[-58.449972,-34.679993]]}},{"type":"Feature","properties":{"name":"Avenida Coronel Roca","ref":null,"osm":"way/320718862"},"geometry":{"type":"LineString","coordinates":[[-58.449972,-34.679993],[-58.449765,-34.679698],[-58.449606,-34.67943]]}},{"type":"Feature","properties":{"name":"Avenida Coronel Roca","ref":null,"osm":"way/320718863"},"geometry":{"type":"LineString","coordinates":[[-58.450212,-34.679473],[-58.450353,-34.67968],[-58.450451,-34.679814],[-58.450561,-34.679953],[-58.450728,-34.680137]]}},{"type":"Feature","properties":{"name":"Avenida Coronel Roca","ref":null,"osm":"way/321071642"},"geometry":{"type":"LineString","coordinates":[[-58.445524,-34.672382],[-58.445448,-34.672263],[-58.444909,-34.671594]]}},{"type":"Feature","properties":{"name":"Avenida Coronel Roca","ref":null,"osm":"way/321071643"},"geometry":{"type":"LineString","coordinates":[[-58.444909,-34.671594],[-58.444282,-34.670829],[-58.444162,-34.670683],[-58.443075,-34.669387],[-58.442656,-34.668864],[-58.442515,-34.668689],[-58.442349,-34.668487],[-58.442286,-34.66841],[-58.442143,-34.668254],[-58.441733,-34.66786],[-58.441416,-34.667568],[-58.441198,-34.667366],[-58.440805,-34.667003],[-58.440033,-34.666292],[-58.439926,-34.666184]]}},{"type":"Feature","properties":{"name":null,"ref":null,"osm":"way/321071649"},"geometry":{"type":"LineString","coordinates":[[-58.442606,-34.668196],[-58.44261,-34.668241],[-58.442609,-34.668289],[-58.44259,-34.668335],[-58.442556,-34.668374],[-58.442511,-34.668404],[-58.442459,-34.668423],[-58.442403,-34.66843],[-58.442342,-34.668423],[-58.442286,-34.66841]]}},{"type":"Feature","properties":{"name":null,"ref":null,"osm":"way/321071650"},"geometry":{"type":"LineString","coordinates":[[-58.443075,-34.669387],[-58.443073,-34.669312],[-58.443049,-34.669255],[-58.442714,-34.668834],[-58.442646,-34.668746],[-58.442615,-34.668698],[-58.442599,-34.668656],[-58.44259,-34.668611],[-58.442602,-34.668561],[-58.442624,-34.668516],[-58.442655,-34.668489],[-58.442693,-34.66847],[-58.442736,-34.66846],[-58.44278,-34.668459],[-58.442843,-34.668471],[-58.442912,-34.668495],[-58.442983,-34.668527]]}},{"type":"Feature","properties":{"name":null,"ref":null,"osm":"way/321071651"},"geometry":{"type":"LineString","coordinates":[[-58.444987,-34.669472],[-58.44482,-34.669618],[-58.444708,-34.669735],[-58.444641,-34.669841],[-58.444601,-34.669938],[-58.444585,-34.670069],[-58.444598,-34.6702],[-58.444651,-34.67041],[-58.444711,-34.670571]]}},{"type":"Feature","properties":{"name":"Avenida Intendente Francisco Rabanal","ref":null,"osm":"way/321398333"},"geometry":{"type":"LineString","coordinates":[[-58.428625,-34.660284],[-58.428564,-34.66025],[-58.427519,-34.659662],[-58.427415,-34.659603],[-58.427302,-34.659541],[-58.426521,-34.659105],[-58.426437,-34.659058],[-58.426326,-34.658998],[-58.4256,-34.658603]]}},{"type":"Feature","properties":{"name":"Avenida Intendente Francisco Rabanal","ref":null,"osm":"way/321398334"},"geometry":{"type":"LineString","coordinates":[[-58.428087,-34.659269],[-58.428458,-34.659434],[-58.428556,-34.659478],[-58.428974,-34.659664],[-58.429059,-34.659702]]}},{"type":"Feature","properties":{"name":"Avenida Intendente Francisco Rabanal","ref":null,"osm":"way/321398335"},"geometry":{"type":"LineString","coordinates":[[-58.434894,-34.662359],[-58.43496,-34.66239],[-58.435983,-34.662865],[-58.436118,-34.662928],[-58.436247,-34.662986],[-58.437476,-34.663541],[-58.437541,-34.663571],[-58.437669,-34.663629]]}},{"type":"Feature","properties":{"name":"Avenida Sáenz","ref":null,"osm":"way/321750770"},"geometry":{"type":"LineString","coordinates":[[-58.416561,-34.654926],[-58.416581,-34.656496],[-58.416585,-34.656802]]}},{"type":"Feature","properties":{"name":"Avenida Intendente Francisco Rabanal","ref":null,"osm":"way/321750771"},"geometry":{"type":"LineString","coordinates":[[-58.421887,-34.656342],[-58.421986,-34.656389],[-58.422815,-34.656825],[-58.423173,-34.657019],[-58.42339,-34.657135],[-58.423574,-34.657234],[-58.4237,-34.657294],[-58.423818,-34.657347]]}},{"type":"Feature","properties":{"name":"Avenida Intendente Francisco Rabanal","ref":null,"osm":"way/321750772"},"geometry":{"type":"LineString","coordinates":[[-58.420159,-34.656156],[-58.419462,-34.655893],[-58.418941,-34.655709],[-58.418198,-34.655455],[-58.418176,-34.655447],[-58.418078,-34.655411]]}},{"type":"Feature","properties":{"name":"Avenida Perito Moreno","ref":null,"osm":"way/322978471"},"geometry":{"type":"LineString","coordinates":[[-58.429793,-34.650325],[-58.428589,-34.650284],[-58.427448,-34.650228],[-58.427353,-34.650225],[-58.426828,-34.650199]]}},{"type":"Feature","properties":{"name":"Avenida Perito Moreno","ref":null,"osm":"way/322978476"},"geometry":{"type":"LineString","coordinates":[[-58.431368,-34.650374],[-58.431169,-34.650366],[-58.43094,-34.650367]]}},{"type":"Feature","properties":{"name":"Avenida Perito Moreno","ref":null,"osm":"way/322978477"},"geometry":{"type":"LineString","coordinates":[[-58.433042,-34.650454],[-58.432528,-34.650429],[-58.432109,-34.650409],[-58.4321,-34.650409],[-58.431789,-34.650392],[-58.431757,-34.65039]]}},{"type":"Feature","properties":{"name":"Avenida General Francisco Fernández de La Cruz","ref":null,"osm":"way/322978480"},"geometry":{"type":"LineString","coordinates":[[-58.43456,-34.65297],[-58.434643,-34.653035],[-58.4352,-34.653474],[-58.435272,-34.653531],[-58.435982,-34.654102]]}},{"type":"Feature","properties":{"name":"Avenida General Francisco Fernández de La Cruz","ref":null,"osm":"way/322978481"},"geometry":{"type":"LineString","coordinates":[[-58.432181,-34.65106],[-58.432896,-34.651648],[-58.433135,-34.65184]]}},{"type":"Feature","properties":{"name":"Avenida General Francisco Fernández de La Cruz","ref":null,"osm":"way/322978482"},"geometry":{"type":"LineString","coordinates":[[-58.433646,-34.652494],[-58.433567,-34.652432],[-58.432996,-34.651958]]}},{"type":"Feature","properties":{"name":"Avenida General Francisco Fernández de La Cruz","ref":null,"osm":"way/322978485"},"geometry":{"type":"LineString","coordinates":[[-58.432861,-34.651834],[-58.432195,-34.651332],[-58.432102,-34.651271],[-58.432016,-34.651215]]}},{"type":"Feature","properties":{"name":"Avenida General Francisco Fernández de La Cruz","ref":null,"osm":"way/322978487"},"geometry":{"type":"LineString","coordinates":[[-58.435078,-34.653602],[-58.434505,-34.653154],[-58.434432,-34.653096]]}},{"type":"Feature","properties":{"name":"Avenida General Francisco Fernández de La Cruz","ref":null,"osm":"way/322978488"},"geometry":{"type":"LineString","coordinates":[[-58.432016,-34.651215],[-58.431934,-34.651172],[-58.431779,-34.651057]]}},{"type":"Feature","properties":{"name":"Avenida General Francisco Fernández de La Cruz","ref":null,"osm":"way/322978490"},"geometry":{"type":"LineString","coordinates":[[-58.436038,-34.654358],[-58.435143,-34.653652],[-58.435078,-34.653602]]}},{"type":"Feature","properties":{"name":"Avenida General Francisco Fernández de La Cruz","ref":null,"osm":"way/322978492"},"geometry":{"type":"LineString","coordinates":[[-58.437102,-34.65456],[-58.437227,-34.654606],[-58.43734,-34.654659],[-58.437458,-34.654735],[-58.43765,-34.65487]]}},{"type":"Feature","properties":{"name":"Avenida General Francisco Fernández de La Cruz","ref":null,"osm":"way/322978493"},"geometry":{"type":"LineString","coordinates":[[-58.431779,-34.651057],[-58.431536,-34.650942],[-58.431323,-34.650763],[-58.431035,-34.650505],[-58.431007,-34.65048],[-58.430979,-34.650454],[-58.43094,-34.650367]]}},{"type":"Feature","properties":{"name":"Avenida General Francisco Fernández de La Cruz","ref":null,"osm":"way/323566948"},"geometry":{"type":"LineString","coordinates":[[-58.443603,-34.660134],[-58.4446,-34.660913]]}},{"type":"Feature","properties":{"name":"Avenida General Francisco Fernández de La Cruz","ref":null,"osm":"way/323566949"},"geometry":{"type":"LineString","coordinates":[[-58.442721,-34.65962],[-58.442641,-34.659558]]}},{"type":"Feature","properties":{"name":"Avenida General Francisco Fernández de La Cruz","ref":null,"osm":"way/323566951"},"geometry":{"type":"LineString","coordinates":[[-58.445419,-34.661728],[-58.444606,-34.661073],[-58.444499,-34.660988]]}},{"type":"Feature","properties":{"name":"Avenida General Francisco Fernández de La Cruz","ref":null,"osm":"way/323566952"},"geometry":{"type":"LineString","coordinates":[[-58.441509,-34.658655],[-58.440866,-34.658066],[-58.440538,-34.657792],[-58.438716,-34.656346]]}},{"type":"Feature","properties":{"name":"Avenida General Francisco Fernández de La Cruz","ref":null,"osm":"way/323566953"},"geometry":{"type":"LineString","coordinates":[[-58.450748,-34.665364],[-58.450367,-34.665255],[-58.450051,-34.665158],[-58.44996,-34.665126],[-58.44989,-34.665092],[-58.449817,-34.665045],[-58.449657,-34.664911],[-58.449349,-34.66467],[-58.449182,-34.66455],[-58.449055,-34.664468],[-58.448936,-34.664402],[-58.448892,-34.664377],[-58.448588,-34.6642],[-58.448423,-34.66408],[-58.448037,-34.6638],[-58.447975,-34.663758],[-58.4475,-34.663391],[-58.447401,-34.663314]]}},{"type":"Feature","properties":{"name":"Avenida General Francisco Fernández de La Cruz","ref":null,"osm":"way/323919716"},"geometry":{"type":"LineString","coordinates":[[-58.450654,-34.665183],[-58.450954,-34.66529],[-58.451154,-34.665367],[-58.451242,-34.665403],[-58.451332,-34.665451],[-58.451431,-34.665523],[-58.451545,-34.665619],[-58.451646,-34.665724],[-58.451751,-34.665852],[-58.45177,-34.66588],[-58.4518,-34.665928],[-58.45185,-34.666048],[-58.452055,-34.666707]]}},{"type":"Feature","properties":{"name":"Avenida General Francisco Fernández de La Cruz","ref":null,"osm":"way/323919717"},"geometry":{"type":"LineString","coordinates":[[-58.446239,-34.662381],[-58.446196,-34.662347],[-58.445949,-34.662159],[-58.445568,-34.661854]]}},{"type":"Feature","properties":{"name":null,"ref":null,"osm":"way/323919729"},"geometry":{"type":"LineString","coordinates":[[-58.450051,-34.665158],[-58.449925,-34.665192],[-58.449818,-34.665197],[-58.449767,-34.665191],[-58.449722,-34.665169]]}},{"type":"Feature","properties":{"name":"Avenida General Francisco Fernández de La Cruz","ref":null,"osm":"way/323925167"},"geometry":{"type":"LineString","coordinates":[[-58.454865,-34.669447],[-58.453997,-34.668659],[-58.453863,-34.668549],[-58.453716,-34.668452],[-58.453616,-34.668393],[-58.453478,-34.668323],[-58.453319,-34.668259],[-58.452791,-34.668035],[-58.4527,-34.667994],[-58.452557,-34.667918],[-58.452414,-34.667828],[-58.452323,-34.667757],[-58.452214,-34.667655],[-58.452122,-34.667544],[-58.452043,-34.667411],[-58.451962,-34.667195],[-58.451893,-34.666977]]}},{"type":"Feature","properties":{"name":"Avenida General Francisco Fernández de La Cruz","ref":null,"osm":"way/323925168"},"geometry":{"type":"LineString","coordinates":[[-58.458208,-34.672643],[-58.458002,-34.672435],[-58.457572,-34.672029]]}},{"type":"Feature","properties":{"name":"Avenida General Francisco Fernández de La Cruz","ref":null,"osm":"way/323925169"},"geometry":{"type":"LineString","coordinates":[[-58.454706,-34.669009],[-58.457102,-34.671224],[-58.457127,-34.671247],[-58.457414,-34.671518],[-58.457899,-34.672015],[-58.458073,-34.672182],[-58.458279,-34.672366],[-58.458418,-34.672464],[-58.45853,-34.672529],[-58.458733,-34.672611]]}},{"type":"Feature","properties":{"name":null,"ref":null,"osm":"way/323925178"},"geometry":{"type":"LineString","coordinates":[[-58.459004,-34.672688],[-58.459123,-34.672695]]}},{"type":"Feature","properties":{"name":null,"ref":null,"osm":"way/323925181"},"geometry":{"type":"LineString","coordinates":[[-58.459659,-34.673192],[-58.459655,-34.673275]]}},{"type":"Feature","properties":{"name":null,"ref":null,"osm":"way/323925182"},"geometry":{"type":"LineString","coordinates":[[-58.458965,-34.673737],[-58.458791,-34.673704],[-58.458634,-34.673632],[-58.458508,-34.673528],[-58.458422,-34.673398],[-58.458383,-34.673255]]}},{"type":"Feature","properties":{"name":"Avenida General Francisco Fernández de La Cruz","ref":null,"osm":"way/324547207"},"geometry":{"type":"LineString","coordinates":[[-58.45699,-34.671471],[-58.456917,-34.671401],[-58.45593,-34.670488]]}},{"type":"Feature","properties":{"name":"Avenida Sáenz","ref":null,"osm":"way/325125727"},"geometry":{"type":"LineString","coordinates":[[-58.416565,-34.654832],[-58.416561,-34.654926]]}},{"type":"Feature","properties":{"name":null,"ref":null,"osm":"way/325125742"},"geometry":{"type":"LineString","coordinates":[[-58.451115,-34.680596],[-58.451125,-34.680688],[-58.451117,-34.680736],[-58.451087,-34.680778],[-58.451027,-34.680817],[-58.450963,-34.680831],[-58.45089,-34.680836],[-58.450817,-34.680832],[-58.450746,-34.68082]]}},{"type":"Feature","properties":{"name":"Autopista 25 de Mayo","ref":"AU1","osm":"way/325211950"},"geometry":{"type":"LineString","coordinates":[[-58.372857,-34.622805],[-58.371703,-34.622641]]}},{"type":"Feature","properties":{"name":"Autopista 25 de Mayo","ref":"AU1","osm":"way/325211952"},"geometry":{"type":"LineString","coordinates":[[-58.374307,-34.622814],[-58.374875,-34.622854],[-58.375277,-34.622868],[-58.37578,-34.62287],[-58.376007,-34.622867],[-58.376234,-34.622864],[-58.376605,-34.622849],[-58.377143,-34.622817]]}},{"type":"Feature","properties":{"name":"Autopista 25 de Mayo","ref":"AU1","osm":"way/325211953"},"geometry":{"type":"LineString","coordinates":[[-58.365837,-34.622431],[-58.366106,-34.622355],[-58.366304,-34.622313],[-58.366546,-34.62228],[-58.366681,-34.622266],[-58.36685,-34.62225],[-58.366963,-34.622245],[-58.367161,-34.622248],[-58.367352,-34.622261],[-58.367649,-34.62229],[-58.367868,-34.622322],[-58.368017,-34.622348],[-58.368822,-34.622458],[-58.369057,-34.622456]]}},{"type":"Feature","properties":{"name":"Autopista 25 de Mayo","ref":"AU1","osm":"way/325213134"},"geometry":{"type":"LineString","coordinates":[[-58.462073,-34.643528],[-58.462163,-34.643742],[-58.46227,-34.644017],[-58.462667,-34.645156]]}},{"type":"Feature","properties":{"name":"Avenida Coronel Roca","ref":null,"osm":"way/325838310"},"geometry":{"type":"LineString","coordinates":[[-58.463589,-34.692321],[-58.463287,-34.692025],[-58.463174,-34.691925]]}},{"type":"Feature","properties":{"name":"Avenida Coronel Roca","ref":null,"osm":"way/325838311"},"geometry":{"type":"LineString","coordinates":[[-58.463174,-34.691925],[-58.463101,-34.691859],[-58.462054,-34.690926],[-58.461777,-34.69067],[-58.461714,-34.690599]]}},{"type":"Feature","properties":{"name":"Autopista Teniente General Luis Dellepiane","ref":null,"osm":"way/327179562"},"geometry":{"type":"LineString","coordinates":[[-58.481918,-34.68321],[-58.481565,-34.682848],[-58.481365,-34.682629],[-58.481163,-34.682368],[-58.480904,-34.681965],[-58.480684,-34.681485],[-58.480362,-34.680759],[-58.479563,-34.678986],[-58.479462,-34.678774],[-58.479356,-34.678569]]}},{"type":"Feature","properties":{"name":"Avenida Teniente General Luis Dellepiane","ref":null,"osm":"way/327179564"},"geometry":{"type":"LineString","coordinates":[[-58.482663,-34.68455],[-58.482484,-34.684389],[-58.481926,-34.683887]]}},{"type":"Feature","properties":{"name":null,"ref":null,"osm":"way/327179566"},"geometry":{"type":"LineString","coordinates":[[-58.380501,-34.624724],[-58.38002,-34.625801]]}},{"type":"Feature","properties":{"name":null,"ref":null,"osm":"way/327704256"},"geometry":{"type":"LineString","coordinates":[[-58.423231,-34.571076],[-58.423325,-34.570943],[-58.423387,-34.570891],[-58.42357,-34.570791],[-58.423606,-34.570771]]}},{"type":"Feature","properties":{"name":"Avenida Presidente Sarmiento","ref":null,"osm":"way/328225822"},"geometry":{"type":"LineString","coordinates":[[-58.4096,-34.569161],[-58.40978,-34.569347],[-58.410624,-34.570236],[-58.411309,-34.570928]]}},{"type":"Feature","properties":{"name":null,"ref":null,"osm":"way/328225823"},"geometry":{"type":"LineString","coordinates":[[-58.409477,-34.568953],[-58.409517,-34.569079]]}},{"type":"Feature","properties":{"name":"Avenida Costanera Rafael Obligado","ref":null,"osm":"way/328271156"},"geometry":{"type":"LineString","coordinates":[[-58.385299,-34.576596],[-58.385416,-34.57652],[-58.385485,-34.576462],[-58.385556,-34.576408],[-58.387516,-34.575283]]}},{"type":"Feature","properties":{"name":"Autopista Arturo Illia","ref":"AV1-N","osm":"way/328356192"},"geometry":{"type":"LineString","coordinates":[[-58.397736,-34.57301],[-58.397923,-34.572911],[-58.398648,-34.57253]]}},{"type":"Feature","properties":{"name":"Avenida Triunvirato","ref":null,"osm":"way/328500801"},"geometry":{"type":"LineString","coordinates":[[-58.472077,-34.582256],[-58.472361,-34.582167],[-58.47281,-34.58202],[-58.47321,-34.581889],[-58.473615,-34.581744]]}},{"type":"Feature","properties":{"name":"Avenida Teniente General Luis Dellepiane","ref":null,"osm":"way/328506556"},"geometry":{"type":"LineString","coordinates":[[-58.481926,-34.683887],[-58.48127,-34.683214],[-58.481195,-34.683137],[-58.480649,-34.682265]]}},{"type":"Feature","properties":{"name":"Avenida Costanera Rafael Obligado","ref":null,"osm":"way/329394924"},"geometry":{"type":"LineString","coordinates":[[-58.400167,-34.569348],[-58.400079,-34.569402]]}},{"type":"Feature","properties":{"name":"Autopista Doctor Ricardo Balbín","ref":"RN1","osm":"way/330202170"},"geometry":{"type":"LineString","coordinates":[[-58.35234,-34.639475],[-58.352584,-34.63901],[-58.352803,-34.63854],[-58.352984,-34.638089],[-58.353141,-34.637636],[-58.35325,-34.637272],[-58.353334,-34.636929],[-58.353405,-34.636584],[-58.353464,-34.636235],[-58.353506,-34.635886],[-58.353535,-34.635509],[-58.353549,-34.635067],[-58.353538,-34.634511],[-58.353511,-34.633955],[-58.353475,-34.633189],[-58.353471,-34.632927],[-58.35348,-34.632666],[-58.353504,-34.632403],[-58.353549,-34.632143],[-58.353611,-34.631884],[-58.353695,-34.63163],[-58.353801,-34.631382],[-58.353921,-34.631137],[-58.354038,-34.630922],[-58.354166,-34.63071],[-58.354304,-34.630502],[-58.354449,-34.630297],[-58.354578,-34.630112],[-58.354713,-34.629923],[-58.354854,-34.629761],[-58.354983,-34.629619],[-58.355121,-34.629472],[-58.355293,-34.629299],[-58.355496,-34.629121],[-58.355688,-34.628965],[-58.355885,-34.628823],[-58.356271,-34.628556],[-58.35668,-34.628276],[-58.358543,-34.627049],[-58.358586,-34.627021],[-58.35915,-34.626652],[-58.359906,-34.626181]]}},{"type":"Feature","properties":{"name":"Autopista Doctor Ricardo Balbín","ref":"RN1","osm":"way/330202187"},"geometry":{"type":"LineString","coordinates":[[-58.353562,-34.636686],[-58.353489,-34.637031],[-58.353402,-34.637376],[-58.35329,-34.637738],[-58.353141,-34.638165],[-58.352968,-34.638589],[-58.352745,-34.639065],[-58.352597,-34.639343],[-58.352496,-34.639535]]}},{"type":"Feature","properties":{"name":"Autopista Doctor Ricardo Balbín","ref":"RN1","osm":"way/330202196"},"geometry":{"type":"LineString","coordinates":[[-58.36577,-34.62284],[-58.365656,-34.622916],[-58.365557,-34.623],[-58.365479,-34.623072],[-58.365375,-34.623194],[-58.365025,-34.623566],[-58.36494,-34.623652],[-58.364684,-34.623866],[-58.364486,-34.624013],[-58.364355,-34.62411],[-58.364157,-34.624242]]}},{"type":"Feature","properties":{"name":null,"ref":null,"osm":"way/333515284"},"geometry":{"type":"LineString","coordinates":[[-58.394825,-34.572414],[-58.394967,-34.572522],[-58.395364,-34.573006],[-58.395426,-34.573068],[-58.395501,-34.573129],[-58.395569,-34.573172],[-58.39564,-34.573211],[-58.395719,-34.573249],[-58.395808,-34.573285],[-58.395885,-34.57331],[-58.395949,-34.573329],[-58.396048,-34.573352],[-58.396134,-34.573367],[-58.396233,-34.573378],[-58.396324,-34.573383],[-58.396403,-34.573384],[-58.396486,-34.57338],[-58.396577,-34.573372],[-58.396677,-34.573356],[-58.396793,-34.57333],[-58.396953,-34.57328],[-58.397173,-34.573201],[-58.397736,-34.57301]]}},{"type":"Feature","properties":{"name":"Herrera","ref":null,"osm":"way/334577885"},"geometry":{"type":"LineString","coordinates":[[-58.377084,-34.640335],[-58.377082,-34.640484],[-58.376853,-34.64136],[-58.376543,-34.642535],[-58.3765,-34.642674],[-58.376234,-34.643702],[-58.37616,-34.643991],[-58.376089,-34.644251],[-58.376008,-34.644546],[-58.375829,-34.645242]]}},{"type":"Feature","properties":{"name":"Pedro de Luján","ref":null,"osm":"way/338334434"},"geometry":{"type":"LineString","coordinates":[[-58.378186,-34.656393],[-58.377628,-34.656278],[-58.37745,-34.656235],[-58.37666,-34.656051],[-58.375887,-34.65588],[-58.375708,-34.65584]]}},{"type":"Feature","properties":{"name":null,"ref":null,"osm":"way/342306610"},"geometry":{"type":"LineString","coordinates":[[-58.400769,-34.56807],[-58.400871,-34.568016],[-58.400977,-34.567973],[-58.401023,-34.56796],[-58.401068,-34.567952],[-58.401239,-34.567955]]}},{"type":"Feature","properties":{"name":null,"ref":null,"osm":"way/342306616"},"geometry":{"type":"LineString","coordinates":[[-58.401239,-34.567955],[-58.401314,-34.567989]]}},{"type":"Feature","properties":{"name":"Avenida Juan Bautista Justo","ref":null,"osm":"way/344917419"},"geometry":{"type":"LineString","coordinates":[[-58.521068,-34.63381],[-58.520856,-34.633805],[-58.520691,-34.633806],[-58.520517,-34.633826]]}},{"type":"Feature","properties":{"name":"Avenida Regimiento de Patricios","ref":null,"osm":"way/347769652"},"geometry":{"type":"LineString","coordinates":[[-58.368418,-34.645643],[-58.368316,-34.646443]]}},{"type":"Feature","properties":{"name":"Puente Beiró","ref":null,"osm":"way/350697813"},"geometry":{"type":"LineString","coordinates":[[-58.53103,-34.618029],[-58.531071,-34.618031]]}},{"type":"Feature","properties":{"name":"Puente Beiró","ref":null,"osm":"way/350697815"},"geometry":{"type":"LineString","coordinates":[[-58.530628,-34.618013],[-58.530828,-34.618021],[-58.53103,-34.618029]]}},{"type":"Feature","properties":{"name":"Puente Beiró","ref":null,"osm":"way/350697821"},"geometry":{"type":"LineString","coordinates":[[-58.531071,-34.618031],[-58.531162,-34.61802],[-58.531194,-34.618014],[-58.531219,-34.61801],[-58.53125,-34.618004],[-58.531278,-34.617995]]}},{"type":"Feature","properties":{"name":"Avenida de los Incas","ref":null,"osm":"way/353021204"},"geometry":{"type":"LineString","coordinates":[[-58.478939,-34.584753],[-58.479045,-34.584832],[-58.479096,-34.584869],[-58.479139,-34.5849]]}},{"type":"Feature","properties":{"name":"Avenida Sáenz","ref":null,"osm":"way/355845735"},"geometry":{"type":"LineString","coordinates":[[-58.416362,-34.65893],[-58.41634,-34.6589],[-58.416322,-34.658862],[-58.416312,-34.658808],[-58.416305,-34.658743],[-58.416313,-34.658477]]}},{"type":"Feature","properties":{"name":null,"ref":null,"osm":"way/358674520"},"geometry":{"type":"LineString","coordinates":[[-58.380455,-34.622432],[-58.3805,-34.622421],[-58.380538,-34.622416],[-58.380591,-34.622411],[-58.380656,-34.622406],[-58.380718,-34.622406],[-58.380778,-34.622408],[-58.380845,-34.622417],[-58.380931,-34.622432],[-58.38101,-34.622451],[-58.38109,-34.622472],[-58.381176,-34.6225],[-58.381261,-34.62253],[-58.381338,-34.622563],[-58.381553,-34.62267],[-58.381581,-34.622683],[-58.381624,-34.622698],[-58.381677,-34.622714],[-58.381748,-34.622733],[-58.3818,-34.622744],[-58.381877,-34.622756],[-58.381962,-34.622766],[-58.382068,-34.622773],[-58.38218,-34.622778],[-58.382374,-34.622782]]}},{"type":"Feature","properties":{"name":null,"ref":null,"osm":"way/360145503"},"geometry":{"type":"LineString","coordinates":[[-58.39383,-34.572341],[-58.393923,-34.572421],[-58.393985,-34.572484],[-58.394023,-34.572575],[-58.394036,-34.572671],[-58.394023,-34.572767],[-58.393985,-34.572859],[-58.393923,-34.572941]]}},{"type":"Feature","properties":{"name":"Avenida Costanera Rafael Obligado","ref":null,"osm":"way/360145505"},"geometry":{"type":"LineString","coordinates":[[-58.391804,-34.572861],[-58.391925,-34.572805],[-58.391979,-34.57278],[-58.392659,-34.572423],[-58.392867,-34.572345],[-58.392984,-34.572315],[-58.393122,-34.57229],[-58.393289,-34.572283],[-58.393367,-34.572284],[-58.393491,-34.572293],[-58.39383,-34.572341]]}},{"type":"Feature","properties":{"name":"Avenida Costanera Rafael Obligado","ref":null,"osm":"way/360148235"},"geometry":{"type":"LineString","coordinates":[[-58.392866,-34.572232],[-58.392914,-34.572218],[-58.393073,-34.57219],[-58.393248,-34.572171],[-58.3934,-34.572182],[-58.394089,-34.572232],[-58.394275,-34.572246],[-58.394631,-34.572272],[-58.394716,-34.57228],[-58.394877,-34.572271],[-58.395029,-34.572243],[-58.395217,-34.572185]]}},{"type":"Feature","properties":{"name":"Avenida Costanera Rafael Obligado","ref":null,"osm":"way/360209159"},"geometry":{"type":"LineString","coordinates":[[-58.400226,-34.569312],[-58.400256,-34.569276],[-58.400321,-34.569174],[-58.400366,-34.569062],[-58.400383,-34.568975],[-58.400386,-34.568884]]}},{"type":"Feature","properties":{"name":"Avenida Presidente Sarmiento","ref":null,"osm":"way/360381939"},"geometry":{"type":"LineString","coordinates":[[-58.406058,-34.566683],[-58.406166,-34.566643],[-58.406315,-34.566603],[-58.406456,-34.566578],[-58.406575,-34.566572],[-58.406693,-34.56657]]}},{"type":"Feature","properties":{"name":null,"ref":null,"osm":"way/360998895"},"geometry":{"type":"LineString","coordinates":[[-58.41692,-34.562514],[-58.416924,-34.562592],[-58.416949,-34.562653],[-58.416963,-34.562671]]}},{"type":"Feature","properties":{"name":"Avenida Juan Bautista Alberdi","ref":null,"osm":"way/363177524"},"geometry":{"type":"LineString","coordinates":[[-58.509623,-34.657295],[-58.510277,-34.657732],[-58.510358,-34.657785],[-58.510501,-34.657883]]}},{"type":"Feature","properties":{"name":"Avenida Coronel Roca","ref":null,"osm":"way/364056373"},"geometry":{"type":"LineString","coordinates":[[-58.468538,-34.696515],[-58.469285,-34.697201]]}},{"type":"Feature","properties":{"name":"Avenida Coronel Roca","ref":null,"osm":"way/364056374"},"geometry":{"type":"LineString","coordinates":[[-58.469285,-34.697201],[-58.469346,-34.697257],[-58.469679,-34.697564],[-58.469756,-34.697635],[-58.469829,-34.697701],[-58.469914,-34.697779],[-58.469946,-34.697808],[-58.470017,-34.697873]]}},{"type":"Feature","properties":{"name":"Avenida Chorroarín","ref":null,"osm":"way/364444865"},"geometry":{"type":"LineString","coordinates":[[-58.478343,-34.598322],[-58.478178,-34.597871],[-58.47789,-34.597078]]}},{"type":"Feature","properties":{"name":"Avenida San Martín","ref":null,"osm":"way/364713244"},"geometry":{"type":"LineString","coordinates":[[-58.473207,-34.600876],[-58.475571,-34.600369]]}},{"type":"Feature","properties":{"name":"Avenida Chorroarín","ref":null,"osm":"way/364835481"},"geometry":{"type":"LineString","coordinates":[[-58.476655,-34.593836],[-58.47648,-34.593508],[-58.476192,-34.592689]]}},{"type":"Feature","properties":{"name":null,"ref":null,"osm":"way/374897876"},"geometry":{"type":"LineString","coordinates":[[-58.41016,-34.566218],[-58.408809,-34.56701]]}},{"type":"Feature","properties":{"name":"Avenida Leopoldo Lugones","ref":"AV1-N","osm":"way/375020384"},"geometry":{"type":"LineString","coordinates":[[-58.448926,-34.542814],[-58.448545,-34.543021]]}},{"type":"Feature","properties":{"name":"Avenida Warnes","ref":null,"osm":"way/375625710"},"geometry":{"type":"LineString","coordinates":[[-58.455927,-34.597696],[-58.455486,-34.597842]]}},{"type":"Feature","properties":{"name":"Avenida Presidente Sarmiento","ref":null,"osm":"way/375731272"},"geometry":{"type":"LineString","coordinates":[[-58.407209,-34.566681],[-58.407342,-34.566748],[-58.407472,-34.56683],[-58.407602,-34.566939]]}},{"type":"Feature","properties":{"name":"Paseo del Bajo - Presidente Dr. Raúl R. Alfonsín","ref":null,"osm":"way/375881173"},"geometry":{"type":"LineString","coordinates":[[-58.365658,-34.622148],[-58.365566,-34.622537],[-58.365478,-34.622711],[-58.365364,-34.622898],[-58.365009,-34.623347],[-58.364792,-34.623565],[-58.36464,-34.623718],[-58.364538,-34.623827]]}},{"type":"Feature","properties":{"name":"Autopista Doctor Ricardo Balbín","ref":"RN1","osm":"way/375881174"},"geometry":{"type":"LineString","coordinates":[[-58.364157,-34.624242],[-58.363985,-34.624357],[-58.363957,-34.624376],[-58.363728,-34.624515],[-58.363595,-34.624586],[-58.363459,-34.624653],[-58.363285,-34.624731],[-58.363008,-34.624847],[-58.362782,-34.624941],[-58.36276,-34.624951],[-58.362302,-34.625147],[-58.362084,-34.625247],[-58.361862,-34.625357],[-58.361343,-34.6256],[-58.360854,-34.625853],[-58.360796,-34.625885],[-58.360115,-34.626255],[-58.359728,-34.626476],[-58.35936,-34.626703],[-58.359073,-34.626885],[-58.358784,-34.627069],[-58.358221,-34.627443]]}},{"type":"Feature","properties":{"name":null,"ref":null,"osm":"way/375881326"},"geometry":{"type":"LineString","coordinates":[[-58.368418,-34.622553],[-58.367981,-34.622518],[-58.367642,-34.622459],[-58.367479,-34.622422],[-58.367273,-34.622366],[-58.367135,-34.622328],[-58.366691,-34.622181],[-58.366512,-34.622101],[-58.366359,-34.622026],[-58.366169,-34.621928],[-58.365912,-34.621769],[-58.365771,-34.621661],[-58.36567,-34.621563],[-58.365597,-34.621413],[-58.365575,-34.621343],[-58.365571,-34.621259],[-58.365649,-34.62064]]}},{"type":"Feature","properties":{"name":null,"ref":null,"osm":"way/375881381"},"geometry":{"type":"LineString","coordinates":[[-58.365924,-34.620633],[-58.365893,-34.620886],[-58.365873,-34.621162],[-58.36589,-34.621285],[-58.365948,-34.621405],[-58.365986,-34.621466],[-58.366054,-34.621535],[-58.366246,-34.621654],[-58.366336,-34.621694],[-58.366479,-34.621753],[-58.366774,-34.621879],[-58.366896,-34.62193],[-58.367017,-34.621976],[-58.3673,-34.62206],[-58.367549,-34.622122],[-58.367814,-34.622182]]}},{"type":"Feature","properties":{"name":"Paseo del Bajo - Presidente Dr. Raúl R. Alfonsín","ref":null,"osm":"way/375881382"},"geometry":{"type":"LineString","coordinates":[[-58.362554,-34.624888],[-58.363118,-34.624645],[-58.363267,-34.624584],[-58.363552,-34.624445],[-58.363824,-34.624283],[-58.364074,-34.624111],[-58.364316,-34.623922],[-58.364474,-34.623789],[-58.364621,-34.623647],[-58.364731,-34.623525],[-58.364947,-34.623295],[-58.365308,-34.622874],[-58.365444,-34.622668],[-58.365501,-34.622526],[-58.365586,-34.622142]]}},{"type":"Feature","properties":{"name":"Autopista Doctor Ricardo Balbín","ref":"RN1","osm":"way/375881383"},"geometry":{"type":"LineString","coordinates":[[-58.360356,-34.625943],[-58.360602,-34.625765],[-58.361107,-34.625489],[-58.361446,-34.625314],[-58.361816,-34.625132],[-58.362254,-34.624922],[-58.363079,-34.624542],[-58.363454,-34.624343],[-58.363597,-34.624261],[-58.363737,-34.624175],[-58.363895,-34.624059],[-58.363925,-34.624037],[-58.364099,-34.623888],[-58.364283,-34.623719],[-58.364438,-34.623545],[-58.364636,-34.62331]]}},{"type":"Feature","properties":{"name":null,"ref":null,"osm":"way/376047644"},"geometry":{"type":"LineString","coordinates":[[-58.367814,-34.622182],[-58.368146,-34.622256],[-58.368857,-34.622406],[-58.369057,-34.622456]]}},{"type":"Feature","properties":{"name":"Puente Ezequiel Demonty","ref":null,"osm":"way/379686854"},"geometry":{"type":"LineString","coordinates":[[-58.416425,-34.657346],[-58.416365,-34.657164]]}},{"type":"Feature","properties":{"name":"Avenida de los Constituyentes","ref":null,"osm":"way/380145412"},"geometry":{"type":"LineString","coordinates":[[-58.497221,-34.577983],[-58.496895,-34.578242]]}},{"type":"Feature","properties":{"name":"Avenida de los Incas","ref":null,"osm":"way/383212225"},"geometry":{"type":"LineString","coordinates":[[-58.479139,-34.5849],[-58.479326,-34.585044],[-58.479434,-34.585127]]}},{"type":"Feature","properties":{"name":"Avenida Córdoba","ref":null,"osm":"way/387741267"},"geometry":{"type":"LineString","coordinates":[[-58.43805,-34.588985],[-58.438206,-34.58888]]}},{"type":"Feature","properties":{"name":"Avenida Piedra Buena","ref":null,"osm":"way/388339548"},"geometry":{"type":"LineString","coordinates":[[-58.4831,-34.681952],[-58.482219,-34.682723]]}},{"type":"Feature","properties":{"name":"Avenida Coronel Roca","ref":null,"osm":"way/388339549"},"geometry":{"type":"LineString","coordinates":[[-58.460743,-34.689298],[-58.46099,-34.68953]]}},{"type":"Feature","properties":{"name":"Autopista Presidente Héctor José Cámpora","ref":"AU7","osm":"way/390362056"},"geometry":{"type":"LineString","coordinates":[[-58.446424,-34.668151],[-58.445285,-34.6691]]}},{"type":"Feature","properties":{"name":"Autopista Presidente Héctor José Cámpora","ref":"AU7","osm":"way/390362057"},"geometry":{"type":"LineString","coordinates":[[-58.447945,-34.666946],[-58.446424,-34.668151]]}},{"type":"Feature","properties":{"name":"Autopista Perito Moreno","ref":"AU6","osm":"way/390368239"},"geometry":{"type":"LineString","coordinates":[[-58.529954,-34.634926],[-58.5297,-34.63495],[-58.529477,-34.634958],[-58.529214,-34.634965],[-58.528663,-34.634967]]}},{"type":"Feature","properties":{"name":"Avenida Eva Perón","ref":null,"osm":"way/391691706"},"geometry":{"type":"LineString","coordinates":[[-58.479359,-34.658206],[-58.478775,-34.657834]]}},{"type":"Feature","properties":{"name":null,"ref":null,"osm":"way/391695763"},"geometry":{"type":"LineString","coordinates":[[-58.468722,-34.664472],[-58.46873,-34.664444],[-58.468809,-34.664325],[-58.4689,-34.664203],[-58.469019,-34.664088],[-58.46916,-34.663978],[-58.469454,-34.663778]]}},{"type":"Feature","properties":{"name":"Avenida Teniente General Luis Dellepiane","ref":null,"osm":"way/391834786"},"geometry":{"type":"LineString","coordinates":[[-58.476155,-34.669686],[-58.476325,-34.670098],[-58.476371,-34.67023],[-58.476706,-34.670932],[-58.47707,-34.671704],[-58.477097,-34.671806],[-58.4771,-34.671874],[-58.477098,-34.671911],[-58.47709,-34.672014],[-58.4771,-34.672088],[-58.477116,-34.672147],[-58.477163,-34.672232],[-58.477214,-34.672312]]}},{"type":"Feature","properties":{"name":"Avenida Doctor Ricardo Balbín","ref":null,"osm":"way/392685273"},"geometry":{"type":"LineString","coordinates":[[-58.498961,-34.552167],[-58.498925,-34.55222],[-58.498471,-34.552781],[-58.498408,-34.552857],[-58.498301,-34.552991],[-58.498072,-34.553271],[-58.497887,-34.553495]]}},{"type":"Feature","properties":{"name":null,"ref":null,"osm":"way/401877580"},"geometry":{"type":"LineString","coordinates":[[-58.362493,-34.62413],[-58.362529,-34.624152],[-58.362564,-34.624173],[-58.362605,-34.624194],[-58.362639,-34.624208],[-58.362675,-34.624221],[-58.362735,-34.624238],[-58.362777,-34.624247],[-58.362826,-34.624253],[-58.362902,-34.62426],[-58.36308,-34.62427],[-58.363286,-34.62427]]}},{"type":"Feature","properties":{"name":"Avenida Don Pedro de Mendoza","ref":null,"osm":"way/401882591"},"geometry":{"type":"LineString","coordinates":[[-58.361556,-34.624958],[-58.361938,-34.62472],[-58.362085,-34.624621],[-58.362218,-34.624528],[-58.362242,-34.62451],[-58.362271,-34.624486],[-58.362292,-34.624466],[-58.362308,-34.624446],[-58.362322,-34.624423],[-58.362333,-34.6244],[-58.362341,-34.624375],[-58.362347,-34.624346],[-58.362351,-34.624314],[-58.362352,-34.624286],[-58.362351,-34.624254],[-58.362345,-34.624222],[-58.362338,-34.6242],[-58.362327,-34.624172],[-58.362314,-34.624143]]}},{"type":"Feature","properties":{"name":"Herrera","ref":null,"osm":"way/402986726"},"geometry":{"type":"LineString","coordinates":[[-58.37532,-34.647247],[-58.375111,-34.647929],[-58.375055,-34.648114],[-58.374984,-34.648346],[-58.37492,-34.648555]]}},{"type":"Feature","properties":{"name":"Avenida San Martín","ref":null,"osm":"way/403646511"},"geometry":{"type":"LineString","coordinates":[[-58.498454,-34.596424],[-58.497472,-34.596792],[-58.497438,-34.596802]]}},{"type":"Feature","properties":{"name":"Avenida San Martín","ref":null,"osm":"way/403646513"},"geometry":{"type":"LineString","coordinates":[[-58.471271,-34.601385],[-58.470448,-34.601596],[-58.470313,-34.601627]]}},{"type":"Feature","properties":{"name":"Avenida San Martín","ref":null,"osm":"way/405407888"},"geometry":{"type":"LineString","coordinates":[[-58.518185,-34.589612],[-58.516914,-34.589986],[-58.516723,-34.590041]]}},{"type":"Feature","properties":{"name":"Avenida San Martín","ref":null,"osm":"way/405411390"},"geometry":{"type":"LineString","coordinates":[[-58.507464,-34.59306],[-58.506476,-34.593431]]}},{"type":"Feature","properties":{"name":"Avenida San Martín","ref":null,"osm":"way/405411391"},"geometry":{"type":"LineString","coordinates":[[-58.511107,-34.591726],[-58.510951,-34.591775]]}},{"type":"Feature","properties":{"name":"Avenida San Martín","ref":null,"osm":"way/405411392"},"geometry":{"type":"LineString","coordinates":[[-58.505148,-34.593891],[-58.504922,-34.593964],[-58.503723,-34.594411]]}},{"type":"Feature","properties":{"name":"Avenida San Martín","ref":null,"osm":"way/405411393"},"geometry":{"type":"LineString","coordinates":[[-58.516723,-34.590041],[-58.516596,-34.590087],[-58.516497,-34.590123],[-58.515666,-34.590367]]}},{"type":"Feature","properties":{"name":"Avenida San Martín","ref":null,"osm":"way/405411394"},"geometry":{"type":"LineString","coordinates":[[-58.510951,-34.591775],[-58.510788,-34.591828],[-58.509845,-34.592174],[-58.509739,-34.592216]]}},{"type":"Feature","properties":{"name":"Avenida San Martín","ref":null,"osm":"way/405411395"},"geometry":{"type":"LineString","coordinates":[[-58.503723,-34.594411],[-58.50301,-34.594676]]}},{"type":"Feature","properties":{"name":"Avenida Córdoba","ref":null,"osm":"way/405942972"},"geometry":{"type":"LineString","coordinates":[[-58.444578,-34.584663],[-58.444788,-34.584522]]}},{"type":"Feature","properties":{"name":"Avenida San Martín","ref":null,"osm":"way/405949200"},"geometry":{"type":"LineString","coordinates":[[-58.508963,-34.592503],[-58.508754,-34.592577],[-58.507464,-34.59306]]}},{"type":"Feature","properties":{"name":"Avenida San Martín","ref":null,"osm":"way/405952932"},"geometry":{"type":"LineString","coordinates":[[-58.512499,-34.591302],[-58.512314,-34.591358],[-58.511262,-34.591674],[-58.511107,-34.591726]]}},{"type":"Feature","properties":{"name":"Avenida San Martín","ref":null,"osm":"way/410313983"},"geometry":{"type":"LineString","coordinates":[[-58.479789,-34.599334],[-58.478976,-34.599677],[-58.478819,-34.599677]]}},{"type":"Feature","properties":{"name":"Avenida San Martín","ref":null,"osm":"way/410313985"},"geometry":{"type":"LineString","coordinates":[[-58.478612,-34.59972],[-58.478678,-34.599705],[-58.478819,-34.599677]]}},{"type":"Feature","properties":{"name":"Avenida San Martín","ref":null,"osm":"way/410957809"},"geometry":{"type":"LineString","coordinates":[[-58.505311,-34.593729],[-58.505998,-34.593468],[-58.506067,-34.593444],[-58.506195,-34.593391]]}},{"type":"Feature","properties":{"name":"Avenida San Martín","ref":null,"osm":"way/411088339"},"geometry":{"type":"LineString","coordinates":[[-58.49723,-34.596838],[-58.496815,-34.596868],[-58.496728,-34.596874]]}},{"type":"Feature","properties":{"name":"Avenida Francisco Beiró","ref":null,"osm":"way/411088340"},"geometry":{"type":"LineString","coordinates":[[-58.497332,-34.596902],[-58.497374,-34.596928],[-58.497396,-34.596942],[-58.497677,-34.597116],[-58.498128,-34.597397]]}},{"type":"Feature","properties":{"name":"Avenida San Martín","ref":null,"osm":"way/411090299"},"geometry":{"type":"LineString","coordinates":[[-58.487775,-34.597476],[-58.487576,-34.597494],[-58.487114,-34.597527],[-58.487054,-34.597531],[-58.48697,-34.597537],[-58.486935,-34.59754],[-58.486793,-34.597552],[-58.486049,-34.597603]]}},{"type":"Feature","properties":{"name":"Avenida Nazca","ref":null,"osm":"way/411090300"},"geometry":{"type":"LineString","coordinates":[[-58.492852,-34.597127],[-58.49288,-34.597086],[-58.492908,-34.597045],[-58.492944,-34.596991]]}},{"type":"Feature","properties":{"name":"Avenida San Martín","ref":null,"osm":"way/411090301"},"geometry":{"type":"LineString","coordinates":[[-58.515416,-34.590438],[-58.515207,-34.590501],[-58.51416,-34.59082],[-58.514112,-34.590835],[-58.513976,-34.590876]]}},{"type":"Feature","properties":{"name":"Avenida San Martín","ref":null,"osm":"way/411732913"},"geometry":{"type":"LineString","coordinates":[[-58.460209,-34.604103],[-58.458851,-34.604456],[-58.45881,-34.604467],[-58.458573,-34.604456]]}},{"type":"Feature","properties":{"name":"Avenida Francisco Beiró","ref":null,"osm":"way/414547807"},"geometry":{"type":"LineString","coordinates":[[-58.497044,-34.596723],[-58.497101,-34.596758]]}},{"type":"Feature","properties":{"name":"Avenida Francisco Beiró","ref":null,"osm":"way/414547808"},"geometry":{"type":"LineString","coordinates":[[-58.497165,-34.596798],[-58.49723,-34.596838]]}},{"type":"Feature","properties":{"name":"Avenida San Martín","ref":null,"osm":"way/414547809"},"geometry":{"type":"LineString","coordinates":[[-58.466186,-34.602601],[-58.465789,-34.602703],[-58.465752,-34.602712],[-58.465587,-34.602752],[-58.465086,-34.602869],[-58.464888,-34.602922]]}},{"type":"Feature","properties":{"name":"Avenida San Martín","ref":null,"osm":"way/414747191"},"geometry":{"type":"LineString","coordinates":[[-58.500781,-34.595553],[-58.499813,-34.595916],[-58.499774,-34.595929],[-58.499647,-34.595973]]}},{"type":"Feature","properties":{"name":"Avenida San Martín","ref":null,"osm":"way/414747192"},"geometry":{"type":"LineString","coordinates":[[-58.499736,-34.595782],[-58.500465,-34.595508],[-58.500644,-34.595463]]}},{"type":"Feature","properties":{"name":"Avenida San Martín","ref":null,"osm":"way/414750285"},"geometry":{"type":"LineString","coordinates":[[-58.472225,-34.601091],[-58.472124,-34.601177],[-58.47206,-34.601192],[-58.471836,-34.601245]]}},{"type":"Feature","properties":{"name":"Avenida San Martín","ref":null,"osm":"way/415181130"},"geometry":{"type":"LineString","coordinates":[[-58.472225,-34.601091],[-58.472571,-34.60101]]}},{"type":"Feature","properties":{"name":"Avenida San Martín","ref":null,"osm":"way/415181131"},"geometry":{"type":"LineString","coordinates":[[-58.475571,-34.600369],[-58.476366,-34.600194]]}},{"type":"Feature","properties":{"name":"Avenida Juan Bautista Justo","ref":null,"osm":"way/418566540"},"geometry":{"type":"LineString","coordinates":[[-58.434824,-34.585314],[-58.435634,-34.585935],[-58.435739,-34.586013],[-58.435741,-34.586014]]}},{"type":"Feature","properties":{"name":null,"ref":null,"osm":"way/418566568"},"geometry":{"type":"LineString","coordinates":[[-58.466886,-34.649839],[-58.467155,-34.64992],[-58.467274,-34.649977],[-58.467365,-34.65004],[-58.467423,-34.650116],[-58.467436,-34.650158],[-58.467432,-34.650205],[-58.46741,-34.650312]]}},{"type":"Feature","properties":{"name":"Avenida Juan Bautista Justo","ref":null,"osm":"way/420113008"},"geometry":{"type":"LineString","coordinates":[[-58.516801,-34.633022],[-58.517154,-34.633085]]}},{"type":"Feature","properties":{"name":"Avenida Francisco Beiró","ref":null,"osm":"way/424226841"},"geometry":{"type":"LineString","coordinates":[[-58.495546,-34.595823],[-58.496732,-34.59653],[-58.496768,-34.596554],[-58.496804,-34.596576],[-58.496907,-34.596638]]}},{"type":"Feature","properties":{"name":"Avenida Francisco Beiró","ref":null,"osm":"way/424226842"},"geometry":{"type":"LineString","coordinates":[[-58.48482,-34.589177],[-58.484853,-34.589198],[-58.484922,-34.589242],[-58.48504,-34.589317],[-58.486343,-34.590123]]}},{"type":"Feature","properties":{"name":"Avenida de los Incas","ref":null,"osm":"way/424226843"},"geometry":{"type":"LineString","coordinates":[[-58.484232,-34.588739],[-58.484521,-34.58896],[-58.484552,-34.588983],[-58.484706,-34.589103]]}},{"type":"Feature","properties":{"name":"Galván","ref":null,"osm":"way/426037785"},"geometry":{"type":"LineString","coordinates":[[-58.484415,-34.570352],[-58.485241,-34.56942]]}},{"type":"Feature","properties":{"name":null,"ref":null,"osm":"way/435317396"},"geometry":{"type":"LineString","coordinates":[[-58.468422,-34.654079],[-58.46817,-34.653632],[-58.467755,-34.652902]]}},{"type":"Feature","properties":{"name":null,"ref":null,"osm":"way/435327813"},"geometry":{"type":"LineString","coordinates":[[-58.467276,-34.652296],[-58.467172,-34.652246],[-58.467082,-34.652213],[-58.466994,-34.652188],[-58.466895,-34.652169],[-58.466779,-34.652158],[-58.466617,-34.652165],[-58.466524,-34.652181],[-58.466435,-34.652203],[-58.466308,-34.652247],[-58.466083,-34.652362]]}},{"type":"Feature","properties":{"name":null,"ref":null,"osm":"way/435327814"},"geometry":{"type":"LineString","coordinates":[[-58.465901,-34.651926],[-58.466027,-34.651863],[-58.466214,-34.651812],[-58.466321,-34.651794],[-58.466448,-34.651787],[-58.466827,-34.651765],[-58.466961,-34.65174],[-58.46704,-34.651709],[-58.46721,-34.651624],[-58.467285,-34.651569],[-58.467341,-34.651515],[-58.467427,-34.651408],[-58.467502,-34.651258],[-58.467518,-34.65117],[-58.467529,-34.651029],[-58.46752,-34.650916],[-58.46745,-34.650629]]}},{"type":"Feature","properties":{"name":null,"ref":null,"osm":"way/435725817"},"geometry":{"type":"LineString","coordinates":[[-58.466317,-34.64999],[-58.466472,-34.65004],[-58.466594,-34.650067],[-58.466723,-34.650084],[-58.467023,-34.650092],[-58.467091,-34.6501],[-58.467158,-34.650113],[-58.467207,-34.650125],[-58.467266,-34.650145],[-58.4673,-34.650159],[-58.467337,-34.650185],[-58.467351,-34.650206],[-58.467363,-34.650253],[-58.46736,-34.650304]]}},{"type":"Feature","properties":{"name":null,"ref":null,"osm":"way/435726690"},"geometry":{"type":"LineString","coordinates":[[-58.46745,-34.650629],[-58.467409,-34.650541],[-58.467376,-34.650503],[-58.467275,-34.650427],[-58.467194,-34.650399],[-58.467123,-34.650392],[-58.467045,-34.650397],[-58.466939,-34.650426],[-58.46686,-34.650474],[-58.466795,-34.650536],[-58.466757,-34.650629],[-58.466761,-34.650716],[-58.466784,-34.650799],[-58.466858,-34.650992]]}},{"type":"Feature","properties":{"name":null,"ref":null,"osm":"way/435796502"},"geometry":{"type":"LineString","coordinates":[[-58.468552,-34.649777],[-58.468274,-34.649831],[-58.468145,-34.64986],[-58.468036,-34.64989],[-58.46791,-34.649953],[-58.467821,-34.650015]]}},{"type":"Feature","properties":{"name":null,"ref":null,"osm":"way/435796503"},"geometry":{"type":"LineString","coordinates":[[-58.467821,-34.650015],[-58.467707,-34.650117],[-58.467631,-34.650221],[-58.467589,-34.650299],[-58.467554,-34.650385],[-58.467534,-34.65049],[-58.467528,-34.650622]]}},{"type":"Feature","properties":{"name":"Avenida Intendente Cantilo","ref":"AV1-N","osm":"way/437378543"},"geometry":{"type":"LineString","coordinates":[[-58.458721,-34.537476],[-58.459046,-34.537197]]}},{"type":"Feature","properties":{"name":"Avenida Intendente Cantilo","ref":"AV1-N","osm":"way/437378545"},"geometry":{"type":"LineString","coordinates":[[-58.459046,-34.537197],[-58.459187,-34.537075],[-58.459614,-34.536688],[-58.459996,-34.536296],[-58.460008,-34.536285]]}},{"type":"Feature","properties":{"name":"Avenida Triunvirato","ref":null,"osm":"way/440509822"},"geometry":{"type":"LineString","coordinates":[[-58.488068,-34.572972],[-58.487806,-34.573168],[-58.487627,-34.57331],[-58.487471,-34.573438],[-58.487248,-34.573609]]}},{"type":"Feature","properties":{"name":"Avenida San Martín","ref":null,"osm":"way/441726078"},"geometry":{"type":"LineString","coordinates":[[-58.501919,-34.59508],[-58.501807,-34.595128],[-58.501598,-34.595233]]}},{"type":"Feature","properties":{"name":"Avenida Vélez Sársfield","ref":null,"osm":"way/443123071"},"geometry":{"type":"LineString","coordinates":[[-58.38936,-34.646821],[-58.389419,-34.646089]]}},{"type":"Feature","properties":{"name":"Puente Victorino de La Plaza","ref":null,"osm":"way/445253049"},"geometry":{"type":"LineString","coordinates":[[-58.38822,-34.661104],[-58.388286,-34.66028]]}},{"type":"Feature","properties":{"name":"Avenida Don Pedro de Mendoza","ref":null,"osm":"way/449592855"},"geometry":{"type":"LineString","coordinates":[[-58.358446,-34.626989],[-58.359347,-34.62641],[-58.359446,-34.626346]]}},{"type":"Feature","properties":{"name":"Avenida Eva Perón","ref":null,"osm":"way/449795079"},"geometry":{"type":"LineString","coordinates":[[-58.474717,-34.654165],[-58.474448,-34.65392],[-58.474357,-34.653838],[-58.474204,-34.653699],[-58.474096,-34.653602]]}},{"type":"Feature","properties":{"name":"Avenida del Barco Centenera","ref":null,"osm":"way/450619217"},"geometry":{"type":"LineString","coordinates":[[-58.425146,-34.650216],[-58.42499,-34.650333],[-58.424162,-34.650937],[-58.423857,-34.65115]]}},{"type":"Feature","properties":{"name":"Avenida Don Pedro de Mendoza","ref":null,"osm":"way/451176886"},"geometry":{"type":"LineString","coordinates":[[-58.36979,-34.651202],[-58.369712,-34.651124],[-58.369676,-34.651088],[-58.369615,-34.651031],[-58.369426,-34.650861],[-58.369372,-34.650819],[-58.369323,-34.65078],[-58.369282,-34.650749],[-58.369245,-34.650724],[-58.369206,-34.6507],[-58.369163,-34.650676],[-58.369049,-34.650615]]}},{"type":"Feature","properties":{"name":"Herrera","ref":null,"osm":"way/451183132"},"geometry":{"type":"LineString","coordinates":[[-58.374553,-34.649794],[-58.373871,-34.651724]]}},{"type":"Feature","properties":{"name":"Avenida Teniente General Luis Dellepiane","ref":null,"osm":"way/451410964"},"geometry":{"type":"LineString","coordinates":[[-58.479504,-34.677328],[-58.479548,-34.677431],[-58.479577,-34.6775],[-58.480143,-34.678829]]}},{"type":"Feature","properties":{"name":"Avenida Teniente General Luis Dellepiane","ref":null,"osm":"way/451410965"},"geometry":{"type":"LineString","coordinates":[[-58.478718,-34.678042],[-58.478705,-34.678011],[-58.478585,-34.677744],[-58.478373,-34.677266]]}},{"type":"Feature","properties":{"name":null,"ref":null,"osm":"way/451465323"},"geometry":{"type":"LineString","coordinates":[[-58.387018,-34.637865],[-58.386794,-34.637727],[-58.386752,-34.637704],[-58.386705,-34.637698],[-58.386668,-34.637703],[-58.386639,-34.637721],[-58.386614,-34.637745],[-58.386576,-34.637791]]}},{"type":"Feature","properties":{"name":"Río Cuarto","ref":null,"osm":"way/452887437"},"geometry":{"type":"LineString","coordinates":[[-58.390562,-34.652523],[-58.38934,-34.652452],[-58.388907,-34.652427]]}},{"type":"Feature","properties":{"name":"Avenida Eva Perón","ref":null,"osm":"way/457118502"},"geometry":{"type":"LineString","coordinates":[[-58.499734,-34.672947],[-58.499147,-34.672635]]}},{"type":"Feature","properties":{"name":"Avenida Presidente Ramón S. Castillo","ref":null,"osm":"way/457118518"},"geometry":{"type":"LineString","coordinates":[[-58.385177,-34.577865],[-58.385095,-34.577895],[-58.384992,-34.577927],[-58.384953,-34.577938],[-58.38486,-34.57796],[-58.383396,-34.57831],[-58.383163,-34.578375],[-58.382902,-34.578458],[-58.38264,-34.578564],[-58.38231,-34.57872],[-58.380816,-34.579558],[-58.380664,-34.579632],[-58.380491,-34.579713],[-58.380268,-34.579792],[-58.379985,-34.57987],[-58.379793,-34.579908],[-58.379567,-34.57994],[-58.37936,-34.579957],[-58.379135,-34.579963],[-58.378864,-34.579951],[-58.376712,-34.579807],[-58.376565,-34.579802],[-58.376413,-34.579806],[-58.376291,-34.579817],[-58.376116,-34.579844],[-58.375907,-34.579883],[-58.375699,-34.579939],[-58.375473,-34.580016],[-58.375263,-34.580098],[-58.375068,-34.580192]]}},{"type":"Feature","properties":{"name":"Avenida Eva Perón","ref":null,"osm":"way/457551177"},"geometry":{"type":"LineString","coordinates":[[-58.499147,-34.672635],[-58.498931,-34.672506]]}},{"type":"Feature","properties":{"name":"Avenida Lisandro de la Torre","ref":null,"osm":"way/457551184"},"geometry":{"type":"LineString","coordinates":[[-58.502996,-34.660229],[-58.502504,-34.660629],[-58.502341,-34.660762]]}},{"type":"Feature","properties":{"name":"Avenida Lisandro de la Torre","ref":null,"osm":"way/457551187"},"geometry":{"type":"LineString","coordinates":[[-58.501659,-34.661324],[-58.501524,-34.661435],[-58.501491,-34.661462],[-58.501334,-34.661591],[-58.501234,-34.661673],[-58.50036,-34.662394],[-58.500306,-34.662438]]}},{"type":"Feature","properties":{"name":"Avenida 27 de Febrero","ref":null,"osm":"way/457930310"},"geometry":{"type":"LineString","coordinates":[[-58.436049,-34.673912],[-58.43603,-34.674372],[-58.436064,-34.674664],[-58.436126,-34.674823],[-58.436236,-34.674991],[-58.436734,-34.675557]]}},{"type":"Feature","properties":{"name":"Avenida Pergamino","ref":null,"osm":"way/457930311"},"geometry":{"type":"LineString","coordinates":[[-58.432508,-34.670537],[-58.432534,-34.670495],[-58.432568,-34.670456],[-58.432631,-34.670405],[-58.432991,-34.67019],[-58.433961,-34.669625],[-58.434055,-34.66957],[-58.434164,-34.669508],[-58.434252,-34.669456],[-58.435489,-34.668741],[-58.436674,-34.66805]]}},{"type":"Feature","properties":{"name":"Avenida Elvira Rawson de Dellepiane","ref":null,"osm":"way/460236984"},"geometry":{"type":"LineString","coordinates":[[-58.357841,-34.619495],[-58.357766,-34.619389],[-58.35769,-34.619238]]}},{"type":"Feature","properties":{"name":"Avenida Don Pedro de Mendoza","ref":null,"osm":"way/462203561"},"geometry":{"type":"LineString","coordinates":[[-58.356956,-34.637994],[-58.356916,-34.637904],[-58.356898,-34.637872],[-58.356886,-34.637852],[-58.356874,-34.637828],[-58.356856,-34.6378],[-58.35684,-34.637778],[-58.356825,-34.637759],[-58.3568,-34.63773],[-58.356776,-34.637706],[-58.356635,-34.637561]]}},{"type":"Feature","properties":{"name":"Avenida Don Pedro de Mendoza","ref":null,"osm":"way/462215333"},"geometry":{"type":"LineString","coordinates":[[-58.354215,-34.630309],[-58.354348,-34.630078],[-58.354458,-34.629928],[-58.35457,-34.629793],[-58.354699,-34.629666],[-58.354858,-34.62952]]}},{"type":"Feature","properties":{"name":"Avenida Perito Moreno","ref":null,"osm":"way/462827907"},"geometry":{"type":"LineString","coordinates":[[-58.407151,-34.649327],[-58.40728,-34.6493],[-58.407447,-34.649276],[-58.40769,-34.649263],[-58.408601,-34.6493]]}},{"type":"Feature","properties":{"name":"Avenida General Iriarte","ref":null,"osm":"way/462827908"},"geometry":{"type":"LineString","coordinates":[[-58.398885,-34.651029],[-58.399001,-34.650973],[-58.39917,-34.650927],[-58.399255,-34.650918],[-58.399384,-34.650916],[-58.399526,-34.65092],[-58.399674,-34.650936],[-58.399796,-34.650953],[-58.400125,-34.650999],[-58.400564,-34.651055]]}},{"type":"Feature","properties":{"name":"Avenida Perito Moreno","ref":null,"osm":"way/462827909"},"geometry":{"type":"LineString","coordinates":[[-58.416477,-34.649644],[-58.416568,-34.649649],[-58.418386,-34.64973],[-58.418441,-34.649732]]}},{"type":"Feature","properties":{"name":"Avenida Perito Moreno","ref":null,"osm":"way/462827910"},"geometry":{"type":"LineString","coordinates":[[-58.425564,-34.650056],[-58.426582,-34.650091],[-58.426714,-34.650096],[-58.427576,-34.650138],[-58.428513,-34.650186],[-58.429654,-34.650224],[-58.429936,-34.650234]]}},{"type":"Feature","properties":{"name":"Avenida Perito Moreno","ref":null,"osm":"way/462827912"},"geometry":{"type":"LineString","coordinates":[[-58.430933,-34.650285],[-58.43106,-34.650292],[-58.431279,-34.650303]]}},{"type":"Feature","properties":{"name":"Avenida Perito Moreno","ref":null,"osm":"way/462827914"},"geometry":{"type":"LineString","coordinates":[[-58.431757,-34.65039],[-58.431368,-34.650374]]}},{"type":"Feature","properties":{"name":"Avenida Perito Moreno","ref":null,"osm":"way/462844091"},"geometry":{"type":"LineString","coordinates":[[-58.431764,-34.650323],[-58.432147,-34.650345],[-58.432249,-34.65035],[-58.432563,-34.650366],[-58.432704,-34.650373],[-58.433572,-34.650417],[-58.433597,-34.650418],[-58.433854,-34.650431],[-58.434391,-34.650458],[-58.434539,-34.650466],[-58.434604,-34.650469],[-58.43473,-34.650476],[-58.435208,-34.6505],[-58.435354,-34.650508],[-58.435548,-34.650517],[-58.435733,-34.650526],[-58.435785,-34.650529],[-58.435943,-34.650536],[-58.436079,-34.650542],[-58.436326,-34.650553],[-58.436452,-34.65056],[-58.436594,-34.650567],[-58.436773,-34.650575],[-58.436952,-34.650584],[-58.437084,-34.65059],[-58.437213,-34.650597],[-58.437328,-34.650602],[-58.437549,-34.650614],[-58.437708,-34.650623],[-58.438071,-34.65064],[-58.438215,-34.650646],[-58.438463,-34.650658],[-58.438604,-34.650664],[-58.438917,-34.650679],[-58.439021,-34.650684],[-58.439102,-34.650688],[-58.439144,-34.650689],[-58.439352,-34.650699],[-58.439651,-34.650713],[-58.440061,-34.650732],[-58.44022,-34.650739],[-58.440438,-34.65075],[-58.440726,-34.650763],[-58.440869,-34.650771],[-58.441138,-34.650786],[-58.441489,-34.650802],[-58.441638,-34.650806]]}},{"type":"Feature","properties":{"name":null,"ref":null,"osm":"way/462844094"},"geometry":{"type":"LineString","coordinates":[[-58.431368,-34.650374],[-58.431404,-34.65031]]}},{"type":"Feature","properties":{"name":"Avenida Perito Moreno","ref":null,"osm":"way/462876180"},"geometry":{"type":"LineString","coordinates":[[-58.453335,-34.650908],[-58.454376,-34.650801],[-58.454418,-34.650797],[-58.454457,-34.650793],[-58.454634,-34.650775]]}},{"type":"Feature","properties":{"name":"Avenida Perito Moreno","ref":null,"osm":"way/462876181"},"geometry":{"type":"LineString","coordinates":[[-58.457778,-34.650472],[-58.458975,-34.65036],[-58.459075,-34.65035],[-58.459301,-34.650329]]}},{"type":"Feature","properties":{"name":"Avenida Perito Moreno","ref":null,"osm":"way/462876182"},"geometry":{"type":"LineString","coordinates":[[-58.444582,-34.650956],[-58.444986,-34.650972],[-58.445434,-34.650991],[-58.449017,-34.651119],[-58.450782,-34.651121],[-58.451565,-34.651074],[-58.45288,-34.65096],[-58.452976,-34.650949],[-58.453335,-34.650908]]}},{"type":"Feature","properties":{"name":"Autopista Presidente Héctor José Cámpora","ref":"AU7","osm":"way/463333956"},"geometry":{"type":"LineString","coordinates":[[-58.453278,-34.662399],[-58.45424,-34.661637]]}},{"type":"Feature","properties":{"name":"Autopista Presidente Héctor José Cámpora","ref":"AU7","osm":"way/463333957"},"geometry":{"type":"LineString","coordinates":[[-58.453384,-34.662477],[-58.453197,-34.662622],[-58.452569,-34.663111],[-58.452404,-34.66324],[-58.45179,-34.663718],[-58.450952,-34.664416],[-58.449346,-34.665826],[-58.447945,-34.666946]]}},{"type":"Feature","properties":{"name":"Avenida Perito Moreno","ref":null,"osm":"way/463340064"},"geometry":{"type":"LineString","coordinates":[[-58.464374,-34.649994],[-58.464022,-34.65002],[-58.463771,-34.650037],[-58.463433,-34.650062]]}},{"type":"Feature","properties":{"name":"Avenida Pergamino","ref":null,"osm":"way/463342926"},"geometry":{"type":"LineString","coordinates":[[-58.436816,-34.667961],[-58.437852,-34.66738],[-58.439926,-34.666184]]}},{"type":"Feature","properties":{"name":"Avenida Amancio Alcorta","ref":null,"osm":"way/465207479"},"geometry":{"type":"LineString","coordinates":[[-58.405188,-34.650225],[-58.404997,-34.650025]]}},{"type":"Feature","properties":{"name":"Avenida Isidro Lorea","ref":null,"osm":"way/465207480"},"geometry":{"type":"LineString","coordinates":[[-58.405188,-34.650225],[-58.405445,-34.650087]]}},{"type":"Feature","properties":{"name":"Avenida General Iriarte","ref":null,"osm":"way/465496540"},"geometry":{"type":"LineString","coordinates":[[-58.396629,-34.651441],[-58.39725,-34.651429],[-58.397362,-34.65142],[-58.397392,-34.651418],[-58.397423,-34.651415],[-58.397455,-34.65141],[-58.397501,-34.651401],[-58.397548,-34.651391],[-58.397773,-34.651332],[-58.397974,-34.651275],[-58.398104,-34.651239],[-58.398151,-34.651225],[-58.398218,-34.651206],[-58.398458,-34.651142],[-58.398843,-34.651041],[-58.398885,-34.651029]]}},{"type":"Feature","properties":{"name":"Avenida de los Constituyentes","ref":null,"osm":"way/465977799"},"geometry":{"type":"LineString","coordinates":[[-58.498037,-34.577356],[-58.497912,-34.577452],[-58.497221,-34.577983]]}},{"type":"Feature","properties":{"name":"Avenida Juan Bautista Justo","ref":null,"osm":"way/465994587"},"geometry":{"type":"LineString","coordinates":[[-58.517937,-34.633192],[-58.517875,-34.633181],[-58.517605,-34.633101]]}},{"type":"Feature","properties":{"name":"Avenida Intendente Francisco Rabanal","ref":null,"osm":"way/466410544"},"geometry":{"type":"LineString","coordinates":[[-58.429059,-34.659702],[-58.429148,-34.659742],[-58.430196,-34.660209],[-58.431328,-34.660731],[-58.43243,-34.661231],[-58.4325,-34.661262]]}},{"type":"Feature","properties":{"name":"Galván","ref":null,"osm":"way/471124738"},"geometry":{"type":"LineString","coordinates":[[-58.488365,-34.565897],[-58.489298,-34.564848]]}},{"type":"Feature","properties":{"name":"Avenida de los Constituyentes","ref":null,"osm":"way/471171580"},"geometry":{"type":"LineString","coordinates":[[-58.493766,-34.580653],[-58.493607,-34.580767],[-58.493574,-34.580791],[-58.493453,-34.580876]]}},{"type":"Feature","properties":{"name":"Avenida de los Constituyentes","ref":null,"osm":"way/471284559"},"geometry":{"type":"LineString","coordinates":[[-58.496096,-34.578866],[-58.495198,-34.57957]]}},{"type":"Feature","properties":{"name":"Avenida Warnes","ref":null,"osm":"way/473611220"},"geometry":{"type":"LineString","coordinates":[[-58.46557,-34.596438],[-58.465431,-34.596502],[-58.46535,-34.596525],[-58.46526,-34.596539],[-58.465123,-34.596546],[-58.465032,-34.596543],[-58.464931,-34.596532],[-58.464774,-34.596475]]}},{"type":"Feature","properties":{"name":"Avenida Warnes","ref":null,"osm":"way/473611221"},"geometry":{"type":"LineString","coordinates":[[-58.464774,-34.596475],[-58.464944,-34.596448],[-58.465132,-34.596446]]}},{"type":"Feature","properties":{"name":"Avenida San Martín","ref":null,"osm":"way/474060952"},"geometry":{"type":"LineString","coordinates":[[-58.467252,-34.602343],[-58.466186,-34.602601]]}},{"type":"Feature","properties":{"name":null,"ref":null,"osm":"way/474486752"},"geometry":{"type":"LineString","coordinates":[[-58.470266,-34.663647],[-58.470311,-34.663675]]}},{"type":"Feature","properties":{"name":"Avenida Ruiz Huidobro","ref":null,"osm":"way/478371630"},"geometry":{"type":"LineString","coordinates":[[-58.494609,-34.555081],[-58.49479,-34.555168],[-58.494892,-34.55521]]}},{"type":"Feature","properties":{"name":"Avenida San Martín","ref":null,"osm":"way/479792607"},"geometry":{"type":"LineString","coordinates":[[-58.470313,-34.601627],[-58.469154,-34.601896],[-58.468988,-34.601934]]}},{"type":"Feature","properties":{"name":"Túnel Gustavo Cerati","ref":null,"osm":"way/480725608"},"geometry":{"type":"LineString","coordinates":[[-58.489968,-34.592738],[-58.489798,-34.592624],[-58.489684,-34.592543],[-58.489596,-34.592476],[-58.489515,-34.592412],[-58.489438,-34.592348],[-58.489218,-34.592113]]}},{"type":"Feature","properties":{"name":"Túnel Gustavo Cerati","ref":null,"osm":"way/480966514"},"geometry":{"type":"LineString","coordinates":[[-58.489218,-34.592113],[-58.488962,-34.591821]]}},{"type":"Feature","properties":{"name":"Avenida Francisco Beiró","ref":null,"osm":"way/480966515"},"geometry":{"type":"LineString","coordinates":[[-58.492958,-34.594207],[-58.492588,-34.594039]]}},{"type":"Feature","properties":{"name":"Túnel Gustavo Cerati","ref":null,"osm":"way/480966516"},"geometry":{"type":"LineString","coordinates":[[-58.489218,-34.592113],[-58.489527,-34.592324],[-58.489619,-34.592399],[-58.489692,-34.592454],[-58.489794,-34.592521],[-58.489884,-34.59258],[-58.490133,-34.592741]]}},{"type":"Feature","properties":{"name":"Avenida San Martín","ref":null,"osm":"way/482068481"},"geometry":{"type":"LineString","coordinates":[[-58.492852,-34.597127],[-58.492505,-34.597151],[-58.491437,-34.597227],[-58.491395,-34.59723],[-58.491168,-34.597245],[-58.49101,-34.597256],[-58.49028,-34.597304]]}},{"type":"Feature","properties":{"name":null,"ref":null,"osm":"way/482585016"},"geometry":{"type":"LineString","coordinates":[[-58.469816,-34.649402],[-58.469819,-34.649417],[-58.469819,-34.649442],[-58.469816,-34.649458],[-58.469809,-34.649491],[-58.469798,-34.649512],[-58.46979,-34.649524],[-58.469776,-34.649544],[-58.469763,-34.649559],[-58.469753,-34.64957],[-58.469733,-34.649587],[-58.469714,-34.649597]]}},{"type":"Feature","properties":{"name":"Avenida Eva Perón","ref":null,"osm":"way/482585017"},"geometry":{"type":"LineString","coordinates":[[-58.470058,-34.649915],[-58.469777,-34.649659]]}},{"type":"Feature","properties":{"name":null,"ref":null,"osm":"way/482585018"},"geometry":{"type":"LineString","coordinates":[[-58.469324,-34.649462],[-58.469323,-34.649442],[-58.469322,-34.649415],[-58.469326,-34.649391],[-58.469331,-34.649374],[-58.469341,-34.649349],[-58.469357,-34.649325],[-58.469366,-34.649314],[-58.46938,-34.6493],[-58.46939,-34.649291],[-58.469414,-34.649272]]}},{"type":"Feature","properties":{"name":"Avenida Perito Moreno","ref":null,"osm":"way/482661941"},"geometry":{"type":"LineString","coordinates":[[-58.416208,-34.649633],[-58.416305,-34.649639],[-58.416381,-34.649641],[-58.416477,-34.649644]]}},{"type":"Feature","properties":{"name":"Avenida Perito Moreno","ref":null,"osm":"way/482661943"},"geometry":{"type":"LineString","coordinates":[[-58.416388,-34.649727],[-58.416303,-34.649724],[-58.416208,-34.64972]]}},{"type":"Feature","properties":{"name":"Avenida Nazca","ref":null,"osm":"way/482746638"},"geometry":{"type":"LineString","coordinates":[[-58.491508,-34.599122],[-58.492042,-34.598348]]}},{"type":"Feature","properties":{"name":"Autopista Arturo Illia","ref":"AV1-N","osm":"way/485594684"},"geometry":{"type":"LineString","coordinates":[[-58.396467,-34.573871],[-58.395816,-34.574164],[-58.394779,-34.574677],[-58.39408,-34.57505],[-58.393725,-34.575247]]}},{"type":"Feature","properties":{"name":"Autopista Arturo Illia","ref":"AV1-N","osm":"way/485594692"},"geometry":{"type":"LineString","coordinates":[[-58.400327,-34.571854],[-58.399056,-34.572517]]}},{"type":"Feature","properties":{"name":"Autopista Arturo Illia","ref":"AV1-N","osm":"way/485594693"},"geometry":{"type":"LineString","coordinates":[[-58.398648,-34.57253],[-58.400219,-34.571713]]}},{"type":"Feature","properties":{"name":"Autopista Teniente General Luis Dellepiane","ref":null,"osm":"way/487890802"},"geometry":{"type":"LineString","coordinates":[[-58.46539,-34.649679],[-58.464995,-34.649111],[-58.464917,-34.649032],[-58.464829,-34.64896]]}},{"type":"Feature","properties":{"name":"Autopista Teniente General Luis Dellepiane","ref":null,"osm":"way/487890803"},"geometry":{"type":"LineString","coordinates":[[-58.466737,-34.651238],[-58.466286,-34.650725]]}},{"type":"Feature","properties":{"name":null,"ref":null,"osm":"way/487890805"},"geometry":{"type":"LineString","coordinates":[[-58.467755,-34.652902],[-58.467545,-34.652565],[-58.46747,-34.65246],[-58.467389,-34.652381],[-58.467276,-34.652296]]}},{"type":"Feature","properties":{"name":null,"ref":null,"osm":"way/487890806"},"geometry":{"type":"LineString","coordinates":[[-58.466017,-34.649844],[-58.466317,-34.64999]]}},{"type":"Feature","properties":{"name":null,"ref":null,"osm":"way/487890807"},"geometry":{"type":"LineString","coordinates":[[-58.466017,-34.649844],[-58.466202,-34.649998]]}},{"type":"Feature","properties":{"name":null,"ref":null,"osm":"way/487890808"},"geometry":{"type":"LineString","coordinates":[[-58.466202,-34.649998],[-58.46626,-34.650036],[-58.46631,-34.650068],[-58.46645,-34.650137],[-58.466547,-34.65017],[-58.46665,-34.6502],[-58.466736,-34.650219],[-58.466814,-34.650231],[-58.466873,-34.650236],[-58.466941,-34.650239],[-58.467028,-34.65024],[-58.467115,-34.650253],[-58.467205,-34.650281],[-58.467276,-34.650311],[-58.467362,-34.650359],[-58.467448,-34.650454],[-58.467493,-34.650538],[-58.467528,-34.650622]]}},{"type":"Feature","properties":{"name":null,"ref":null,"osm":"way/487890809"},"geometry":{"type":"LineString","coordinates":[[-58.46736,-34.650304],[-58.467347,-34.65041]]}},{"type":"Feature","properties":{"name":"Avenida Teniente General Luis Dellepiane","ref":null,"osm":"way/487890810"},"geometry":{"type":"LineString","coordinates":[[-58.467405,-34.65032],[-58.467347,-34.65041],[-58.467302,-34.65054]]}},{"type":"Feature","properties":{"name":"Avenida Eva Perón","ref":null,"osm":"way/487890819"},"geometry":{"type":"LineString","coordinates":[[-58.470824,-34.650614],[-58.470058,-34.649915]]}},{"type":"Feature","properties":{"name":"Avenida San Martín","ref":null,"osm":"way/489715916"},"geometry":{"type":"LineString","coordinates":[[-58.480828,-34.598886],[-58.480639,-34.598969],[-58.480264,-34.599135],[-58.479934,-34.599273],[-58.479911,-34.599279]]}},{"type":"Feature","properties":{"name":"Avenida San Martín","ref":null,"osm":"way/489715917"},"geometry":{"type":"LineString","coordinates":[[-58.483351,-34.597839],[-58.483281,-34.597851],[-58.483213,-34.597867],[-58.483147,-34.597888]]}},{"type":"Feature","properties":{"name":null,"ref":null,"osm":"way/490001903"},"geometry":{"type":"LineString","coordinates":[[-58.478907,-34.599302],[-58.478948,-34.599313],[-58.479005,-34.599314],[-58.479074,-34.599299],[-58.479487,-34.599118]]}},{"type":"Feature","properties":{"name":"Avenida San Martín","ref":null,"osm":"way/490001904"},"geometry":{"type":"LineString","coordinates":[[-58.478819,-34.599677],[-58.478973,-34.599534],[-58.479158,-34.599453]]}},{"type":"Feature","properties":{"name":"Avenida San Martín","ref":null,"osm":"way/494057391"},"geometry":{"type":"LineString","coordinates":[[-58.482175,-34.598305],[-58.480931,-34.598841],[-58.480828,-34.598886]]}},{"type":"Feature","properties":{"name":"Avenida San Martín","ref":null,"osm":"way/494057394"},"geometry":{"type":"LineString","coordinates":[[-58.483147,-34.597888],[-58.482936,-34.597969],[-58.482175,-34.598305]]}},{"type":"Feature","properties":{"name":"Avenida San Martín","ref":null,"osm":"way/494057396"},"geometry":{"type":"LineString","coordinates":[[-58.479158,-34.599453],[-58.479463,-34.599321]]}},{"type":"Feature","properties":{"name":"Avenida San Martín","ref":null,"osm":"way/494057400"},"geometry":{"type":"LineString","coordinates":[[-58.479463,-34.599321],[-58.479698,-34.599209]]}},{"type":"Feature","properties":{"name":"Avenida San Martín","ref":null,"osm":"way/494570064"},"geometry":{"type":"LineString","coordinates":[[-58.485399,-34.597643],[-58.485165,-34.597665],[-58.483478,-34.59782],[-58.483351,-34.597839]]}},{"type":"Feature","properties":{"name":"Avenida San Martín","ref":null,"osm":"way/494570067"},"geometry":{"type":"LineString","coordinates":[[-58.49028,-34.597304],[-58.489907,-34.597328],[-58.489487,-34.597355],[-58.488903,-34.5974],[-58.488868,-34.5974],[-58.488646,-34.597415]]}},{"type":"Feature","properties":{"name":"Autopista Perito Moreno","ref":"AU6","osm":"way/503279374"},"geometry":{"type":"LineString","coordinates":[[-58.475799,-34.648596],[-58.47666,-34.648086],[-58.477295,-34.647702]]}},{"type":"Feature","properties":{"name":"Autopista Perito Moreno","ref":"AU6","osm":"way/503279375"},"geometry":{"type":"LineString","coordinates":[[-58.475346,-34.648771],[-58.475582,-34.648686],[-58.475799,-34.648596]]}},{"type":"Feature","properties":{"name":"Autopista Perito Moreno","ref":"AU6","osm":"way/503279376"},"geometry":{"type":"LineString","coordinates":[[-58.469992,-34.64935],[-58.470665,-34.649307],[-58.471146,-34.649266],[-58.47232,-34.64918],[-58.473264,-34.649091],[-58.47404,-34.648997],[-58.474569,-34.648922],[-58.475036,-34.648843],[-58.475346,-34.648771]]}},{"type":"Feature","properties":{"name":"Autopista Perito Moreno","ref":"AU6","osm":"way/503279384"},"geometry":{"type":"LineString","coordinates":[[-58.485027,-34.646017],[-58.484255,-34.646314],[-58.483252,-34.646686],[-58.48297,-34.646788]]}},{"type":"Feature","properties":{"name":"Autopista Perito Moreno","ref":"AU6","osm":"way/503279385"},"geometry":{"type":"LineString","coordinates":[[-58.479883,-34.647812],[-58.478384,-34.648166]]}},{"type":"Feature","properties":{"name":"Autopista Perito Moreno","ref":"AU6","osm":"way/503279386"},"geometry":{"type":"LineString","coordinates":[[-58.480964,-34.647493],[-58.480721,-34.647566],[-58.479883,-34.647812]]}},{"type":"Feature","properties":{"name":"Autopista Perito Moreno","ref":"AU6","osm":"way/503279387"},"geometry":{"type":"LineString","coordinates":[[-58.47547,-34.64895],[-58.474945,-34.649054],[-58.4741,-34.649196],[-58.473066,-34.649321],[-58.471896,-34.649404]]}},{"type":"Feature","properties":{"name":"Autopista Perito Moreno","ref":"AU6","osm":"way/503283714"},"geometry":{"type":"LineString","coordinates":[[-58.477295,-34.647702],[-58.477715,-34.647574]]}},{"type":"Feature","properties":{"name":"Autopista Perito Moreno","ref":"AU6","osm":"way/503283715"},"geometry":{"type":"LineString","coordinates":[[-58.478384,-34.648166],[-58.478096,-34.648231]]}},{"type":"Feature","properties":{"name":"Autopista Perito Moreno","ref":"AU6","osm":"way/503283716"},"geometry":{"type":"LineString","coordinates":[[-58.48297,-34.646788],[-58.48194,-34.647173],[-58.4816,-34.647299]]}},{"type":"Feature","properties":{"name":null,"ref":null,"osm":"way/504719277"},"geometry":{"type":"LineString","coordinates":[[-58.443653,-34.651124],[-58.443598,-34.65114]]}},{"type":"Feature","properties":{"name":null,"ref":null,"osm":"way/504721222"},"geometry":{"type":"LineString","coordinates":[[-58.464164,-34.669616],[-58.464143,-34.669652]]}},{"type":"Feature","properties":{"name":"Paseo del Bajo - Presidente Dr. Raúl R. Alfonsín","ref":null,"osm":"way/506162190"},"geometry":{"type":"LineString","coordinates":[[-58.373541,-34.582337],[-58.373744,-34.581795],[-58.373804,-34.581656],[-58.373867,-34.58153],[-58.374005,-34.5813],[-58.374108,-34.581154],[-58.374241,-34.580994],[-58.37442,-34.58081],[-58.374621,-34.580654],[-58.374737,-34.58056],[-58.374862,-34.580475],[-58.375031,-34.580375],[-58.375193,-34.580295],[-58.375404,-34.580194],[-58.375723,-34.580081],[-58.375899,-34.580038],[-58.376054,-34.580001],[-58.376206,-34.579975],[-58.376344,-34.579957],[-58.376484,-34.579942],[-58.37671,-34.579933],[-58.376897,-34.579933],[-58.37708,-34.57994],[-58.378998,-34.580059],[-58.379344,-34.580055],[-58.379501,-34.580047],[-58.379669,-34.580033],[-58.379824,-34.580008],[-58.379994,-34.579975],[-58.380257,-34.5799],[-58.380551,-34.579788],[-58.38083,-34.579671],[-58.382171,-34.578904],[-58.382464,-34.578754],[-58.382745,-34.578626],[-58.383064,-34.578513],[-58.383239,-34.578453],[-58.383453,-34.578396],[-58.383772,-34.578323],[-58.385213,-34.577984],[-58.388863,-34.577119],[-58.389193,-34.577029],[-58.389622,-34.576868],[-58.389876,-34.576753],[-58.390038,-34.576671],[-58.390216,-34.576557],[-58.390414,-34.57641],[-58.390565,-34.576294]]}},{"type":"Feature","properties":{"name":"Avenida Juan Bautista Justo","ref":null,"osm":"way/506526878"},"geometry":{"type":"LineString","coordinates":[[-58.52067,-34.633428],[-58.52071,-34.633457]]}},{"type":"Feature","properties":{"name":"Autopista Camino Negro","ref":"RNA001","osm":"way/509524698"},"geometry":{"type":"LineString","coordinates":[[-58.462267,-34.704819],[-58.461004,-34.705622]]}},{"type":"Feature","properties":{"name":null,"ref":null,"osm":"way/509529901"},"geometry":{"type":"LineString","coordinates":[[-58.477214,-34.672312],[-58.477281,-34.672326]]}},{"type":"Feature","properties":{"name":null,"ref":null,"osm":"way/509529902"},"geometry":{"type":"LineString","coordinates":[[-58.47637,-34.672635],[-58.476416,-34.67258]]}},{"type":"Feature","properties":{"name":"Avenida Warnes","ref":null,"osm":"way/513993425"},"geometry":{"type":"LineString","coordinates":[[-58.454226,-34.59824],[-58.453729,-34.598402]]}},{"type":"Feature","properties":{"name":"Avenida San Martín","ref":null,"osm":"way/515118429"},"geometry":{"type":"LineString","coordinates":[[-58.494899,-34.596995],[-58.494769,-34.597006],[-58.494672,-34.597013],[-58.493251,-34.597102],[-58.493225,-34.597103],[-58.493188,-34.597105],[-58.493013,-34.597116]]}},{"type":"Feature","properties":{"name":"Avenida Costanera Rafael Obligado","ref":null,"osm":"way/516523428"},"geometry":{"type":"LineString","coordinates":[[-58.399892,-34.569515],[-58.399824,-34.569558],[-58.399302,-34.56987],[-58.39909,-34.569989]]}},{"type":"Feature","properties":{"name":"Avenida Costanera Rafael Obligado","ref":null,"osm":"way/516523429"},"geometry":{"type":"LineString","coordinates":[[-58.400226,-34.569312],[-58.400167,-34.569348]]}},{"type":"Feature","properties":{"name":null,"ref":null,"osm":"way/517103219"},"geometry":{"type":"LineString","coordinates":[[-58.463458,-34.670163],[-58.463408,-34.670179]]}},{"type":"Feature","properties":{"name":"Avenida Teniente General Luis Dellepiane","ref":null,"osm":"way/517103220"},"geometry":{"type":"LineString","coordinates":[[-58.4746,-34.66874],[-58.474454,-34.668425]]}},{"type":"Feature","properties":{"name":"Avenida San Pedrito","ref":null,"osm":"way/520941019"},"geometry":{"type":"LineString","coordinates":[[-58.468431,-34.6304],[-58.468418,-34.630429],[-58.469407,-34.630685],[-58.469418,-34.630652],[-58.468431,-34.6304]]}},{"type":"Feature","properties":{"name":"Hipólito Vieytes","ref":null,"osm":"way/528129618"},"geometry":{"type":"LineString","coordinates":[[-58.379667,-34.642317],[-58.379693,-34.642247],[-58.379753,-34.64208]]}},{"type":"Feature","properties":{"name":"Hipólito Vieytes","ref":null,"osm":"way/528129619"},"geometry":{"type":"LineString","coordinates":[[-58.379472,-34.642864],[-58.379667,-34.642317]]}},{"type":"Feature","properties":{"name":"Hipólito Vieytes","ref":null,"osm":"way/528129620"},"geometry":{"type":"LineString","coordinates":[[-58.379603,-34.643043],[-58.37945,-34.643466],[-58.379347,-34.643645]]}},{"type":"Feature","properties":{"name":"Avenida Piedra Buena","ref":null,"osm":"way/530364812"},"geometry":{"type":"LineString","coordinates":[[-58.491537,-34.67439],[-58.491156,-34.674768],[-58.490728,-34.675198],[-58.490434,-34.675493],[-58.490372,-34.675556],[-58.490149,-34.675769],[-58.48999,-34.67591]]}},{"type":"Feature","properties":{"name":"Avenida Eva Perón","ref":null,"osm":"way/530422171"},"geometry":{"type":"LineString","coordinates":[[-58.500676,-34.673453],[-58.50011,-34.673147]]}},{"type":"Feature","properties":{"name":"Avenida Coronel Roca","ref":null,"osm":"way/530903530"},"geometry":{"type":"LineString","coordinates":[[-58.460074,-34.689112],[-58.459745,-34.688801]]}},{"type":"Feature","properties":{"name":"Avenida Coronel Roca","ref":null,"osm":"way/530903531"},"geometry":{"type":"LineString","coordinates":[[-58.461714,-34.690599],[-58.461679,-34.690572],[-58.461627,-34.690528],[-58.461118,-34.690068],[-58.460482,-34.689493]]}},{"type":"Feature","properties":{"name":"Avenida Piedra Buena","ref":null,"osm":"way/531330775"},"geometry":{"type":"LineString","coordinates":[[-58.48999,-34.67591],[-58.489812,-34.676091],[-58.489544,-34.676331],[-58.489385,-34.676479]]}},{"type":"Feature","properties":{"name":"Avenida Intendente Francisco Rabanal","ref":null,"osm":"way/531334842"},"geometry":{"type":"LineString","coordinates":[[-58.43376,-34.661839],[-58.434792,-34.662309],[-58.434894,-34.662359]]}},{"type":"Feature","properties":{"name":"California","ref":null,"osm":"way/531453175"},"geometry":{"type":"LineString","coordinates":[[-58.376441,-34.647547],[-58.375569,-34.647313],[-58.37532,-34.647247]]}},{"type":"Feature","properties":{"name":"Hipólito Vieytes","ref":null,"osm":"way/531453188"},"geometry":{"type":"LineString","coordinates":[[-58.37711,-34.648942],[-58.376671,-34.650196]]}},{"type":"Feature","properties":{"name":"Avenida General Iriarte","ref":null,"osm":"way/531453197"},"geometry":{"type":"LineString","coordinates":[[-58.404643,-34.650514],[-58.403476,-34.650752],[-58.403272,-34.650794]]}},{"type":"Feature","properties":{"name":"Avenida General Iriarte","ref":null,"osm":"way/531453198"},"geometry":{"type":"LineString","coordinates":[[-58.404739,-34.650411],[-58.404897,-34.650357],[-58.405062,-34.650286],[-58.405094,-34.650272],[-58.405188,-34.650225]]}},{"type":"Feature","properties":{"name":"Avenida General Iriarte","ref":null,"osm":"way/531453199"},"geometry":{"type":"LineString","coordinates":[[-58.403492,-34.650663],[-58.403864,-34.650579],[-58.404739,-34.650411]]}},{"type":"Feature","properties":{"name":"Avenida Suárez","ref":null,"osm":"way/531461405"},"geometry":{"type":"LineString","coordinates":[[-58.379753,-34.64208],[-58.379609,-34.641987]]}},{"type":"Feature","properties":{"name":"Avenida San Martín","ref":null,"osm":"way/534659645"},"geometry":{"type":"LineString","coordinates":[[-58.509739,-34.592216],[-58.509088,-34.592453],[-58.508963,-34.592503]]}},{"type":"Feature","properties":{"name":"Avenida Triunvirato","ref":null,"osm":"way/534867022"},"geometry":{"type":"LineString","coordinates":[[-58.48888,-34.572331],[-58.488068,-34.572972]]}},{"type":"Feature","properties":{"name":null,"ref":null,"osm":"way/542358673"},"geometry":{"type":"LineString","coordinates":[[-58.41737,-34.562047],[-58.417053,-34.562309],[-58.41699,-34.562381],[-58.416945,-34.562452],[-58.41692,-34.562514]]}},{"type":"Feature","properties":{"name":"Avenida Leopoldo Lugones","ref":"AV1-N","osm":"way/542358675"},"geometry":{"type":"LineString","coordinates":[[-58.424731,-34.556402],[-58.423664,-34.557131]]}},{"type":"Feature","properties":{"name":"Avenida Leopoldo Lugones","ref":"AV1-N","osm":"way/542358677"},"geometry":{"type":"LineString","coordinates":[[-58.431557,-34.552259],[-58.430451,-34.552873],[-58.429345,-34.553475],[-58.428046,-34.554205],[-58.427337,-34.554644],[-58.426538,-34.555177],[-58.424731,-34.556402]]}},{"type":"Feature","properties":{"name":"Avenida de los Constituyentes","ref":null,"osm":"way/544268793"},"geometry":{"type":"LineString","coordinates":[[-58.493453,-34.580876],[-58.493323,-34.580962],[-58.493282,-34.58099],[-58.492813,-34.581364],[-58.492539,-34.581583]]}},{"type":"Feature","properties":{"name":"Avenida de los Constituyentes","ref":null,"osm":"way/544268794"},"geometry":{"type":"LineString","coordinates":[[-58.496895,-34.578242],[-58.496096,-34.578866]]}},{"type":"Feature","properties":{"name":"Avenida de los Constituyentes","ref":null,"osm":"way/544268796"},"geometry":{"type":"LineString","coordinates":[[-58.495198,-34.57957],[-58.493766,-34.580653]]}},{"type":"Feature","properties":{"name":"Autopista 25 de Mayo","ref":"AU1","osm":"way/545321179"},"geometry":{"type":"LineString","coordinates":[[-58.375898,-34.623021],[-58.375482,-34.623018],[-58.375094,-34.623005],[-58.374634,-34.622983],[-58.374269,-34.622955],[-58.37394,-34.622926],[-58.373576,-34.622885],[-58.373229,-34.622844],[-58.372857,-34.622805]]}},{"type":"Feature","properties":{"name":null,"ref":null,"osm":"way/545326863"},"geometry":{"type":"LineString","coordinates":[[-58.376239,-34.642775],[-58.376152,-34.643016],[-58.375976,-34.643499]]}},{"type":"Feature","properties":{"name":"Autopista Presidente Arturo Frondizi","ref":"AV1-Sur","osm":"way/548019666"},"geometry":{"type":"LineString","coordinates":[[-58.379034,-34.627569],[-58.379153,-34.627186]]}},{"type":"Feature","properties":{"name":"Autopista Presidente Arturo Frondizi","ref":"AV1-Sur","osm":"way/548019668"},"geometry":{"type":"LineString","coordinates":[[-58.375701,-34.643216],[-58.3759,-34.642272],[-58.376705,-34.638132]]}},{"type":"Feature","properties":{"name":"Autopista Presidente Arturo Frondizi","ref":"AV1-Sur","osm":"way/548019669"},"geometry":{"type":"LineString","coordinates":[[-58.375534,-34.644028],[-58.375632,-34.643553],[-58.375701,-34.643216]]}},{"type":"Feature","properties":{"name":"Autopista Presidente Arturo Frondizi","ref":"AV1-Sur","osm":"way/548019670"},"geometry":{"type":"LineString","coordinates":[[-58.376705,-34.638132],[-58.376882,-34.637238],[-58.376992,-34.636716],[-58.377121,-34.636147],[-58.377195,-34.635837],[-58.377258,-34.635597],[-58.377334,-34.635344],[-58.377414,-34.635076],[-58.377505,-34.634773],[-58.377722,-34.6342]]}},{"type":"Feature","properties":{"name":"Donado","ref":null,"osm":"way/552219420"},"geometry":{"type":"LineString","coordinates":[[-58.490134,-34.552933],[-58.489707,-34.553558]]}},{"type":"Feature","properties":{"name":"Avenida Lacarra","ref":null,"osm":"way/553137600"},"geometry":{"type":"LineString","coordinates":[[-58.466636,-34.65169],[-58.466734,-34.651615],[-58.467346,-34.651163]]}},{"type":"Feature","properties":{"name":"Avenida Lacarra","ref":null,"osm":"way/553137601"},"geometry":{"type":"LineString","coordinates":[[-58.467854,-34.65082],[-58.467979,-34.65072],[-58.468123,-34.650606],[-58.468194,-34.650549],[-58.468854,-34.650012],[-58.469211,-34.649722]]}},{"type":"Feature","properties":{"name":"Autopista Teniente General Luis Dellepiane","ref":null,"osm":"way/553269822"},"geometry":{"type":"LineString","coordinates":[[-58.468329,-34.653666],[-58.46797,-34.653015],[-58.467521,-34.652307],[-58.467173,-34.651818]]}},{"type":"Feature","properties":{"name":"Autopista Teniente General Luis Dellepiane","ref":null,"osm":"way/553269827"},"geometry":{"type":"LineString","coordinates":[[-58.466978,-34.651559],[-58.466755,-34.651262]]}},{"type":"Feature","properties":{"name":"Avenida General Paz","ref":null,"osm":"way/554281337"},"geometry":{"type":"LineString","coordinates":[[-58.468432,-34.535534],[-58.468569,-34.535592]]}},{"type":"Feature","properties":{"name":"Avenida General Paz","ref":null,"osm":"way/554281338"},"geometry":{"type":"LineString","coordinates":[[-58.464022,-34.534237],[-58.464268,-34.534257],[-58.464521,-34.534286],[-58.464816,-34.534328],[-58.465172,-34.534392],[-58.465446,-34.534454],[-58.465739,-34.534533]]}},{"type":"Feature","properties":{"name":"Avenida Intendente Cantilo","ref":"AV1-N","osm":"way/554281339"},"geometry":{"type":"LineString","coordinates":[[-58.441116,-34.546477],[-58.44222,-34.545877],[-58.442687,-34.545623]]}},{"type":"Feature","properties":{"name":"Avenida Intendente Cantilo","ref":"AV1-N","osm":"way/554281340"},"geometry":{"type":"LineString","coordinates":[[-58.436529,-34.549021],[-58.438541,-34.547909],[-58.438872,-34.547722],[-58.440677,-34.546738],[-58.441116,-34.546477]]}},{"type":"Feature","properties":{"name":"Donado","ref":null,"osm":"way/556914163"},"geometry":{"type":"LineString","coordinates":[[-58.490257,-34.552758],[-58.490181,-34.552866]]}},{"type":"Feature","properties":{"name":"Avenida Leopoldo Lugones","ref":"AV1-N","osm":"way/560221793"},"geometry":{"type":"LineString","coordinates":[[-58.460844,-34.536698],[-58.460197,-34.537177],[-58.45958,-34.537645],[-58.459415,-34.537766]]}},{"type":"Feature","properties":{"name":"Avenida Juan Bautista Justo","ref":null,"osm":"way/560802651"},"geometry":{"type":"LineString","coordinates":[[-58.528997,-34.634839],[-58.528709,-34.634849]]}},{"type":"Feature","properties":{"name":"Avenida Juan Bautista Justo","ref":null,"osm":"way/560802652"},"geometry":{"type":"LineString","coordinates":[[-58.528739,-34.634771],[-58.528905,-34.634767],[-58.52907,-34.634761]]}},{"type":"Feature","properties":{"name":"Avenida Elcano","ref":null,"osm":"way/563150347"},"geometry":{"type":"LineString","coordinates":[[-58.460461,-34.585151],[-58.460491,-34.585016]]}},{"type":"Feature","properties":{"name":"Avenida Triunvirato","ref":null,"osm":"way/563150348"},"geometry":{"type":"LineString","coordinates":[[-58.461001,-34.58515],[-58.46075,-34.585153]]}},{"type":"Feature","properties":{"name":"Avenida Triunvirato","ref":null,"osm":"way/564314770"},"geometry":{"type":"LineString","coordinates":[[-58.46064,-34.585155],[-58.460461,-34.585151]]}},{"type":"Feature","properties":{"name":"Avenida Triunvirato","ref":null,"osm":"way/564846582"},"geometry":{"type":"LineString","coordinates":[[-58.46075,-34.585153],[-58.46064,-34.585155]]}},{"type":"Feature","properties":{"name":"Avenida Presidente Ramón S. Castillo","ref":null,"osm":"way/567215923"},"geometry":{"type":"LineString","coordinates":[[-58.395217,-34.572185],[-58.394825,-34.572414]]}},{"type":"Feature","properties":{"name":"Avenida Presidente Ramón S. Castillo","ref":null,"osm":"way/567215924"},"geometry":{"type":"LineString","coordinates":[[-58.394825,-34.572414],[-58.39453,-34.572585],[-58.394378,-34.572674],[-58.393923,-34.572941]]}},{"type":"Feature","properties":{"name":"Autopista Perito Moreno","ref":"AU6","osm":"way/572364671"},"geometry":{"type":"LineString","coordinates":[[-58.526086,-34.635425],[-58.52615,-34.635399],[-58.526876,-34.635096],[-58.527084,-34.635027]]}},{"type":"Feature","properties":{"name":"Autopista Arturo Illia","ref":"AV1-N","osm":"way/572464707"},"geometry":{"type":"LineString","coordinates":[[-58.393725,-34.575247],[-58.393277,-34.575519]]}},{"type":"Feature","properties":{"name":"Autopista Arturo Illia","ref":"AV1-N","osm":"way/572464712"},"geometry":{"type":"LineString","coordinates":[[-58.403309,-34.569936],[-58.403791,-34.569622],[-58.40528,-34.568626]]}},{"type":"Feature","properties":{"name":"Avenida Intendente Cantilo","ref":"AV1-N","osm":"way/572464716"},"geometry":{"type":"LineString","coordinates":[[-58.456964,-34.538656],[-58.45716,-34.538558],[-58.45735,-34.538455],[-58.45768,-34.53826],[-58.457842,-34.538157],[-58.458,-34.538047],[-58.458181,-34.537914],[-58.458357,-34.53778],[-58.458721,-34.537476]]}},{"type":"Feature","properties":{"name":"Avenida General Paz","ref":null,"osm":"way/615073908"},"geometry":{"type":"LineString","coordinates":[[-58.484285,-34.542432],[-58.484972,-34.542709],[-58.486032,-34.543122]]}},{"type":"Feature","properties":{"name":"Avenida General Paz","ref":null,"osm":"way/615073909"},"geometry":{"type":"LineString","coordinates":[[-58.483639,-34.542179],[-58.484033,-34.542336]]}},{"type":"Feature","properties":{"name":"Avenida 27 de Febrero","ref":null,"osm":"way/617312936"},"geometry":{"type":"LineString","coordinates":[[-58.455669,-34.698023],[-58.456233,-34.698704],[-58.456346,-34.69884],[-58.460304,-34.70343],[-58.460465,-34.703593]]}},{"type":"Feature","properties":{"name":"Avenida 27 de Febrero","ref":null,"osm":"way/617312937"},"geometry":{"type":"LineString","coordinates":[[-58.460465,-34.703593],[-58.460743,-34.703847]]}},{"type":"Feature","properties":{"name":null,"ref":null,"osm":"way/617444928"},"geometry":{"type":"LineString","coordinates":[[-58.444691,-34.66925],[-58.445492,-34.66866],[-58.446313,-34.6681]]}},{"type":"Feature","properties":{"name":"Autopista Teniente General Luis Dellepiane","ref":"RNA002","osm":"way/623832902"},"geometry":{"type":"LineString","coordinates":[[-58.484329,-34.685601],[-58.485157,-34.686612]]}},{"type":"Feature","properties":{"name":"Autopista Teniente General Luis Dellepiane","ref":null,"osm":"way/623832904"},"geometry":{"type":"LineString","coordinates":[[-58.482032,-34.683132],[-58.48312,-34.684219],[-58.483455,-34.684574],[-58.483792,-34.684954]]}},{"type":"Feature","properties":{"name":"Autopista Teniente General Luis Dellepiane","ref":null,"osm":"way/623832909"},"geometry":{"type":"LineString","coordinates":[[-58.478253,-34.675535],[-58.478696,-34.6764]]}},{"type":"Feature","properties":{"name":"Autopista Teniente General Luis Dellepiane","ref":null,"osm":"way/623832910"},"geometry":{"type":"LineString","coordinates":[[-58.477793,-34.674826],[-58.47725,-34.673542]]}},{"type":"Feature","properties":{"name":"Autopista Teniente General Luis Dellepiane","ref":null,"osm":"way/623832911"},"geometry":{"type":"LineString","coordinates":[[-58.47605,-34.670502],[-58.476772,-34.672118]]}},{"type":"Feature","properties":{"name":"Autopista Teniente General Luis Dellepiane","ref":null,"osm":"way/623832914"},"geometry":{"type":"LineString","coordinates":[[-58.476643,-34.672166],[-58.476031,-34.670833],[-58.475232,-34.669189]]}},{"type":"Feature","properties":{"name":"Autopista Teniente General Luis Dellepiane","ref":null,"osm":"way/623832919"},"geometry":{"type":"LineString","coordinates":[[-58.472679,-34.662942],[-58.473407,-34.664541],[-58.474158,-34.666256],[-58.474517,-34.666952],[-58.474877,-34.667714]]}},{"type":"Feature","properties":{"name":"Autopista Teniente General Luis Dellepiane","ref":null,"osm":"way/623832924"},"geometry":{"type":"LineString","coordinates":[[-58.473259,-34.66461],[-58.472553,-34.663022]]}},{"type":"Feature","properties":{"name":"Autopista Teniente General Luis Dellepiane","ref":null,"osm":"way/623832929"},"geometry":{"type":"LineString","coordinates":[[-58.471816,-34.660983],[-58.472315,-34.662117]]}},{"type":"Feature","properties":{"name":"Autopista Teniente General Luis Dellepiane","ref":null,"osm":"way/623832932"},"geometry":{"type":"LineString","coordinates":[[-58.471816,-34.661388],[-58.471452,-34.660613],[-58.471041,-34.659782],[-58.470856,-34.659408]]}},{"type":"Feature","properties":{"name":"Autopista Teniente General Luis Dellepiane","ref":null,"osm":"way/623832933"},"geometry":{"type":"LineString","coordinates":[[-58.470064,-34.656993],[-58.470502,-34.657906],[-58.470919,-34.658809],[-58.471281,-34.659631],[-58.471646,-34.660584],[-58.471816,-34.660983]]}},{"type":"Feature","properties":{"name":"Autopista Teniente General Luis Dellepiane","ref":null,"osm":"way/623832934"},"geometry":{"type":"LineString","coordinates":[[-58.468797,-34.654617],[-58.468764,-34.654541],[-58.468708,-34.654413],[-58.468329,-34.653666]]}},{"type":"Feature","properties":{"name":null,"ref":null,"osm":"way/623832935"},"geometry":{"type":"LineString","coordinates":[[-58.468422,-34.654079],[-58.467609,-34.653134]]}},{"type":"Feature","properties":{"name":null,"ref":null,"osm":"way/623832936"},"geometry":{"type":"LineString","coordinates":[[-58.463236,-34.654212],[-58.463778,-34.653663],[-58.464204,-34.65331],[-58.464677,-34.652918],[-58.465513,-34.65223],[-58.4657,-34.652058]]}},{"type":"Feature","properties":{"name":"Autopista Teniente General Luis Dellepiane","ref":null,"osm":"way/623832937"},"geometry":{"type":"LineString","coordinates":[[-58.465833,-34.649736],[-58.466065,-34.649992]]}},{"type":"Feature","properties":{"name":"Autopista 25 de Mayo","ref":"AU1","osm":"way/623832943"},"geometry":{"type":"LineString","coordinates":[[-58.39653,-34.624622],[-58.396745,-34.624669]]}},{"type":"Feature","properties":{"name":null,"ref":null,"osm":"way/623832948"},"geometry":{"type":"LineString","coordinates":[[-58.381548,-34.623297],[-58.381491,-34.623335],[-58.381455,-34.623362]]}},{"type":"Feature","properties":{"name":"Avenida 27 de Febrero","ref":null,"osm":"way/623971142"},"geometry":{"type":"LineString","coordinates":[[-58.43976,-34.679186],[-58.44027,-34.679801],[-58.440405,-34.679964]]}},{"type":"Feature","properties":{"name":"Avenida 27 de Febrero","ref":null,"osm":"way/623971147"},"geometry":{"type":"LineString","coordinates":[[-58.436734,-34.675557],[-58.437005,-34.675771],[-58.437386,-34.676027],[-58.437922,-34.676335]]}},{"type":"Feature","properties":{"name":"Avenida Álvarez Thomas","ref":null,"osm":"way/624157344"},"geometry":{"type":"LineString","coordinates":[[-58.482514,-34.572067],[-58.482623,-34.571985],[-58.483371,-34.571416]]}},{"type":"Feature","properties":{"name":"Autopista Perito Moreno","ref":"AU6","osm":"way/624426682"},"geometry":{"type":"LineString","coordinates":[[-58.527543,-34.635097],[-58.527195,-34.635187],[-58.526818,-34.635305],[-58.526546,-34.635406],[-58.526339,-34.635494]]}},{"type":"Feature","properties":{"name":"Autopista Perito Moreno","ref":"AU6","osm":"way/624426683"},"geometry":{"type":"LineString","coordinates":[[-58.504099,-34.636171],[-58.504456,-34.6362],[-58.505218,-34.63622],[-58.505577,-34.636216],[-58.505888,-34.6362],[-58.506486,-34.636166],[-58.506964,-34.636106],[-58.507377,-34.636039],[-58.507978,-34.635924],[-58.510301,-34.635226],[-58.510584,-34.635152],[-58.510842,-34.635101],[-58.511218,-34.635054],[-58.51195,-34.635016],[-58.512699,-34.635044],[-58.514897,-34.635257],[-58.515974,-34.635409],[-58.517045,-34.635592],[-58.517466,-34.63568],[-58.517842,-34.635778],[-58.518364,-34.635928],[-58.518957,-34.636115],[-58.519523,-34.636292]]}},{"type":"Feature","properties":{"name":"Autopista Perito Moreno","ref":"AU6","osm":"way/624426684"},"geometry":{"type":"LineString","coordinates":[[-58.486159,-34.645311],[-58.486484,-34.64516],[-58.486998,-34.644868],[-58.487292,-34.644687],[-58.487637,-34.644499],[-58.487799,-34.644395],[-58.488122,-34.64419],[-58.488853,-34.643688],[-58.489299,-34.643341],[-58.489932,-34.642807],[-58.490752,-34.642082],[-58.490772,-34.642065],[-58.491958,-34.640972],[-58.492498,-34.640413],[-58.49292,-34.639941],[-58.4933,-34.639486],[-58.493612,-34.639089],[-58.494241,-34.638266],[-58.494589,-34.637811]]}},{"type":"Feature","properties":{"name":"Autopista Perito Moreno","ref":"AU6","osm":"way/624426685"},"geometry":{"type":"LineString","coordinates":[[-58.481622,-34.647066],[-58.481763,-34.647018],[-58.483051,-34.646582],[-58.484196,-34.646172],[-58.485023,-34.645854],[-58.485738,-34.645521],[-58.486159,-34.645311]]}},{"type":"Feature","properties":{"name":"Autopista Perito Moreno","ref":"AU6","osm":"way/624426686"},"geometry":{"type":"LineString","coordinates":[[-58.471896,-34.649404],[-58.470754,-34.649453],[-58.469976,-34.64949]]}},{"type":"Feature","properties":{"name":null,"ref":null,"osm":"way/624426687"},"geometry":{"type":"LineString","coordinates":[[-58.468899,-34.6497],[-58.468138,-34.649759]]}},{"type":"Feature","properties":{"name":null,"ref":null,"osm":"way/624426688"},"geometry":{"type":"LineString","coordinates":[[-58.468138,-34.649759],[-58.466886,-34.649839]]}},{"type":"Feature","properties":{"name":"Autopista Presidente Héctor José Cámpora","ref":"AU7","osm":"way/624426689"},"geometry":{"type":"LineString","coordinates":[[-58.463686,-34.65385],[-58.464464,-34.653333],[-58.465191,-34.65276],[-58.466539,-34.651762],[-58.466636,-34.65169]]}},{"type":"Feature","properties":{"name":"Autopista Presidente Héctor José Cámpora","ref":"AU7","osm":"way/624426690"},"geometry":{"type":"LineString","coordinates":[[-58.463236,-34.654212],[-58.463686,-34.65385]]}},{"type":"Feature","properties":{"name":"Autopista Presidente Héctor José Cámpora","ref":"AU7","osm":"way/624426691"},"geometry":{"type":"LineString","coordinates":[[-58.459923,-34.657022],[-58.460528,-34.656498],[-58.460964,-34.656099],[-58.461682,-34.65546]]}},{"type":"Feature","properties":{"name":"Autopista Presidente Héctor José Cámpora","ref":"AU7","osm":"way/624426692"},"geometry":{"type":"LineString","coordinates":[[-58.461273,-34.655978],[-58.460665,-34.656493],[-58.460049,-34.657045]]}},{"type":"Feature","properties":{"name":"Autopista Presidente Héctor José Cámpora","ref":"AU7","osm":"way/624426693"},"geometry":{"type":"LineString","coordinates":[[-58.45424,-34.661637],[-58.459509,-34.657364]]}},{"type":"Feature","properties":{"name":"Autopista Presidente Héctor José Cámpora","ref":"AU7","osm":"way/624426694"},"geometry":{"type":"LineString","coordinates":[[-58.441432,-34.671023],[-58.442616,-34.670546]]}},{"type":"Feature","properties":{"name":null,"ref":null,"osm":"way/624430263"},"geometry":{"type":"LineString","coordinates":[[-58.379533,-34.625759],[-58.379587,-34.625548]]}},{"type":"Feature","properties":{"name":null,"ref":null,"osm":"way/624430264"},"geometry":{"type":"LineString","coordinates":[[-58.377056,-34.638922],[-58.37697,-34.639721]]}},{"type":"Feature","properties":{"name":"Autopista Presidente Arturo Frondizi","ref":"AV1-Sur","osm":"way/624430265"},"geometry":{"type":"LineString","coordinates":[[-58.376788,-34.639262],[-58.376468,-34.64086],[-58.376324,-34.641585],[-58.376212,-34.642157],[-58.375976,-34.643499]]}},{"type":"Feature","properties":{"name":"Autopista Presidente Arturo Frondizi","ref":"AV1-Sur","osm":"way/624430266"},"geometry":{"type":"LineString","coordinates":[[-58.377962,-34.63424],[-58.377735,-34.635024],[-58.377658,-34.635306],[-58.377538,-34.635752],[-58.377434,-34.636158],[-58.377371,-34.636445]]}},{"type":"Feature","properties":{"name":"Autopista Presidente Arturo Frondizi","ref":"AV1-Sur","osm":"way/624430267"},"geometry":{"type":"LineString","coordinates":[[-58.374633,-34.647095],[-58.374716,-34.646899],[-58.374901,-34.646415],[-58.374999,-34.646147],[-58.375098,-34.645852],[-58.375194,-34.64554],[-58.375268,-34.645263],[-58.375378,-34.644796],[-58.375437,-34.644517],[-58.375534,-34.644028]]}},{"type":"Feature","properties":{"name":null,"ref":null,"osm":"way/624430268"},"geometry":{"type":"LineString","coordinates":[[-58.371932,-34.652998],[-58.37211,-34.652243]]}},{"type":"Feature","properties":{"name":"Avenida 27 de Febrero","ref":null,"osm":"way/624700730"},"geometry":{"type":"LineString","coordinates":[[-58.43128,-34.6691],[-58.431477,-34.669344],[-58.431674,-34.669586],[-58.43207,-34.67005],[-58.432508,-34.670537]]}},{"type":"Feature","properties":{"name":"Avenida Leopoldo Lugones","ref":"AV1-N","osm":"way/624774257"},"geometry":{"type":"LineString","coordinates":[[-58.451999,-34.541164],[-58.45191,-34.541205],[-58.451557,-34.541367],[-58.451198,-34.541553],[-58.450258,-34.542079],[-58.449266,-34.542628]]}},{"type":"Feature","properties":{"name":"Autopista Arturo Illia","ref":"AV1-N","osm":"way/624774258"},"geometry":{"type":"LineString","coordinates":[[-58.393277,-34.575519],[-58.392746,-34.575838]]}},{"type":"Feature","properties":{"name":"Avenida Eva Perón","ref":null,"osm":"way/625418526"},"geometry":{"type":"LineString","coordinates":[[-58.487118,-34.662798],[-58.486054,-34.662483],[-58.485954,-34.66244]]}},{"type":"Feature","properties":{"name":"Avenida Eva Perón","ref":null,"osm":"way/625454135"},"geometry":{"type":"LineString","coordinates":[[-58.485356,-34.662061],[-58.485023,-34.661865]]}},{"type":"Feature","properties":{"name":"Avenida Eva Perón","ref":null,"osm":"way/625454141"},"geometry":{"type":"LineString","coordinates":[[-58.485023,-34.661865],[-58.484128,-34.66132]]}},{"type":"Feature","properties":{"name":"Avenida Eva Perón","ref":null,"osm":"way/625454143"},"geometry":{"type":"LineString","coordinates":[[-58.485954,-34.66244],[-58.485866,-34.662388],[-58.485356,-34.662061]]}},{"type":"Feature","properties":{"name":"Avenida Eva Perón","ref":null,"osm":"way/625454147"},"geometry":{"type":"LineString","coordinates":[[-58.481428,-34.659552],[-58.480829,-34.659175]]}},{"type":"Feature","properties":{"name":"Avenida Eva Perón","ref":null,"osm":"way/625454154"},"geometry":{"type":"LineString","coordinates":[[-58.480829,-34.659175],[-58.48051,-34.658974]]}},{"type":"Feature","properties":{"name":"Avenida Eva Perón","ref":null,"osm":"way/625454156"},"geometry":{"type":"LineString","coordinates":[[-58.48051,-34.658974],[-58.48028,-34.65882],[-58.479849,-34.658517]]}},{"type":"Feature","properties":{"name":"Avenida Eva Perón","ref":null,"osm":"way/625454160"},"geometry":{"type":"LineString","coordinates":[[-58.479849,-34.658517],[-58.479645,-34.65839]]}},{"type":"Feature","properties":{"name":"Avenida Eva Perón","ref":null,"osm":"way/625454167"},"geometry":{"type":"LineString","coordinates":[[-58.479645,-34.65839],[-58.479359,-34.658206]]}},{"type":"Feature","properties":{"name":"Avenida Eva Perón","ref":null,"osm":"way/625454170"},"geometry":{"type":"LineString","coordinates":[[-58.477958,-34.657119],[-58.477514,-34.656714]]}},{"type":"Feature","properties":{"name":"Avenida Eva Perón","ref":null,"osm":"way/625454172"},"geometry":{"type":"LineString","coordinates":[[-58.478186,-34.657325],[-58.477958,-34.657119]]}},{"type":"Feature","properties":{"name":"Avenida Eva Perón","ref":null,"osm":"way/625454180"},"geometry":{"type":"LineString","coordinates":[[-58.477023,-34.65625],[-58.476938,-34.656175],[-58.476881,-34.656124],[-58.47667,-34.655937],[-58.476562,-34.65584]]}},{"type":"Feature","properties":{"name":"Avenida Eva Perón","ref":null,"osm":"way/625454181"},"geometry":{"type":"LineString","coordinates":[[-58.477514,-34.656714],[-58.477023,-34.65625]]}},{"type":"Feature","properties":{"name":"Avenida Eva Perón","ref":null,"osm":"way/625454187"},"geometry":{"type":"LineString","coordinates":[[-58.476562,-34.65584],[-58.476266,-34.655572],[-58.475518,-34.654894]]}},{"type":"Feature","properties":{"name":"Avenida Eva Perón","ref":null,"osm":"way/625454193"},"geometry":{"type":"LineString","coordinates":[[-58.474096,-34.653602],[-58.473956,-34.653473],[-58.473818,-34.653347],[-58.473682,-34.653222]]}},{"type":"Feature","properties":{"name":"Avenida Eva Perón","ref":null,"osm":"way/625454195"},"geometry":{"type":"LineString","coordinates":[[-58.475171,-34.654584],[-58.474717,-34.654165]]}},{"type":"Feature","properties":{"name":"Avenida Eva Perón","ref":null,"osm":"way/625454197"},"geometry":{"type":"LineString","coordinates":[[-58.473682,-34.653222],[-58.473638,-34.653183],[-58.473257,-34.652838]]}},{"type":"Feature","properties":{"name":"Avenida Eva Perón","ref":null,"osm":"way/625454199"},"geometry":{"type":"LineString","coordinates":[[-58.472576,-34.652206],[-58.472224,-34.651891],[-58.47205,-34.651732]]}},{"type":"Feature","properties":{"name":"Avenida Eva Perón","ref":null,"osm":"way/625454205"},"geometry":{"type":"LineString","coordinates":[[-58.47205,-34.651732],[-58.471156,-34.650917],[-58.471074,-34.650842],[-58.470957,-34.650735],[-58.470824,-34.650614]]}},{"type":"Feature","properties":{"name":"Avenida Eva Perón","ref":null,"osm":"way/625454209"},"geometry":{"type":"LineString","coordinates":[[-58.468195,-34.647566],[-58.467948,-34.647217]]}},{"type":"Feature","properties":{"name":"Avenida Eva Perón","ref":null,"osm":"way/625454211"},"geometry":{"type":"LineString","coordinates":[[-58.468437,-34.64791],[-58.468412,-34.647875],[-58.468301,-34.647721],[-58.468266,-34.647669],[-58.468195,-34.647566]]}},{"type":"Feature","properties":{"name":"Avenida Eva Perón","ref":null,"osm":"way/625454219"},"geometry":{"type":"LineString","coordinates":[[-58.467552,-34.646648],[-58.467444,-34.646495],[-58.467257,-34.64623],[-58.46711,-34.645988]]}},{"type":"Feature","properties":{"name":"Avenida Eva Perón","ref":null,"osm":"way/625454224"},"geometry":{"type":"LineString","coordinates":[[-58.464878,-34.64484],[-58.465033,-34.644911],[-58.466015,-34.645354]]}},{"type":"Feature","properties":{"name":"Avenida Eva Perón","ref":null,"osm":"way/625454232"},"geometry":{"type":"LineString","coordinates":[[-58.463809,-34.644359],[-58.464057,-34.644465],[-58.464391,-34.644619]]}},{"type":"Feature","properties":{"name":"Avenida Eva Perón","ref":null,"osm":"way/625454234"},"geometry":{"type":"LineString","coordinates":[[-58.463426,-34.644176],[-58.463809,-34.644359]]}},{"type":"Feature","properties":{"name":null,"ref":null,"osm":"way/625810437"},"geometry":{"type":"LineString","coordinates":[[-58.483559,-34.687428],[-58.483597,-34.687386]]}},{"type":"Feature","properties":{"name":"Avenida General Paz","ref":null,"osm":"way/625810454"},"geometry":{"type":"LineString","coordinates":[[-58.466548,-34.535519],[-58.466472,-34.535465],[-58.466347,-34.535369]]}},{"type":"Feature","properties":{"name":"Avenida General Paz","ref":null,"osm":"way/625810455"},"geometry":{"type":"LineString","coordinates":[[-58.465602,-34.534874],[-58.465512,-34.53485]]}},{"type":"Feature","properties":{"name":"Avenida Vélez Sársfield","ref":null,"osm":"way/627861844"},"geometry":{"type":"LineString","coordinates":[[-58.389861,-34.640627],[-58.389876,-34.640436],[-58.389893,-34.640206]]}},{"type":"Feature","properties":{"name":"Avenida Vélez Sársfield","ref":null,"osm":"way/627861845"},"geometry":{"type":"LineString","coordinates":[[-58.389666,-34.642824],[-58.389668,-34.642773],[-58.389686,-34.64262],[-58.389692,-34.64256],[-58.389696,-34.642521],[-58.389745,-34.642012],[-58.389756,-34.641901],[-58.389765,-34.641806],[-58.389775,-34.641678],[-58.389815,-34.641189],[-58.389827,-34.64104],[-58.389861,-34.640627]]}},{"type":"Feature","properties":{"name":"Avenida Vélez Sársfield","ref":null,"osm":"way/627861847"},"geometry":{"type":"LineString","coordinates":[[-58.389472,-34.645425],[-58.38957,-34.644105]]}},{"type":"Feature","properties":{"name":"Avenida Vélez Sársfield","ref":null,"osm":"way/627861848"},"geometry":{"type":"LineString","coordinates":[[-58.389419,-34.646089],[-58.389428,-34.645981],[-58.389428,-34.645971],[-58.389439,-34.645842],[-58.389441,-34.645814],[-58.389443,-34.645787],[-58.38945,-34.645697],[-58.389455,-34.645642],[-58.389472,-34.645425]]}},{"type":"Feature","properties":{"name":"Avenida Vélez Sársfield","ref":null,"osm":"way/627861850"},"geometry":{"type":"LineString","coordinates":[[-58.389245,-34.648268],[-58.38936,-34.646821]]}},{"type":"Feature","properties":{"name":"Avenida Vélez Sársfield","ref":null,"osm":"way/627861856"},"geometry":{"type":"LineString","coordinates":[[-58.389136,-34.649697],[-58.389245,-34.648268]]}},{"type":"Feature","properties":{"name":"Avenida Vélez Sársfield","ref":null,"osm":"way/627861859"},"geometry":{"type":"LineString","coordinates":[[-58.389031,-34.650912],[-58.389042,-34.650751],[-58.389111,-34.649973],[-58.389136,-34.649697]]}},{"type":"Feature","properties":{"name":"Avenida Vélez Sársfield","ref":null,"osm":"way/627861863"},"geometry":{"type":"LineString","coordinates":[[-58.389011,-34.651134],[-58.389031,-34.650912]]}},{"type":"Feature","properties":{"name":"Avenida General Iriarte","ref":null,"osm":"way/627861866"},"geometry":{"type":"LineString","coordinates":[[-58.389011,-34.651134],[-58.389166,-34.651146],[-58.390645,-34.651226],[-58.391434,-34.651268],[-58.392111,-34.651303],[-58.392245,-34.65131]]}},{"type":"Feature","properties":{"name":"Avenida Vélez Sársfield","ref":null,"osm":"way/627861869"},"geometry":{"type":"LineString","coordinates":[[-58.389007,-34.6512],[-58.389011,-34.651134]]}},{"type":"Feature","properties":{"name":"Avenida Vélez Sársfield","ref":null,"osm":"way/627861873"},"geometry":{"type":"LineString","coordinates":[[-58.388907,-34.652427],[-58.388956,-34.651816],[-58.388987,-34.651435],[-58.389007,-34.6512]]}},{"type":"Feature","properties":{"name":"Avenida Vélez Sársfield","ref":null,"osm":"way/627861875"},"geometry":{"type":"LineString","coordinates":[[-58.388707,-34.654901],[-58.388772,-34.654187],[-58.388803,-34.65383]]}},{"type":"Feature","properties":{"name":"Avenida Vélez Sársfield","ref":null,"osm":"way/627861878"},"geometry":{"type":"LineString","coordinates":[[-58.388614,-34.656195],[-58.388657,-34.655614]]}},{"type":"Feature","properties":{"name":"Avenida Vélez Sársfield","ref":null,"osm":"way/627861881"},"geometry":{"type":"LineString","coordinates":[[-58.38844,-34.658198],[-58.388458,-34.657976],[-58.388521,-34.657201],[-58.388528,-34.657118],[-58.388543,-34.656923]]}},{"type":"Feature","properties":{"name":"Autopista Teniente General Luis Dellepiane","ref":null,"osm":"way/629141062"},"geometry":{"type":"LineString","coordinates":[[-58.478696,-34.6764],[-58.478989,-34.677072],[-58.479358,-34.677904],[-58.479416,-34.678024],[-58.479488,-34.678153]]}},{"type":"Feature","properties":{"name":"Avenida Teniente General Luis Dellepiane","ref":null,"osm":"way/629141063"},"geometry":{"type":"LineString","coordinates":[[-58.472908,-34.662252],[-58.472927,-34.662295],[-58.472984,-34.662426]]}},{"type":"Feature","properties":{"name":"Zuviría","ref":null,"osm":"way/633723097"},"geometry":{"type":"LineString","coordinates":[[-58.459588,-34.645585],[-58.459567,-34.645572],[-58.459532,-34.64555],[-58.459508,-34.645534]]}},{"type":"Feature","properties":{"name":"Avenida Lafuente","ref":null,"osm":"way/633723098"},"geometry":{"type":"LineString","coordinates":[[-58.460704,-34.644504],[-58.459588,-34.645585]]}},{"type":"Feature","properties":{"name":"Avenida Córdoba","ref":null,"osm":"way/637203330"},"geometry":{"type":"LineString","coordinates":[[-58.439397,-34.588103],[-58.439701,-34.587885],[-58.43998,-34.587699],[-58.440027,-34.587668],[-58.440151,-34.587585],[-58.441022,-34.58702],[-58.44125,-34.586872],[-58.441398,-34.586776]]}},{"type":"Feature","properties":{"name":"Avenida Córdoba","ref":null,"osm":"way/637203331"},"geometry":{"type":"LineString","coordinates":[[-58.437114,-34.589606],[-58.437558,-34.589312],[-58.43805,-34.588985]]}},{"type":"Feature","properties":{"name":"Avenida Perito Moreno","ref":null,"osm":"way/639566419"},"geometry":{"type":"LineString","coordinates":[[-58.431279,-34.650303],[-58.431314,-34.650305],[-58.431404,-34.65031],[-58.431764,-34.650323]]}},{"type":"Feature","properties":{"name":"Avenida Perito Moreno","ref":null,"osm":"way/639566422"},"geometry":{"type":"LineString","coordinates":[[-58.430867,-34.650282],[-58.430933,-34.650285]]}},{"type":"Feature","properties":{"name":"Avenida Eva Perón","ref":null,"osm":"way/640409792"},"geometry":{"type":"LineString","coordinates":[[-58.50011,-34.673147],[-58.499734,-34.672947]]}},{"type":"Feature","properties":{"name":"Avenida Eva Perón","ref":null,"osm":"way/640409795"},"geometry":{"type":"LineString","coordinates":[[-58.493948,-34.668281],[-58.493807,-34.668133],[-58.493724,-34.668045],[-58.493619,-34.667935]]}},{"type":"Feature","properties":{"name":"Larrazábal","ref":null,"osm":"way/640409797"},"geometry":{"type":"LineString","coordinates":[[-58.488927,-34.663352],[-58.489063,-34.663254]]}},{"type":"Feature","properties":{"name":"Avenida Eva Perón","ref":null,"osm":"way/640409798"},"geometry":{"type":"LineString","coordinates":[[-58.488927,-34.663352],[-58.488853,-34.663316],[-58.488774,-34.663284],[-58.487118,-34.662798]]}},{"type":"Feature","properties":{"name":"Paseo del Bajo - Presidente Dr. Raúl R. Alfonsín","ref":null,"osm":"way/640456527"},"geometry":{"type":"LineString","coordinates":[[-58.390565,-34.576294],[-58.390713,-34.576185],[-58.390845,-34.576048],[-58.391014,-34.575883],[-58.391266,-34.575644],[-58.391527,-34.575448],[-58.391835,-34.575256],[-58.39238,-34.574935]]}},{"type":"Feature","properties":{"name":"Paseo del Bajo - Presidente Dr. Raúl R. Alfonsín","ref":null,"osm":"way/640456528"},"geometry":{"type":"LineString","coordinates":[[-58.393093,-34.575776],[-58.392828,-34.575936],[-58.392535,-34.576137],[-58.392359,-34.576285],[-58.392275,-34.576362],[-58.39219,-34.576436],[-58.392074,-34.576531],[-58.391932,-34.576635],[-58.391755,-34.576721],[-58.391594,-34.576789],[-58.391444,-34.576826],[-58.391264,-34.576852],[-58.390569,-34.576865],[-58.390462,-34.576865],[-58.390352,-34.576879],[-58.390211,-34.576907],[-58.389448,-34.577084],[-58.388697,-34.577263],[-58.385907,-34.577914],[-58.384379,-34.578272],[-58.383381,-34.578515],[-58.383104,-34.578592],[-58.382804,-34.57871],[-58.382512,-34.578844],[-58.382246,-34.578981],[-58.380874,-34.579761],[-58.380609,-34.579868],[-58.380275,-34.579988],[-58.380048,-34.580058],[-58.379851,-34.5801],[-58.37969,-34.580126],[-58.37951,-34.580146],[-58.379363,-34.580152],[-58.379001,-34.580157],[-58.37704,-34.58003],[-58.376799,-34.580023],[-58.376623,-34.580028],[-58.376434,-34.580041],[-58.376232,-34.580066],[-58.376017,-34.580105],[-58.375793,-34.580163],[-58.375576,-34.580235],[-58.375398,-34.580302],[-58.375229,-34.580379],[-58.375106,-34.580445],[-58.374971,-34.580527],[-58.374858,-34.580601],[-58.374729,-34.580695],[-58.374456,-34.580917],[-58.37428,-34.581106],[-58.374196,-34.581212],[-58.374092,-34.581361],[-58.37396,-34.581575],[-58.373899,-34.581697],[-58.373844,-34.581845],[-58.373748,-34.582088],[-58.373656,-34.58237]]}},{"type":"Feature","properties":{"name":"Paseo del Bajo - Presidente Dr. Raúl R. Alfonsín","ref":null,"osm":"way/640456533"},"geometry":{"type":"LineString","coordinates":[[-58.366481,-34.613253],[-58.366534,-34.612792]]}},{"type":"Feature","properties":{"name":"Paseo del Bajo - Presidente Dr. Raúl R. Alfonsín","ref":null,"osm":"way/640456534"},"geometry":{"type":"LineString","coordinates":[[-58.371025,-34.58985],[-58.370924,-34.590154],[-58.370807,-34.590517],[-58.370732,-34.590807],[-58.370713,-34.590897]]}},{"type":"Feature","properties":{"name":"Avenida Perito Moreno","ref":null,"osm":"way/640636497"},"geometry":{"type":"LineString","coordinates":[[-58.461231,-34.650152],[-58.461677,-34.650116],[-58.461983,-34.650091]]}},{"type":"Feature","properties":{"name":"Avenida de los Incas","ref":null,"osm":"way/644174906"},"geometry":{"type":"LineString","coordinates":[[-58.479434,-34.585127],[-58.479566,-34.58523],[-58.479668,-34.58531]]}},{"type":"Feature","properties":{"name":"Avenida Nazca","ref":null,"osm":"way/644884216"},"geometry":{"type":"LineString","coordinates":[[-58.49121,-34.599562],[-58.49034,-34.600813]]}},{"type":"Feature","properties":{"name":"Avenida Nazca","ref":null,"osm":"way/644884221"},"geometry":{"type":"LineString","coordinates":[[-58.491508,-34.599122],[-58.49144,-34.599222],[-58.49121,-34.599562]]}},{"type":"Feature","properties":{"name":null,"ref":null,"osm":"way/647946350"},"geometry":{"type":"LineString","coordinates":[[-58.465828,-34.650936],[-58.465711,-34.650721]]}},{"type":"Feature","properties":{"name":"Autopista 25 de Mayo","ref":"AU1","osm":"way/647946357"},"geometry":{"type":"LineString","coordinates":[[-58.421507,-34.628376],[-58.417697,-34.627785],[-58.416577,-34.62763],[-58.414302,-34.627314],[-58.413444,-34.627205],[-58.412908,-34.62714],[-58.412448,-34.627073],[-58.411934,-34.626998],[-58.411724,-34.626976],[-58.411299,-34.626932],[-58.410911,-34.626901],[-58.408329,-34.626816],[-58.407301,-34.626718],[-58.406394,-34.626613]]}},{"type":"Feature","properties":{"name":"Avenida Juan Bautista Justo","ref":null,"osm":"way/648168789"},"geometry":{"type":"LineString","coordinates":[[-58.43902,-34.590985],[-58.438921,-34.590865],[-58.438832,-34.590727],[-58.438774,-34.590591],[-58.438595,-34.590055],[-58.438565,-34.589958],[-58.438251,-34.589027],[-58.438206,-34.58888]]}},{"type":"Feature","properties":{"name":"Autopista Teniente General Luis Dellepiane","ref":null,"osm":"way/652398701"},"geometry":{"type":"LineString","coordinates":[[-58.464337,-34.647973],[-58.464394,-34.648038]]}},{"type":"Feature","properties":{"name":"Autopista Teniente General Luis Dellepiane","ref":"AU1","osm":"way/652398702"},"geometry":{"type":"LineString","coordinates":[[-58.463996,-34.647493],[-58.46425,-34.647861]]}},{"type":"Feature","properties":{"name":"Autopista Perito Moreno","ref":"AU6","osm":"way/652398703"},"geometry":{"type":"LineString","coordinates":[[-58.477952,-34.648265],[-58.476716,-34.6486],[-58.47547,-34.64895]]}},{"type":"Feature","properties":{"name":"Autopista Perito Moreno","ref":"AU6","osm":"way/652398705"},"geometry":{"type":"LineString","coordinates":[[-58.478096,-34.648231],[-58.478022,-34.648249]]}},{"type":"Feature","properties":{"name":"Autopista Perito Moreno","ref":"AU6","osm":"way/652398707"},"geometry":{"type":"LineString","coordinates":[[-58.477715,-34.647574],[-58.477784,-34.647558]]}},{"type":"Feature","properties":{"name":"Autopista Perito Moreno","ref":"AU6","osm":"way/652398708"},"geometry":{"type":"LineString","coordinates":[[-58.477784,-34.647558],[-58.47786,-34.647542]]}},{"type":"Feature","properties":{"name":"Avenida Eva Perón","ref":null,"osm":"way/654385555"},"geometry":{"type":"LineString","coordinates":[[-58.501052,-34.673653],[-58.500978,-34.673614],[-58.500819,-34.673531],[-58.500676,-34.673453]]}},{"type":"Feature","properties":{"name":"Avenida General Francisco Fernández de La Cruz","ref":null,"osm":"way/654386745"},"geometry":{"type":"LineString","coordinates":[[-58.458733,-34.672611],[-58.459004,-34.672688]]}},{"type":"Feature","properties":{"name":"Paseo del Bajo - Presidente Dr. Raúl R. Alfonsín","ref":null,"osm":"way/654631776"},"geometry":{"type":"LineString","coordinates":[[-58.367132,-34.605407],[-58.367073,-34.606616],[-58.367039,-34.607813]]}},{"type":"Feature","properties":{"name":"Avenida Argentina","ref":null,"osm":"way/654701464"},"geometry":{"type":"LineString","coordinates":[[-58.481024,-34.672949],[-58.479926,-34.672913]]}},{"type":"Feature","properties":{"name":"Avenida Perito Moreno","ref":null,"osm":"way/656870230"},"geometry":{"type":"LineString","coordinates":[[-58.420982,-34.649941],[-58.419963,-34.649897],[-58.419394,-34.649869]]}},{"type":"Feature","properties":{"name":null,"ref":null,"osm":"way/656870237"},"geometry":{"type":"LineString","coordinates":[[-58.443148,-34.651127],[-58.443036,-34.651088]]}},{"type":"Feature","properties":{"name":"Avenida Teniente General Luis Dellepiane","ref":null,"osm":"way/656870239"},"geometry":{"type":"LineString","coordinates":[[-58.464547,-34.649981],[-58.464492,-34.649848]]}},{"type":"Feature","properties":{"name":"Avenida Perito Moreno","ref":null,"osm":"way/656870450"},"geometry":{"type":"LineString","coordinates":[[-58.415822,-34.64962],[-58.416092,-34.649627],[-58.416121,-34.649629],[-58.416208,-34.649633]]}},{"type":"Feature","properties":{"name":"Avenida Perito Moreno","ref":null,"osm":"way/656870451"},"geometry":{"type":"LineString","coordinates":[[-58.413297,-34.64952],[-58.414715,-34.649585],[-58.415822,-34.64962]]}},{"type":"Feature","properties":{"name":"Autopista Teniente General Luis Dellepiane","ref":null,"osm":"way/657044726"},"geometry":{"type":"LineString","coordinates":[[-58.467351,-34.651715],[-58.467667,-34.652218],[-58.468292,-34.653251]]}},{"type":"Feature","properties":{"name":"Avenida Teniente General Luis Dellepiane","ref":null,"osm":"way/657044727"},"geometry":{"type":"LineString","coordinates":[[-58.467411,-34.651245],[-58.467544,-34.651406],[-58.467681,-34.651602]]}},{"type":"Feature","properties":{"name":null,"ref":null,"osm":"way/657044728"},"geometry":{"type":"LineString","coordinates":[[-58.469414,-34.649272],[-58.469433,-34.649258],[-58.46946,-34.649247],[-58.469478,-34.649241],[-58.4695,-34.649234],[-58.469529,-34.649229],[-58.469551,-34.649227],[-58.469571,-34.649226],[-58.469599,-34.649228],[-58.469625,-34.649231],[-58.469647,-34.649236],[-58.469673,-34.649244],[-58.469695,-34.649254],[-58.46971,-34.649262],[-58.469732,-34.649276],[-58.469753,-34.649292],[-58.469764,-34.649303],[-58.46978,-34.649322],[-58.469795,-34.649344],[-58.469803,-34.649358],[-58.469811,-34.649381],[-58.469816,-34.649402]]}},{"type":"Feature","properties":{"name":"Avenida de los Constituyentes","ref":null,"osm":"way/658983663"},"geometry":{"type":"LineString","coordinates":[[-58.505234,-34.572193],[-58.505178,-34.572225],[-58.505077,-34.572285],[-58.504673,-34.572508],[-58.504262,-34.572748]]}},{"type":"Feature","properties":{"name":"Galván","ref":null,"osm":"way/658983665"},"geometry":{"type":"LineString","coordinates":[[-58.492619,-34.560274],[-58.492723,-34.560126],[-58.492754,-34.560081],[-58.492916,-34.559846],[-58.493112,-34.559562]]}},{"type":"Feature","properties":{"name":"Galván","ref":null,"osm":"way/658983668"},"geometry":{"type":"LineString","coordinates":[[-58.491932,-34.561296],[-58.492171,-34.560932],[-58.492192,-34.560901],[-58.492329,-34.560697],[-58.492501,-34.560446],[-58.492597,-34.560306],[-58.492619,-34.560274]]}},{"type":"Feature","properties":{"name":"Avenida Eva Perón","ref":null,"osm":"way/660079814"},"geometry":{"type":"LineString","coordinates":[[-58.498931,-34.672506],[-58.498776,-34.672412],[-58.498264,-34.672037]]}},{"type":"Feature","properties":{"name":"Avenida Teniente General Luis Dellepiane","ref":null,"osm":"way/661272295"},"geometry":{"type":"LineString","coordinates":[[-58.467681,-34.651602],[-58.468019,-34.652062],[-58.468362,-34.652552]]}},{"type":"Feature","properties":{"name":null,"ref":null,"osm":"way/661272297"},"geometry":{"type":"LineString","coordinates":[[-58.469714,-34.649597],[-58.4697,-34.649606],[-58.469679,-34.649615],[-58.469659,-34.649621],[-58.469646,-34.649624],[-58.469622,-34.64963],[-58.469598,-34.649634],[-58.469582,-34.649635],[-58.469552,-34.649635],[-58.469536,-34.649633],[-58.469523,-34.649631],[-58.469497,-34.649624],[-58.469476,-34.64962]]}},{"type":"Feature","properties":{"name":"Godoy Cruz","ref":null,"osm":"way/661847055"},"geometry":{"type":"LineString","coordinates":[[-58.43902,-34.590985],[-58.438142,-34.590348]]}},{"type":"Feature","properties":{"name":"Paseo del Bajo - Presidente Dr. Raúl R. Alfonsín","ref":null,"osm":"way/662233911"},"geometry":{"type":"LineString","coordinates":[[-58.371979,-34.586949],[-58.372428,-34.585543]]}},{"type":"Feature","properties":{"name":"Paseo del Bajo - Presidente Dr. Raúl R. Alfonsín","ref":null,"osm":"way/662233912"},"geometry":{"type":"LineString","coordinates":[[-58.370603,-34.590879],[-58.370626,-34.590778],[-58.370716,-34.590456],[-58.370827,-34.590126],[-58.370925,-34.589832]]}},{"type":"Feature","properties":{"name":"Paseo del Bajo - Presidente Dr. Raúl R. Alfonsín","ref":null,"osm":"way/662233914"},"geometry":{"type":"LineString","coordinates":[[-58.373376,-34.583139],[-58.372554,-34.585548]]}},{"type":"Feature","properties":{"name":"Autopista Teniente General Luis Dellepiane","ref":null,"osm":"way/668585769"},"geometry":{"type":"LineString","coordinates":[[-58.484205,-34.685671],[-58.484123,-34.685573]]}},{"type":"Feature","properties":{"name":"Avenida San Martín","ref":null,"osm":"way/678327064"},"geometry":{"type":"LineString","coordinates":[[-58.470274,-34.601494],[-58.471595,-34.601163]]}},{"type":"Feature","properties":{"name":"Avenida San Martín","ref":null,"osm":"way/678327065"},"geometry":{"type":"LineString","coordinates":[[-58.471836,-34.601245],[-58.471271,-34.601385]]}},{"type":"Feature","properties":{"name":"Avenida San Martín","ref":null,"osm":"way/678327068"},"geometry":{"type":"LineString","coordinates":[[-58.462916,-34.603421],[-58.462264,-34.60358]]}},{"type":"Feature","properties":{"name":"Avenida San Martín","ref":null,"osm":"way/678327069"},"geometry":{"type":"LineString","coordinates":[[-58.461499,-34.603775],[-58.460209,-34.604103]]}},{"type":"Feature","properties":{"name":"Avenida San Martín","ref":null,"osm":"way/678327070"},"geometry":{"type":"LineString","coordinates":[[-58.462264,-34.60358],[-58.461656,-34.603735],[-58.461499,-34.603775]]}},{"type":"Feature","properties":{"name":"Paseo del Bajo - Presidente Dr. Raúl R. Alfonsín","ref":null,"osm":"way/679629926"},"geometry":{"type":"LineString","coordinates":[[-58.372428,-34.585543],[-58.373397,-34.582769]]}},{"type":"Feature","properties":{"name":"Paseo del Bajo - Presidente Dr. Raúl R. Alfonsín","ref":null,"osm":"way/679629928"},"geometry":{"type":"LineString","coordinates":[[-58.372554,-34.585548],[-58.372049,-34.586978]]}},{"type":"Feature","properties":{"name":"Paseo del Bajo - Presidente Dr. Raúl R. Alfonsín","ref":null,"osm":"way/679629929"},"geometry":{"type":"LineString","coordinates":[[-58.369087,-34.596393],[-58.369499,-34.59521],[-58.37019,-34.5932]]}},{"type":"Feature","properties":{"name":"Paseo del Bajo - Presidente Dr. Raúl R. Alfonsín","ref":null,"osm":"way/679629930"},"geometry":{"type":"LineString","coordinates":[[-58.370292,-34.593226],[-58.369589,-34.59524],[-58.369175,-34.596426]]}},{"type":"Feature","properties":{"name":"Paseo del Bajo - Presidente Dr. Raúl R. Alfonsín","ref":null,"osm":"way/679629932"},"geometry":{"type":"LineString","coordinates":[[-58.373656,-34.58237],[-58.373376,-34.583139]]}},{"type":"Feature","properties":{"name":"Paseo del Bajo - Presidente Dr. Raúl R. Alfonsín","ref":null,"osm":"way/679629934"},"geometry":{"type":"LineString","coordinates":[[-58.373397,-34.582769],[-58.373541,-34.582337]]}},{"type":"Feature","properties":{"name":"Paseo del Bajo - Presidente Dr. Raúl R. Alfonsín","ref":null,"osm":"way/679638273"},"geometry":{"type":"LineString","coordinates":[[-58.37019,-34.5932],[-58.370331,-34.592753],[-58.370418,-34.592321],[-58.370479,-34.591837],[-58.370518,-34.59134],[-58.370565,-34.591054],[-58.370603,-34.590879]]}},{"type":"Feature","properties":{"name":"Paseo del Bajo - Presidente Dr. Raúl R. Alfonsín","ref":null,"osm":"way/679638274"},"geometry":{"type":"LineString","coordinates":[[-58.370713,-34.590897],[-58.370678,-34.591069],[-58.370629,-34.591343],[-58.370576,-34.591842],[-58.370518,-34.592314],[-58.37043,-34.592766],[-58.370292,-34.593226]]}},{"type":"Feature","properties":{"name":"Autopista Doctor Ricardo Balbín","ref":"RN1","osm":"way/680257318"},"geometry":{"type":"LineString","coordinates":[[-58.364636,-34.62331],[-58.364807,-34.623091],[-58.364913,-34.622966],[-58.365008,-34.62287],[-58.365114,-34.622769],[-58.365199,-34.622701],[-58.365331,-34.622624],[-58.365465,-34.622563],[-58.365611,-34.622503],[-58.365837,-34.622431]]}},{"type":"Feature","properties":{"name":null,"ref":null,"osm":"way/680257319"},"geometry":{"type":"LineString","coordinates":[[-58.366022,-34.61906],[-58.366022,-34.619807],[-58.365924,-34.620633]]}},{"type":"Feature","properties":{"name":null,"ref":null,"osm":"way/680257320"},"geometry":{"type":"LineString","coordinates":[[-58.365649,-34.62064],[-58.365733,-34.619898],[-58.365928,-34.618308]]}},{"type":"Feature","properties":{"name":"Paseo del Bajo - Presidente Dr. Raúl R. Alfonsín","ref":null,"osm":"way/680257321"},"geometry":{"type":"LineString","coordinates":[[-58.365701,-34.621105],[-58.365784,-34.620262],[-58.365839,-34.619881]]}},{"type":"Feature","properties":{"name":"Paseo del Bajo - Presidente Dr. Raúl R. Alfonsín","ref":null,"osm":"way/680257322"},"geometry":{"type":"LineString","coordinates":[[-58.365934,-34.619906],[-58.365879,-34.620297],[-58.365777,-34.621133]]}},{"type":"Feature","properties":{"name":"Paseo del Bajo - Presidente Dr. Raúl R. Alfonsín","ref":null,"osm":"way/680257323"},"geometry":{"type":"LineString","coordinates":[[-58.365777,-34.621133],[-58.365658,-34.622148]]}},{"type":"Feature","properties":{"name":"Paseo del Bajo - Presidente Dr. Raúl R. Alfonsín","ref":null,"osm":"way/680257324"},"geometry":{"type":"LineString","coordinates":[[-58.365586,-34.622142],[-58.365701,-34.621105]]}},{"type":"Feature","properties":{"name":"Avenida Intendente Bullrich","ref":null,"osm":"way/682812931"},"geometry":{"type":"LineString","coordinates":[[-58.423562,-34.571806],[-58.423428,-34.571594],[-58.423349,-34.57147]]}},{"type":"Feature","properties":{"name":"Avenida Intendente Bullrich","ref":null,"osm":"way/682812935"},"geometry":{"type":"LineString","coordinates":[[-58.423482,-34.571237],[-58.423446,-34.571325],[-58.423469,-34.571405]]}},{"type":"Feature","properties":{"name":"Avenida Vélez Sársfield","ref":null,"osm":"way/683725787"},"geometry":{"type":"LineString","coordinates":[[-58.388343,-34.659582],[-58.388363,-34.659308],[-58.38844,-34.658198]]}},{"type":"Feature","properties":{"name":null,"ref":null,"osm":"way/685553378"},"geometry":{"type":"LineString","coordinates":[[-58.385964,-34.577811],[-58.385966,-34.577783],[-58.385978,-34.577755],[-58.386016,-34.577724],[-58.386067,-34.57769],[-58.38617,-34.577628]]}},{"type":"Feature","properties":{"name":null,"ref":null,"osm":"way/685553383"},"geometry":{"type":"LineString","coordinates":[[-58.386283,-34.577561],[-58.387756,-34.577212],[-58.38797,-34.57715],[-58.388096,-34.577083],[-58.388206,-34.576984],[-58.388286,-34.576885],[-58.388332,-34.576784],[-58.388358,-34.576692],[-58.388364,-34.576601],[-58.388347,-34.576492],[-58.388336,-34.576384],[-58.38828,-34.576244]]}},{"type":"Feature","properties":{"name":null,"ref":null,"osm":"way/685553387"},"geometry":{"type":"LineString","coordinates":[[-58.386929,-34.57748],[-58.387986,-34.577223]]}},{"type":"Feature","properties":{"name":null,"ref":null,"osm":"way/685553388"},"geometry":{"type":"LineString","coordinates":[[-58.388498,-34.576424],[-58.388562,-34.576468],[-58.38865,-34.576528],[-58.388712,-34.576566],[-58.388813,-34.576583],[-58.388931,-34.576573],[-58.389041,-34.576535]]}},{"type":"Feature","properties":{"name":null,"ref":null,"osm":"way/685553389"},"geometry":{"type":"LineString","coordinates":[[-58.389641,-34.576058],[-58.389453,-34.576294],[-58.389123,-34.576574],[-58.389072,-34.576629],[-58.389019,-34.576705],[-58.388984,-34.576777],[-58.388944,-34.576868],[-58.388899,-34.576991],[-58.388877,-34.577064]]}},{"type":"Feature","properties":{"name":null,"ref":null,"osm":"way/685553390"},"geometry":{"type":"LineString","coordinates":[[-58.387305,-34.577669],[-58.38605,-34.577981],[-58.385647,-34.578067],[-58.385151,-34.578164],[-58.384379,-34.578272]]}},{"type":"Feature","properties":{"name":null,"ref":null,"osm":"way/685553391"},"geometry":{"type":"LineString","coordinates":[[-58.388761,-34.576759],[-58.388815,-34.576843],[-58.388832,-34.576921],[-58.388835,-34.577016],[-58.388835,-34.577074]]}},{"type":"Feature","properties":{"name":null,"ref":null,"osm":"way/685553393"},"geometry":{"type":"LineString","coordinates":[[-58.385213,-34.577984],[-58.385916,-34.577756],[-58.386343,-34.577631],[-58.386929,-34.57748]]}},{"type":"Feature","properties":{"name":null,"ref":null,"osm":"way/685553394"},"geometry":{"type":"LineString","coordinates":[[-58.387986,-34.577223],[-58.388168,-34.577161],[-58.388308,-34.57707],[-58.388391,-34.576979],[-58.388458,-34.576862],[-58.388485,-34.576738],[-58.388497,-34.576671],[-58.388481,-34.576561],[-58.388418,-34.576408],[-58.38828,-34.576244]]}},{"type":"Feature","properties":{"name":"Avenida 27 de Febrero","ref":null,"osm":"way/686011040"},"geometry":{"type":"LineString","coordinates":[[-58.432508,-34.670537],[-58.432861,-34.670935],[-58.433855,-34.672129],[-58.433928,-34.672203],[-58.434011,-34.672278],[-58.434098,-34.672336],[-58.434199,-34.672396],[-58.434434,-34.672502],[-58.435362,-34.67294]]}},{"type":"Feature","properties":{"name":"Avenida 27 de Febrero","ref":null,"osm":"way/686011041"},"geometry":{"type":"LineString","coordinates":[[-58.440332,-34.680023],[-58.44016,-34.679822],[-58.439976,-34.679606],[-58.439786,-34.679383],[-58.437036,-34.676152],[-58.436592,-34.675631]]}},{"type":"Feature","properties":{"name":"Avenida 27 de Febrero","ref":null,"osm":"way/686011042"},"geometry":{"type":"LineString","coordinates":[[-58.444368,-34.684851],[-58.444276,-34.684744],[-58.442442,-34.682536],[-58.440758,-34.680534]]}},{"type":"Feature","properties":{"name":"Autopista Teniente General Luis Dellepiane","ref":null,"osm":"way/686011043"},"geometry":{"type":"LineString","coordinates":[[-58.464287,-34.647916],[-58.464337,-34.647973]]}},{"type":"Feature","properties":{"name":"Autopista 25 de Mayo","ref":"AU1","osm":"way/686011045"},"geometry":{"type":"LineString","coordinates":[[-58.393348,-34.623874],[-58.393658,-34.623946],[-58.394055,-34.624034],[-58.395401,-34.624351],[-58.39653,-34.624622]]}},{"type":"Feature","properties":{"name":null,"ref":null,"osm":"way/686011046"},"geometry":{"type":"LineString","coordinates":[[-58.382374,-34.622782],[-58.383045,-34.622802]]}},{"type":"Feature","properties":{"name":null,"ref":null,"osm":"way/686011047"},"geometry":{"type":"LineString","coordinates":[[-58.379587,-34.625548],[-58.37976,-34.625091],[-58.380206,-34.624016],[-58.380292,-34.623798]]}},{"type":"Feature","properties":{"name":"Avenida 27 de Febrero","ref":null,"osm":"way/686011049"},"geometry":{"type":"LineString","coordinates":[[-58.439447,-34.678424],[-58.439527,-34.678666],[-58.439625,-34.678925],[-58.43976,-34.679186]]}},{"type":"Feature","properties":{"name":"Autopista 25 de Mayo","ref":"AU1","osm":"way/686011050"},"geometry":{"type":"LineString","coordinates":[[-58.391619,-34.62374],[-58.387781,-34.623291],[-58.386222,-34.623121]]}},{"type":"Feature","properties":{"name":"Autopista 25 de Mayo","ref":"AU1","osm":"way/686011051"},"geometry":{"type":"LineString","coordinates":[[-58.462859,-34.646136],[-58.462575,-34.645549],[-58.462426,-34.645311]]}},{"type":"Feature","properties":{"name":"Autopista Teniente General Luis Dellepiane","ref":null,"osm":"way/686011053"},"geometry":{"type":"LineString","coordinates":[[-58.469864,-34.657089],[-58.469732,-34.656707],[-58.469537,-34.656248],[-58.469356,-34.655832],[-58.468797,-34.654617]]}},{"type":"Feature","properties":{"name":null,"ref":null,"osm":"way/686011054"},"geometry":{"type":"LineString","coordinates":[[-58.458383,-34.673255],[-58.458383,-34.673176]]}},{"type":"Feature","properties":{"name":"Avenida Coronel Roca","ref":null,"osm":"way/686011055"},"geometry":{"type":"LineString","coordinates":[[-58.450014,-34.679182],[-58.450212,-34.679473]]}},{"type":"Feature","properties":{"name":"Avenida 27 de Febrero","ref":null,"osm":"way/686011057"},"geometry":{"type":"LineString","coordinates":[[-58.440826,-34.680459],[-58.442145,-34.682014],[-58.442494,-34.682399],[-58.444396,-34.68465]]}},{"type":"Feature","properties":{"name":"Autopista Teniente General Luis Dellepiane","ref":null,"osm":"way/686503876"},"geometry":{"type":"LineString","coordinates":[[-58.465204,-34.649004],[-58.465674,-34.649569]]}},{"type":"Feature","properties":{"name":"Autopista Perito Moreno","ref":"AU6","osm":"way/688479789"},"geometry":{"type":"LineString","coordinates":[[-58.493549,-34.63947],[-58.492643,-34.640535],[-58.492603,-34.64058],[-58.492076,-34.641078],[-58.490987,-34.642094],[-58.490882,-34.642193],[-58.490604,-34.642436],[-58.490046,-34.642925],[-58.489531,-34.643361],[-58.488975,-34.643786],[-58.488555,-34.644103],[-58.488225,-34.644322],[-58.487921,-34.644519],[-58.487523,-34.644771]]}},{"type":"Feature","properties":{"name":"Avenida Perito Moreno","ref":null,"osm":"way/692097317"},"geometry":{"type":"LineString","coordinates":[[-58.416208,-34.64972],[-58.416121,-34.649715],[-58.415905,-34.64971]]}},{"type":"Feature","properties":{"name":"Paseo del Bajo - Presidente Dr. Raúl R. Alfonsín","ref":null,"osm":"way/693137266"},"geometry":{"type":"LineString","coordinates":[[-58.394136,-34.575167],[-58.393093,-34.575776]]}},{"type":"Feature","properties":{"name":"Paseo del Bajo - Presidente Dr. Raúl R. Alfonsín","ref":null,"osm":"way/693657271"},"geometry":{"type":"LineString","coordinates":[[-58.364538,-34.623827],[-58.364375,-34.623978],[-58.364105,-34.62419],[-58.363932,-34.624312],[-58.363767,-34.62442],[-58.363574,-34.624525],[-58.363363,-34.624634],[-58.363137,-34.624736],[-58.362965,-34.624806],[-58.36284,-34.62486],[-58.36276,-34.624951]]}},{"type":"Feature","properties":{"name":"Paseo del Bajo - Presidente Dr. Raúl R. Alfonsín","ref":null,"osm":"way/693657272"},"geometry":{"type":"LineString","coordinates":[[-58.360356,-34.625943],[-58.361536,-34.625353],[-58.36194,-34.625163],[-58.362554,-34.624888]]}},{"type":"Feature","properties":{"name":"Autopista 25 de Mayo","ref":"AU1","osm":"way/694422052"},"geometry":{"type":"LineString","coordinates":[[-58.369057,-34.622456],[-58.369193,-34.622466],[-58.369454,-34.622472],[-58.369844,-34.622474],[-58.370095,-34.622461],[-58.3705,-34.622434],[-58.37077,-34.62243],[-58.371236,-34.622428]]}},{"type":"Feature","properties":{"name":null,"ref":null,"osm":"way/697069046"},"geometry":{"type":"LineString","coordinates":[[-58.386224,-34.577958],[-58.386088,-34.577929],[-58.386022,-34.577897],[-58.385978,-34.577849],[-58.385964,-34.577811]]}},{"type":"Feature","properties":{"name":"Avenida Presidente Ramón S. Castillo","ref":null,"osm":"way/697069048"},"geometry":{"type":"LineString","coordinates":[[-58.392551,-34.573741],[-58.392237,-34.573919],[-58.392204,-34.573936],[-58.392196,-34.57394],[-58.392164,-34.573958],[-58.39068,-34.574811],[-58.390526,-34.574919],[-58.390403,-34.57502],[-58.390202,-34.575215],[-58.390079,-34.575368],[-58.389961,-34.575547],[-58.389865,-34.575708],[-58.389783,-34.575862],[-58.389719,-34.575948],[-58.389641,-34.576058]]}},{"type":"Feature","properties":{"name":null,"ref":null,"osm":"way/697069050"},"geometry":{"type":"LineString","coordinates":[[-58.368716,-34.622588],[-58.368418,-34.622553]]}},{"type":"Feature","properties":{"name":"Beazley","ref":null,"osm":"way/699296647"},"geometry":{"type":"LineString","coordinates":[[-58.414811,-34.654312],[-58.415496,-34.654486],[-58.416072,-34.654634]]}},{"type":"Feature","properties":{"name":"Túnel Gustavo Cerati","ref":null,"osm":"way/708180109"},"geometry":{"type":"LineString","coordinates":[[-58.488962,-34.591821],[-58.488869,-34.591735],[-58.488831,-34.5917],[-58.488784,-34.59166],[-58.488701,-34.591591]]}},{"type":"Feature","properties":{"name":"Avenida Francisco Beiró","ref":null,"osm":"way/708180115"},"geometry":{"type":"LineString","coordinates":[[-58.488611,-34.591521],[-58.488701,-34.591591]]}},{"type":"Feature","properties":{"name":"Túnel Gustavo Cerati","ref":null,"osm":"way/708180117"},"geometry":{"type":"LineString","coordinates":[[-58.490393,-34.592988],[-58.489968,-34.592738]]}},{"type":"Feature","properties":{"name":"Túnel Gustavo Cerati","ref":null,"osm":"way/708180118"},"geometry":{"type":"LineString","coordinates":[[-58.490133,-34.592741],[-58.490508,-34.592965]]}},{"type":"Feature","properties":{"name":"Túnel Gustavo Cerati","ref":null,"osm":"way/708180119"},"geometry":{"type":"LineString","coordinates":[[-58.491583,-34.593585],[-58.491361,-34.593541],[-58.491306,-34.59352],[-58.491232,-34.593485],[-58.49118,-34.59346],[-58.491115,-34.593426],[-58.490968,-34.593344],[-58.490393,-34.592988]]}},{"type":"Feature","properties":{"name":"Túnel Gustavo Cerati","ref":null,"osm":"way/708180120"},"geometry":{"type":"LineString","coordinates":[[-58.490508,-34.592965],[-58.49096,-34.593244],[-58.491093,-34.593325],[-58.491195,-34.59338],[-58.491324,-34.593438],[-58.491583,-34.593585]]}},{"type":"Feature","properties":{"name":"Túnel Gustavo Cerati","ref":null,"osm":"way/708180121"},"geometry":{"type":"LineString","coordinates":[[-58.492588,-34.594039],[-58.492497,-34.593984],[-58.492426,-34.593944],[-58.492275,-34.593868],[-58.492191,-34.593832],[-58.492102,-34.593798],[-58.491961,-34.593736],[-58.491583,-34.593585]]}},{"type":"Feature","properties":{"name":"Avenida San Pedrito","ref":null,"osm":"way/715602356"},"geometry":{"type":"LineString","coordinates":[[-58.466514,-34.637756],[-58.466993,-34.636654]]}},{"type":"Feature","properties":{"name":"Avenida Córdoba","ref":null,"osm":"way/722092105"},"geometry":{"type":"LineString","coordinates":[[-58.438206,-34.58888],[-58.438261,-34.588845],[-58.438325,-34.588803]]}},{"type":"Feature","properties":{"name":"Avenida Córdoba","ref":null,"osm":"way/722092107"},"geometry":{"type":"LineString","coordinates":[[-58.438401,-34.588751],[-58.438562,-34.588645]]}},{"type":"Feature","properties":{"name":"Avenida Juan Bautista Justo","ref":null,"osm":"way/722092108"},"geometry":{"type":"LineString","coordinates":[[-58.438325,-34.588803],[-58.438456,-34.589217],[-58.438685,-34.589902],[-58.438886,-34.590499]]}},{"type":"Feature","properties":{"name":"Avenida Córdoba","ref":null,"osm":"way/722092109"},"geometry":{"type":"LineString","coordinates":[[-58.438325,-34.588803],[-58.438401,-34.588751]]}},{"type":"Feature","properties":{"name":"Avenida Juan Bautista Justo","ref":null,"osm":"way/722092111"},"geometry":{"type":"LineString","coordinates":[[-58.4379,-34.587689],[-58.437924,-34.587735],[-58.437955,-34.587804],[-58.437964,-34.587824],[-58.438265,-34.588632],[-58.438325,-34.588803]]}},{"type":"Feature","properties":{"name":"Avenida Juan Bautista Justo","ref":null,"osm":"way/722092112"},"geometry":{"type":"LineString","coordinates":[[-58.437814,-34.587745],[-58.437783,-34.587696],[-58.437755,-34.587658],[-58.437696,-34.587578],[-58.437618,-34.587513],[-58.437518,-34.58743],[-58.436608,-34.586798]]}},{"type":"Feature","properties":{"name":"Avenida Juan Bautista Justo","ref":null,"osm":"way/722092115"},"geometry":{"type":"LineString","coordinates":[[-58.436608,-34.586798],[-58.435743,-34.586187],[-58.435628,-34.586105]]}},{"type":"Feature","properties":{"name":"Avenida Juan Bautista Justo","ref":null,"osm":"way/722092116"},"geometry":{"type":"LineString","coordinates":[[-58.436727,-34.586723],[-58.437656,-34.587407],[-58.437753,-34.587491],[-58.437824,-34.587571],[-58.437848,-34.587609],[-58.437879,-34.587657],[-58.4379,-34.587689]]}},{"type":"Feature","properties":{"name":"Avenida San Martín","ref":null,"osm":"way/732411026"},"geometry":{"type":"LineString","coordinates":[[-58.515408,-34.590291],[-58.515608,-34.590231],[-58.516437,-34.58998]]}},{"type":"Feature","properties":{"name":"Avenida Juan Bautista Justo","ref":null,"osm":"way/741306935"},"geometry":{"type":"LineString","coordinates":[[-58.508293,-34.634657],[-58.508161,-34.634635],[-58.506798,-34.63442],[-58.506749,-34.634412],[-58.506641,-34.634392],[-58.506527,-34.634372],[-58.506325,-34.634334],[-58.50594,-34.634254],[-58.505653,-34.634183],[-58.505357,-34.634102]]}},{"type":"Feature","properties":{"name":"Avenida Juan Bautista Justo","ref":null,"osm":"way/741327231"},"geometry":{"type":"LineString","coordinates":[[-58.512609,-34.634042],[-58.512507,-34.634086],[-58.512144,-34.634244],[-58.511996,-34.63431],[-58.51153,-34.634516],[-58.511262,-34.634628],[-58.511118,-34.634679],[-58.510977,-34.634726],[-58.510823,-34.634766],[-58.510678,-34.634794],[-58.510574,-34.634807],[-58.510456,-34.634816],[-58.51033,-34.634821],[-58.510209,-34.634822],[-58.50995,-34.634807],[-58.509914,-34.634806],[-58.509654,-34.634784],[-58.50944,-34.634766],[-58.509107,-34.634736],[-58.508475,-34.634678],[-58.508293,-34.634657]]}},{"type":"Feature","properties":{"name":"Avenida Juan Bautista Justo","ref":null,"osm":"way/741327235"},"geometry":{"type":"LineString","coordinates":[[-58.512534,-34.633916],[-58.512666,-34.633856],[-58.513168,-34.633634],[-58.513337,-34.633562],[-58.513645,-34.633446],[-58.513682,-34.633433],[-58.513788,-34.633395],[-58.51391,-34.633359],[-58.514166,-34.633286],[-58.51452,-34.6332],[-58.514903,-34.633126],[-58.515084,-34.633093],[-58.515291,-34.633067],[-58.515639,-34.633033],[-58.515994,-34.633014],[-58.51664,-34.63302],[-58.516801,-34.633022]]}},{"type":"Feature","properties":{"name":"Avenida Juan Bautista Justo","ref":null,"osm":"way/741327238"},"geometry":{"type":"LineString","coordinates":[[-58.493723,-34.628678],[-58.49436,-34.629091]]}},{"type":"Feature","properties":{"name":"Avenida Juan Bautista Justo","ref":null,"osm":"way/741327240"},"geometry":{"type":"LineString","coordinates":[[-58.492016,-34.627534],[-58.493087,-34.628252],[-58.493603,-34.628602],[-58.493723,-34.628678]]}},{"type":"Feature","properties":{"name":"Herrera","ref":null,"osm":"way/743770708"},"geometry":{"type":"LineString","coordinates":[[-58.377672,-34.63815],[-58.377228,-34.639784],[-58.377202,-34.639879],[-58.377163,-34.640022],[-58.37714,-34.64011],[-58.377134,-34.640131],[-58.377084,-34.640335]]}},{"type":"Feature","properties":{"name":"Brandsen","ref":null,"osm":"way/743770710"},"geometry":{"type":"LineString","coordinates":[[-58.37628,-34.638],[-58.376538,-34.638031],[-58.377208,-34.638101],[-58.377359,-34.638117],[-58.377515,-34.638134],[-58.377672,-34.63815]]}},{"type":"Feature","properties":{"name":null,"ref":null,"osm":"way/743770711"},"geometry":{"type":"LineString","coordinates":[[-58.376511,-34.637648],[-58.37658,-34.637441]]}},{"type":"Feature","properties":{"name":"Avenida Coronel Niceto Vega","ref":null,"osm":"way/751415998"},"geometry":{"type":"LineString","coordinates":[[-58.438523,-34.587276],[-58.438325,-34.587411]]}},{"type":"Feature","properties":{"name":"Calle 14","ref":null,"osm":"way/760259341"},"geometry":{"type":"LineString","coordinates":[[-58.387859,-34.575764],[-58.387576,-34.575414],[-58.387516,-34.575283]]}},{"type":"Feature","properties":{"name":null,"ref":null,"osm":"way/760259342"},"geometry":{"type":"LineString","coordinates":[[-58.385393,-34.57749],[-58.385546,-34.57759],[-58.385597,-34.577626],[-58.385668,-34.577654],[-58.385757,-34.577663],[-58.385834,-34.577656],[-58.386283,-34.577561]]}},{"type":"Feature","properties":{"name":"Avenida Presidente Ramón S. Castillo","ref":null,"osm":"way/771221536"},"geometry":{"type":"LineString","coordinates":[[-58.388464,-34.577157],[-58.388572,-34.576962],[-58.388635,-34.576868],[-58.388716,-34.576798],[-58.388761,-34.576759],[-58.389041,-34.576535],[-58.389367,-34.576262],[-58.389641,-34.576058]]}},{"type":"Feature","properties":{"name":"Calle 12","ref":null,"osm":"way/783526824"},"geometry":{"type":"LineString","coordinates":[[-58.385393,-34.57749],[-58.385394,-34.57759],[-58.385386,-34.577677],[-58.385337,-34.577745],[-58.385312,-34.577777],[-58.385283,-34.577805],[-58.385177,-34.577865]]}},{"type":"Feature","properties":{"name":"Autopista Teniente General Luis Dellepiane","ref":null,"osm":"way/784661657"},"geometry":{"type":"LineString","coordinates":[[-58.483991,-34.685415],[-58.483499,-34.684837],[-58.483283,-34.684587]]}},{"type":"Feature","properties":{"name":"Autopista Teniente General Luis Dellepiane","ref":null,"osm":"way/784661658"},"geometry":{"type":"LineString","coordinates":[[-58.483792,-34.684954],[-58.484115,-34.685345]]}},{"type":"Feature","properties":{"name":"Autopista Teniente General Luis Dellepiane","ref":null,"osm":"way/790266447"},"geometry":{"type":"LineString","coordinates":[[-58.472156,-34.662152],[-58.471816,-34.661388]]}},{"type":"Feature","properties":{"name":"Avenida Teniente General Luis Dellepiane","ref":null,"osm":"way/790266448"},"geometry":{"type":"LineString","coordinates":[[-58.472007,-34.663055],[-58.471932,-34.662896]]}},{"type":"Feature","properties":{"name":"Avenida Eva Perón","ref":null,"osm":"way/792754346"},"geometry":{"type":"LineString","coordinates":[[-58.469777,-34.649659],[-58.469714,-34.649597]]}},{"type":"Feature","properties":{"name":"Avenida Eva Perón","ref":null,"osm":"way/792754347"},"geometry":{"type":"LineString","coordinates":[[-58.469414,-34.649272],[-58.469347,-34.649194]]}},{"type":"Feature","properties":{"name":"Autopista 25 de Mayo","ref":"AU1","osm":"way/793117380"},"geometry":{"type":"LineString","coordinates":[[-58.396475,-34.624775],[-58.395594,-34.624566],[-58.39469,-34.624348],[-58.394648,-34.624339],[-58.394086,-34.62421],[-58.393458,-34.624061],[-58.392661,-34.623903],[-58.392246,-34.623834],[-58.391981,-34.623793],[-58.391619,-34.62374]]}},{"type":"Feature","properties":{"name":"Paseo del Bajo - Presidente Dr. Raúl R. Alfonsín","ref":null,"osm":"way/797145176"},"geometry":{"type":"LineString","coordinates":[[-58.36699,-34.608322],[-58.366966,-34.608585]]}},{"type":"Feature","properties":{"name":"Paseo del Bajo - Presidente Dr. Raúl R. Alfonsín","ref":null,"osm":"way/797145177"},"geometry":{"type":"LineString","coordinates":[[-58.367039,-34.607813],[-58.36699,-34.608322]]}},{"type":"Feature","properties":{"name":"Paseo del Bajo - Presidente Dr. Raúl R. Alfonsín","ref":null,"osm":"way/797145178"},"geometry":{"type":"LineString","coordinates":[[-58.366941,-34.607806],[-58.366966,-34.606619]]}},{"type":"Feature","properties":{"name":"Paseo del Bajo - Presidente Dr. Raúl R. Alfonsín","ref":null,"osm":"way/797145179"},"geometry":{"type":"LineString","coordinates":[[-58.36686,-34.608579],[-58.366888,-34.608317]]}},{"type":"Feature","properties":{"name":"Paseo del Bajo - Presidente Dr. Raúl R. Alfonsín","ref":null,"osm":"way/797145181"},"geometry":{"type":"LineString","coordinates":[[-58.366945,-34.608778],[-58.366861,-34.60952]]}},{"type":"Feature","properties":{"name":"Paseo del Bajo - Presidente Dr. Raúl R. Alfonsín","ref":null,"osm":"way/797145182"},"geometry":{"type":"LineString","coordinates":[[-58.366966,-34.608585],[-58.366945,-34.608778]]}},{"type":"Feature","properties":{"name":"Paseo del Bajo - Presidente Dr. Raúl R. Alfonsín","ref":null,"osm":"way/797145183"},"geometry":{"type":"LineString","coordinates":[[-58.36684,-34.608772],[-58.36686,-34.608579]]}},{"type":"Feature","properties":{"name":"Paseo del Bajo - Presidente Dr. Raúl R. Alfonsín","ref":null,"osm":"way/797145184"},"geometry":{"type":"LineString","coordinates":[[-58.366759,-34.609512],[-58.36684,-34.608772]]}},{"type":"Feature","properties":{"name":"Paseo del Bajo - Presidente Dr. Raúl R. Alfonsín","ref":null,"osm":"way/797145186"},"geometry":{"type":"LineString","coordinates":[[-58.366003,-34.617356],[-58.366026,-34.617167],[-58.366051,-34.616973]]}},{"type":"Feature","properties":{"name":"Paseo del Bajo - Presidente Dr. Raúl R. Alfonsín","ref":null,"osm":"way/797145187"},"geometry":{"type":"LineString","coordinates":[[-58.365986,-34.617539],[-58.366003,-34.617356]]}},{"type":"Feature","properties":{"name":"Paseo del Bajo - Presidente Dr. Raúl R. Alfonsín","ref":null,"osm":"way/797145188"},"geometry":{"type":"LineString","coordinates":[[-58.366107,-34.617362],[-58.366091,-34.617546]]}},{"type":"Feature","properties":{"name":"Paseo del Bajo - Presidente Dr. Raúl R. Alfonsín","ref":null,"osm":"way/797145189"},"geometry":{"type":"LineString","coordinates":[[-58.366153,-34.616979],[-58.366128,-34.617175],[-58.366107,-34.617362]]}},{"type":"Feature","properties":{"name":"Paseo del Bajo - Presidente Dr. Raúl R. Alfonsín","ref":null,"osm":"way/797145190"},"geometry":{"type":"LineString","coordinates":[[-58.366079,-34.616738],[-58.366129,-34.616287]]}},{"type":"Feature","properties":{"name":"Paseo del Bajo - Presidente Dr. Raúl R. Alfonsín","ref":null,"osm":"way/797145191"},"geometry":{"type":"LineString","coordinates":[[-58.366051,-34.616973],[-58.366079,-34.616738]]}},{"type":"Feature","properties":{"name":"Paseo del Bajo - Presidente Dr. Raúl R. Alfonsín","ref":null,"osm":"way/797145192"},"geometry":{"type":"LineString","coordinates":[[-58.366179,-34.616745],[-58.366153,-34.616979]]}},{"type":"Feature","properties":{"name":"Paseo del Bajo - Presidente Dr. Raúl R. Alfonsín","ref":null,"osm":"way/797145193"},"geometry":{"type":"LineString","coordinates":[[-58.366231,-34.616292],[-58.366179,-34.616745]]}},{"type":"Feature","properties":{"name":"Paseo del Bajo - Presidente Dr. Raúl R. Alfonsín","ref":null,"osm":"way/797145195"},"geometry":{"type":"LineString","coordinates":[[-58.366696,-34.610103],[-58.366759,-34.609512]]}},{"type":"Feature","properties":{"name":"Paseo del Bajo - Presidente Dr. Raúl R. Alfonsín","ref":null,"osm":"way/797145196"},"geometry":{"type":"LineString","coordinates":[[-58.366613,-34.610839],[-58.366696,-34.610103]]}},{"type":"Feature","properties":{"name":"Paseo del Bajo - Presidente Dr. Raúl R. Alfonsín","ref":null,"osm":"way/797145197"},"geometry":{"type":"LineString","coordinates":[[-58.366795,-34.610111],[-58.366707,-34.610843]]}},{"type":"Feature","properties":{"name":"Paseo del Bajo - Presidente Dr. Raúl R. Alfonsín","ref":null,"osm":"way/797145198"},"geometry":{"type":"LineString","coordinates":[[-58.366861,-34.60952],[-58.366795,-34.610111]]}},{"type":"Feature","properties":{"name":"Paseo del Bajo - Presidente Dr. Raúl R. Alfonsín","ref":null,"osm":"way/797145199"},"geometry":{"type":"LineString","coordinates":[[-58.366564,-34.612003],[-58.366573,-34.611591]]}},{"type":"Feature","properties":{"name":"Paseo del Bajo - Presidente Dr. Raúl R. Alfonsín","ref":null,"osm":"way/797145200"},"geometry":{"type":"LineString","coordinates":[[-58.366564,-34.612314],[-58.366564,-34.612003]]}},{"type":"Feature","properties":{"name":"Paseo del Bajo - Presidente Dr. Raúl R. Alfonsín","ref":null,"osm":"way/797145201"},"geometry":{"type":"LineString","coordinates":[[-58.366661,-34.612004],[-58.36666,-34.612315]]}},{"type":"Feature","properties":{"name":"Paseo del Bajo - Presidente Dr. Raúl R. Alfonsín","ref":null,"osm":"way/797145202"},"geometry":{"type":"LineString","coordinates":[[-58.366666,-34.611592],[-58.366661,-34.612004]]}},{"type":"Feature","properties":{"name":"Paseo del Bajo - Presidente Dr. Raúl R. Alfonsín","ref":null,"osm":"way/797145204"},"geometry":{"type":"LineString","coordinates":[[-58.366888,-34.608317],[-58.366941,-34.607806]]}},{"type":"Feature","properties":{"name":"Paseo del Bajo - Presidente Dr. Raúl R. Alfonsín","ref":null,"osm":"way/797145205"},"geometry":{"type":"LineString","coordinates":[[-58.36659,-34.611054],[-58.366613,-34.610839]]}},{"type":"Feature","properties":{"name":"Paseo del Bajo - Presidente Dr. Raúl R. Alfonsín","ref":null,"osm":"way/797145206"},"geometry":{"type":"LineString","coordinates":[[-58.366685,-34.611059],[-58.366672,-34.611405]]}},{"type":"Feature","properties":{"name":"Paseo del Bajo - Presidente Dr. Raúl R. Alfonsín","ref":null,"osm":"way/797145207"},"geometry":{"type":"LineString","coordinates":[[-58.366707,-34.610843],[-58.366685,-34.611059]]}},{"type":"Feature","properties":{"name":"Paseo del Bajo - Presidente Dr. Raúl R. Alfonsín","ref":null,"osm":"way/797145208"},"geometry":{"type":"LineString","coordinates":[[-58.366551,-34.612588],[-58.366564,-34.612314]]}},{"type":"Feature","properties":{"name":"Paseo del Bajo - Presidente Dr. Raúl R. Alfonsín","ref":null,"osm":"way/797145209"},"geometry":{"type":"LineString","coordinates":[[-58.366534,-34.612792],[-58.366551,-34.612588]]}},{"type":"Feature","properties":{"name":"Paseo del Bajo - Presidente Dr. Raúl R. Alfonsín","ref":null,"osm":"way/797145210"},"geometry":{"type":"LineString","coordinates":[[-58.366632,-34.612798],[-58.366576,-34.61326]]}},{"type":"Feature","properties":{"name":"Paseo del Bajo - Presidente Dr. Raúl R. Alfonsín","ref":null,"osm":"way/797145211"},"geometry":{"type":"LineString","coordinates":[[-58.366654,-34.612594],[-58.366632,-34.612798]]}},{"type":"Feature","properties":{"name":"Paseo del Bajo - Presidente Dr. Raúl R. Alfonsín","ref":null,"osm":"way/797145213"},"geometry":{"type":"LineString","coordinates":[[-58.366579,-34.611405],[-58.36659,-34.611054]]}},{"type":"Feature","properties":{"name":"Paseo del Bajo - Presidente Dr. Raúl R. Alfonsín","ref":null,"osm":"way/797145214"},"geometry":{"type":"LineString","coordinates":[[-58.366573,-34.611591],[-58.366579,-34.611405]]}},{"type":"Feature","properties":{"name":"Paseo del Bajo - Presidente Dr. Raúl R. Alfonsín","ref":null,"osm":"way/797145215"},"geometry":{"type":"LineString","coordinates":[[-58.36666,-34.612315],[-58.366654,-34.612594]]}},{"type":"Feature","properties":{"name":"Paseo del Bajo - Presidente Dr. Raúl R. Alfonsín","ref":null,"osm":"way/797145216"},"geometry":{"type":"LineString","coordinates":[[-58.366672,-34.611405],[-58.366666,-34.611592]]}},{"type":"Feature","properties":{"name":"Paseo del Bajo - Presidente Dr. Raúl R. Alfonsín","ref":null,"osm":"way/797145217"},"geometry":{"type":"LineString","coordinates":[[-58.366456,-34.613467],[-58.366481,-34.613253]]}},{"type":"Feature","properties":{"name":"Paseo del Bajo - Presidente Dr. Raúl R. Alfonsín","ref":null,"osm":"way/797145218"},"geometry":{"type":"LineString","coordinates":[[-58.366415,-34.61383],[-58.366456,-34.613467]]}},{"type":"Feature","properties":{"name":"Paseo del Bajo - Presidente Dr. Raúl R. Alfonsín","ref":null,"osm":"way/797145219"},"geometry":{"type":"LineString","coordinates":[[-58.366551,-34.613474],[-58.366512,-34.613836]]}},{"type":"Feature","properties":{"name":"Paseo del Bajo - Presidente Dr. Raúl R. Alfonsín","ref":null,"osm":"way/797145220"},"geometry":{"type":"LineString","coordinates":[[-58.366576,-34.61326],[-58.366551,-34.613474]]}},{"type":"Feature","properties":{"name":"Paseo del Bajo - Presidente Dr. Raúl R. Alfonsín","ref":null,"osm":"way/797145221"},"geometry":{"type":"LineString","coordinates":[[-58.366489,-34.614024],[-58.366443,-34.614436]]}},{"type":"Feature","properties":{"name":"Paseo del Bajo - Presidente Dr. Raúl R. Alfonsín","ref":null,"osm":"way/797145222"},"geometry":{"type":"LineString","coordinates":[[-58.366512,-34.613836],[-58.366489,-34.614024]]}},{"type":"Feature","properties":{"name":"Paseo del Bajo - Presidente Dr. Raúl R. Alfonsín","ref":null,"osm":"way/797145223"},"geometry":{"type":"LineString","coordinates":[[-58.366392,-34.614019],[-58.366415,-34.61383]]}},{"type":"Feature","properties":{"name":"Paseo del Bajo - Presidente Dr. Raúl R. Alfonsín","ref":null,"osm":"way/797145224"},"geometry":{"type":"LineString","coordinates":[[-58.366346,-34.61443],[-58.366392,-34.614019]]}},{"type":"Feature","properties":{"name":"Paseo del Bajo - Presidente Dr. Raúl R. Alfonsín","ref":null,"osm":"way/797145225"},"geometry":{"type":"LineString","coordinates":[[-58.366422,-34.614626],[-58.366381,-34.614968]]}},{"type":"Feature","properties":{"name":"Paseo del Bajo - Presidente Dr. Raúl R. Alfonsín","ref":null,"osm":"way/797145226"},"geometry":{"type":"LineString","coordinates":[[-58.366443,-34.614436],[-58.366422,-34.614626]]}},{"type":"Feature","properties":{"name":"Paseo del Bajo - Presidente Dr. Raúl R. Alfonsín","ref":null,"osm":"way/797145227"},"geometry":{"type":"LineString","coordinates":[[-58.366322,-34.61462],[-58.366346,-34.61443]]}},{"type":"Feature","properties":{"name":"Paseo del Bajo - Presidente Dr. Raúl R. Alfonsín","ref":null,"osm":"way/797145228"},"geometry":{"type":"LineString","coordinates":[[-58.366284,-34.614962],[-58.366322,-34.61462]]}},{"type":"Feature","properties":{"name":"Paseo del Bajo - Presidente Dr. Raúl R. Alfonsín","ref":null,"osm":"way/797145229"},"geometry":{"type":"LineString","coordinates":[[-58.36636,-34.615156],[-58.366326,-34.615472]]}},{"type":"Feature","properties":{"name":"Paseo del Bajo - Presidente Dr. Raúl R. Alfonsín","ref":null,"osm":"way/797145230"},"geometry":{"type":"LineString","coordinates":[[-58.366381,-34.614968],[-58.36636,-34.615156]]}},{"type":"Feature","properties":{"name":"Paseo del Bajo - Presidente Dr. Raúl R. Alfonsín","ref":null,"osm":"way/797145231"},"geometry":{"type":"LineString","coordinates":[[-58.366264,-34.61515],[-58.366284,-34.614962]]}},{"type":"Feature","properties":{"name":"Paseo del Bajo - Presidente Dr. Raúl R. Alfonsín","ref":null,"osm":"way/797145232"},"geometry":{"type":"LineString","coordinates":[[-58.366227,-34.615465],[-58.366264,-34.61515]]}},{"type":"Feature","properties":{"name":"Paseo del Bajo - Presidente Dr. Raúl R. Alfonsín","ref":null,"osm":"way/797145233"},"geometry":{"type":"LineString","coordinates":[[-58.36625,-34.616116],[-58.366231,-34.616292]]}},{"type":"Feature","properties":{"name":"Paseo del Bajo - Presidente Dr. Raúl R. Alfonsín","ref":null,"osm":"way/797145234"},"geometry":{"type":"LineString","coordinates":[[-58.366305,-34.615673],[-58.36625,-34.616116]]}},{"type":"Feature","properties":{"name":"Paseo del Bajo - Presidente Dr. Raúl R. Alfonsín","ref":null,"osm":"way/797145235"},"geometry":{"type":"LineString","coordinates":[[-58.366152,-34.616111],[-58.366203,-34.615669]]}},{"type":"Feature","properties":{"name":"Paseo del Bajo - Presidente Dr. Raúl R. Alfonsín","ref":null,"osm":"way/797145236"},"geometry":{"type":"LineString","coordinates":[[-58.366129,-34.616287],[-58.366152,-34.616111]]}},{"type":"Feature","properties":{"name":"Paseo del Bajo - Presidente Dr. Raúl R. Alfonsín","ref":null,"osm":"way/797145237"},"geometry":{"type":"LineString","coordinates":[[-58.366203,-34.615669],[-58.366227,-34.615465]]}},{"type":"Feature","properties":{"name":"Paseo del Bajo - Presidente Dr. Raúl R. Alfonsín","ref":null,"osm":"way/797145238"},"geometry":{"type":"LineString","coordinates":[[-58.365839,-34.619881],[-58.365928,-34.618308],[-58.365927,-34.618259],[-58.365934,-34.618168]]}},{"type":"Feature","properties":{"name":"Paseo del Bajo - Presidente Dr. Raúl R. Alfonsín","ref":null,"osm":"way/797145239"},"geometry":{"type":"LineString","coordinates":[[-58.366047,-34.61817],[-58.366041,-34.618259],[-58.366022,-34.61906]]}},{"type":"Feature","properties":{"name":"Paseo del Bajo - Presidente Dr. Raúl R. Alfonsín","ref":null,"osm":"way/797145240"},"geometry":{"type":"LineString","coordinates":[[-58.366326,-34.615472],[-58.366305,-34.615673]]}},{"type":"Feature","properties":{"name":"Avenida General Francisco Fernández de La Cruz","ref":null,"osm":"way/813543775"},"geometry":{"type":"LineString","coordinates":[[-58.444499,-34.660988],[-58.443564,-34.660272],[-58.44349,-34.660219]]}},{"type":"Feature","properties":{"name":null,"ref":null,"osm":"way/813543776"},"geometry":{"type":"LineString","coordinates":[[-58.443353,-34.650698],[-58.44343,-34.650705],[-58.443548,-34.650728]]}},{"type":"Feature","properties":{"name":"Avenida Nazca","ref":null,"osm":"way/815058353"},"geometry":{"type":"LineString","coordinates":[[-58.489363,-34.602146],[-58.488176,-34.603484]]}},{"type":"Feature","properties":{"name":"Avenida Nazca","ref":null,"osm":"way/815058354"},"geometry":{"type":"LineString","coordinates":[[-58.49034,-34.600813],[-58.490109,-34.601171],[-58.489797,-34.601656],[-58.489363,-34.602146]]}},{"type":"Feature","properties":{"name":"Avenida Don Pedro de Mendoza","ref":null,"osm":"way/827433650"},"geometry":{"type":"LineString","coordinates":[[-58.362314,-34.624143],[-58.362301,-34.62412],[-58.362283,-34.624094],[-58.362254,-34.624058]]}},{"type":"Feature","properties":{"name":null,"ref":null,"osm":"way/827433651"},"geometry":{"type":"LineString","coordinates":[[-58.364952,-34.623842],[-58.365014,-34.623928],[-58.365031,-34.623979],[-58.36503,-34.62405],[-58.36503,-34.624108],[-58.365022,-34.624159],[-58.364999,-34.624222]]}},{"type":"Feature","properties":{"name":"Avenida Warnes","ref":null,"osm":"way/828224221"},"geometry":{"type":"LineString","coordinates":[[-58.465132,-34.596446],[-58.465212,-34.596455],[-58.465296,-34.596446],[-58.465366,-34.596424],[-58.465459,-34.596389],[-58.465551,-34.596363]]}},{"type":"Feature","properties":{"name":"Avenida Dorrego","ref":null,"osm":"way/830160258"},"geometry":{"type":"LineString","coordinates":[[-58.420074,-34.56543],[-58.420155,-34.565579],[-58.420293,-34.565842]]}},{"type":"Feature","properties":{"name":"Paseo del Bajo - Presidente Dr. Raúl R. Alfonsín","ref":null,"osm":"way/851725343"},"geometry":{"type":"LineString","coordinates":[[-58.371114,-34.589283],[-58.371424,-34.588443]]}},{"type":"Feature","properties":{"name":"Paseo del Bajo - Presidente Dr. Raúl R. Alfonsín","ref":null,"osm":"way/851725344"},"geometry":{"type":"LineString","coordinates":[[-58.371225,-34.589317],[-58.371025,-34.58985]]}},{"type":"Feature","properties":{"name":"Paseo del Bajo - Presidente Dr. Raúl R. Alfonsín","ref":null,"osm":"way/851725345"},"geometry":{"type":"LineString","coordinates":[[-58.372049,-34.586978],[-58.371793,-34.587688]]}},{"type":"Feature","properties":{"name":"Paseo del Bajo - Presidente Dr. Raúl R. Alfonsín","ref":null,"osm":"way/851725346"},"geometry":{"type":"LineString","coordinates":[[-58.370925,-34.589832],[-58.371114,-34.589283]]}},{"type":"Feature","properties":{"name":null,"ref":null,"osm":"way/855188001"},"geometry":{"type":"LineString","coordinates":[[-58.365034,-34.589278],[-58.364772,-34.589236],[-58.364959,-34.589362],[-58.365187,-34.589406],[-58.365034,-34.589278]]}},{"type":"Feature","properties":{"name":"Avenida Presidente Ramón S. Castillo","ref":null,"osm":"way/855216043"},"geometry":{"type":"LineString","coordinates":[[-58.36887,-34.584043],[-58.368768,-34.584117],[-58.368647,-34.58419],[-58.36671,-34.585286],[-58.366551,-34.585363],[-58.366248,-34.585455]]}},{"type":"Feature","properties":{"name":null,"ref":null,"osm":"way/857417063"},"geometry":{"type":"LineString","coordinates":[[-58.369197,-34.582157],[-58.368419,-34.582583],[-58.368596,-34.582634],[-58.369321,-34.582249],[-58.369197,-34.582157]]}},{"type":"Feature","properties":{"name":null,"ref":null,"osm":"way/857417065"},"geometry":{"type":"LineString","coordinates":[[-58.367483,-34.582729],[-58.366912,-34.58319],[-58.366805,-34.583314],[-58.36652,-34.583641],[-58.36689,-34.584124],[-58.36707,-34.58399],[-58.367178,-34.58389],[-58.367306,-34.583725],[-58.36744,-34.58353],[-58.367553,-34.583356],[-58.367666,-34.583221],[-58.367741,-34.583137],[-58.367483,-34.582729]]}},{"type":"Feature","properties":{"name":null,"ref":null,"osm":"way/857710321"},"geometry":{"type":"LineString","coordinates":[[-58.376003,-34.577724],[-58.376124,-34.577887],[-58.374886,-34.578604],[-58.374863,-34.578397],[-58.376003,-34.577724]]}},{"type":"Feature","properties":{"name":"Avenida Presidente Ramón S. Castillo","ref":null,"osm":"way/858361745"},"geometry":{"type":"LineString","coordinates":[[-58.374675,-34.580454],[-58.374569,-34.580533],[-58.374068,-34.580922],[-58.373969,-34.580994],[-58.373865,-34.581058],[-58.373213,-34.581438],[-58.372464,-34.581866],[-58.371207,-34.582574],[-58.371133,-34.582633],[-58.370884,-34.582859],[-58.370811,-34.582913],[-58.370665,-34.583001],[-58.36912,-34.58387],[-58.369088,-34.583888],[-58.36887,-34.584043]]}},{"type":"Feature","properties":{"name":"Avenida Presidente Ramón S. Castillo","ref":null,"osm":"way/858361746"},"geometry":{"type":"LineString","coordinates":[[-58.375068,-34.580192],[-58.374883,-34.580306],[-58.374675,-34.580454]]}},{"type":"Feature","properties":{"name":"Avenida Presidente Ramón S. Castillo","ref":null,"osm":"way/858779877"},"geometry":{"type":"LineString","coordinates":[[-58.393923,-34.572941],[-58.392551,-34.573741]]}},{"type":"Feature","properties":{"name":null,"ref":null,"osm":"way/860517840"},"geometry":{"type":"LineString","coordinates":[[-58.390572,-34.570888],[-58.390338,-34.570609],[-58.390136,-34.570727],[-58.387509,-34.572262],[-58.386369,-34.572932],[-58.386417,-34.573007],[-58.385988,-34.573268],[-58.385897,-34.573149],[-58.383311,-34.574624],[-58.383527,-34.574974],[-58.390572,-34.570888]]}},{"type":"Feature","properties":{"name":"Avenida Costanera Rafael Obligado","ref":null,"osm":"way/860517841"},"geometry":{"type":"LineString","coordinates":[[-58.385062,-34.57668],[-58.384826,-34.576744],[-58.38473,-34.576735],[-58.383225,-34.576622],[-58.383075,-34.576572]]}},{"type":"Feature","properties":{"name":null,"ref":null,"osm":"way/860773641"},"geometry":{"type":"LineString","coordinates":[[-58.383306,-34.576291],[-58.383241,-34.576252],[-58.383188,-34.576201],[-58.382737,-34.575646],[-58.382667,-34.575536],[-58.382654,-34.575463],[-58.382673,-34.575404],[-58.382811,-34.575301],[-58.383222,-34.575035],[-58.383622,-34.574712],[-58.385919,-34.573385],[-58.390201,-34.57091],[-58.390231,-34.570796],[-58.390204,-34.570675],[-58.39017,-34.570628],[-58.390137,-34.570584],[-58.390011,-34.57054],[-58.389912,-34.570531],[-58.389794,-34.570538]]}},{"type":"Feature","properties":{"name":"Avenida Juan Bautista Alberdi","ref":null,"osm":"way/865385626"},"geometry":{"type":"LineString","coordinates":[[-58.504617,-34.653655],[-58.504876,-34.653836],[-58.504936,-34.653881],[-58.505716,-34.654455]]}},{"type":"Feature","properties":{"name":null,"ref":null,"osm":"way/865840318"},"geometry":{"type":"LineString","coordinates":[[-58.363286,-34.62427],[-58.363314,-34.624268],[-58.363341,-34.624266],[-58.363371,-34.624263],[-58.363409,-34.624259],[-58.363467,-34.624253],[-58.36375,-34.624195]]}},{"type":"Feature","properties":{"name":"Avenida Juan Bautista Justo","ref":null,"osm":"way/880786343"},"geometry":{"type":"LineString","coordinates":[[-58.52071,-34.633457],[-58.520967,-34.633585]]}},{"type":"Feature","properties":{"name":"Autopista Perito Moreno","ref":"AU6","osm":"way/888796955"},"geometry":{"type":"LineString","coordinates":[[-58.4816,-34.647299],[-58.480964,-34.647493]]}},{"type":"Feature","properties":{"name":"Avenida Pergamino","ref":null,"osm":"way/892479107"},"geometry":{"type":"LineString","coordinates":[[-58.440033,-34.666292],[-58.439929,-34.666312],[-58.439841,-34.66634],[-58.437934,-34.667442],[-58.436811,-34.668095],[-58.43641,-34.66833],[-58.435779,-34.668704]]}},{"type":"Feature","properties":{"name":"Avenida Vélez Sársfield","ref":null,"osm":"way/901230074"},"geometry":{"type":"LineString","coordinates":[[-58.388325,-34.659851],[-58.388329,-34.659787]]}},{"type":"Feature","properties":{"name":"Avenida Pinedo","ref":null,"osm":"way/901653715"},"geometry":{"type":"LineString","coordinates":[[-58.38111,-34.642439],[-58.381101,-34.642297],[-58.38101,-34.642112]]}},{"type":"Feature","properties":{"name":"Brandsen","ref":null,"osm":"way/901655518"},"geometry":{"type":"LineString","coordinates":[[-58.38136,-34.638431],[-58.381491,-34.638433],[-58.384128,-34.639014],[-58.384851,-34.639175],[-58.384875,-34.639179],[-58.386542,-34.639501],[-58.38666,-34.639522],[-58.386756,-34.639523],[-58.387111,-34.639515],[-58.388108,-34.639491],[-58.388568,-34.639471]]}},{"type":"Feature","properties":{"name":"Avenida Amancio Alcorta","ref":null,"osm":"way/901738314"},"geometry":{"type":"LineString","coordinates":[[-58.404601,-34.649452],[-58.404666,-34.649544]]}},{"type":"Feature","properties":{"name":"Avenida Amancio Alcorta","ref":null,"osm":"way/901738315"},"geometry":{"type":"LineString","coordinates":[[-58.405445,-34.650087],[-58.405525,-34.650158]]}},{"type":"Feature","properties":{"name":"Avenida Isidro Lorea","ref":null,"osm":"way/901738316"},"geometry":{"type":"LineString","coordinates":[[-58.405445,-34.650087],[-58.405542,-34.650029],[-58.405612,-34.649983],[-58.406045,-34.649724],[-58.406198,-34.649646],[-58.406353,-34.649574],[-58.406589,-34.649484],[-58.406856,-34.649396],[-58.407151,-34.649327]]}},{"type":"Feature","properties":{"name":"Avenida General Iriarte","ref":null,"osm":"way/901738317"},"geometry":{"type":"LineString","coordinates":[[-58.392239,-34.651374],[-58.391431,-34.651334],[-58.390643,-34.65129]]}},{"type":"Feature","properties":{"name":"Avenida General Iriarte","ref":null,"osm":"way/901738319"},"geometry":{"type":"LineString","coordinates":[[-58.392245,-34.65131],[-58.393299,-34.651366],[-58.393845,-34.651395],[-58.394304,-34.651427]]}},{"type":"Feature","properties":{"name":null,"ref":null,"osm":"way/901745711"},"geometry":{"type":"LineString","coordinates":[[-58.369759,-34.65111],[-58.369765,-34.651078],[-58.369779,-34.651048],[-58.3698,-34.651022],[-58.369819,-34.651005],[-58.369841,-34.650991],[-58.369866,-34.65098],[-58.369894,-34.650971],[-58.369922,-34.650967],[-58.369951,-34.650966],[-58.369992,-34.650971],[-58.37003,-34.650984],[-58.370064,-34.651002],[-58.370091,-34.651027],[-58.370112,-34.651056],[-58.370124,-34.651088],[-58.370127,-34.651122]]}},{"type":"Feature","properties":{"name":null,"ref":null,"osm":"way/901745712"},"geometry":{"type":"LineString","coordinates":[[-58.370127,-34.65113],[-58.370121,-34.651155],[-58.370111,-34.651179],[-58.370096,-34.651202],[-58.370076,-34.651222],[-58.370052,-34.651239],[-58.370026,-34.651252],[-58.369997,-34.651262],[-58.369966,-34.651267],[-58.369935,-34.651268],[-58.369904,-34.651265],[-58.369874,-34.651257],[-58.369846,-34.651246],[-58.369821,-34.65123],[-58.369803,-34.651215],[-58.36979,-34.651202],[-58.369772,-34.651173],[-58.369762,-34.651142],[-58.369759,-34.65111]]}},{"type":"Feature","properties":{"name":null,"ref":null,"osm":"way/903119086"},"geometry":{"type":"LineString","coordinates":[[-58.468899,-34.6497],[-58.468552,-34.649777]]}},{"type":"Feature","properties":{"name":null,"ref":null,"osm":"way/903119087"},"geometry":{"type":"LineString","coordinates":[[-58.4657,-34.652058],[-58.465757,-34.65202]]}},{"type":"Feature","properties":{"name":null,"ref":null,"osm":"way/903119088"},"geometry":{"type":"LineString","coordinates":[[-58.471816,-34.660983],[-58.472096,-34.661368]]}},{"type":"Feature","properties":{"name":null,"ref":null,"osm":"way/903119091"},"geometry":{"type":"LineString","coordinates":[[-58.47605,-34.670502],[-58.476453,-34.671149]]}},{"type":"Feature","properties":{"name":null,"ref":null,"osm":"way/903119092"},"geometry":{"type":"LineString","coordinates":[[-58.477793,-34.674826],[-58.477477,-34.674376]]}},{"type":"Feature","properties":{"name":"Avenida Don Pedro de Mendoza","ref":null,"osm":"way/905863569"},"geometry":{"type":"LineString","coordinates":[[-58.370269,-34.651905],[-58.370264,-34.651882]]}},{"type":"Feature","properties":{"name":"Avenida Francisco Beiró","ref":null,"osm":"way/915898628"},"geometry":{"type":"LineString","coordinates":[[-58.520507,-34.611186],[-58.521775,-34.611946],[-58.521854,-34.611995],[-58.521954,-34.612057]]}},{"type":"Feature","properties":{"name":"Avenida Coronel Roca","ref":null,"osm":"way/916888458"},"geometry":{"type":"LineString","coordinates":[[-58.464779,-34.693038],[-58.465146,-34.69337]]}},{"type":"Feature","properties":{"name":"Avenida Coronel Roca","ref":null,"osm":"way/917245406"},"geometry":{"type":"LineString","coordinates":[[-58.465146,-34.69337],[-58.465427,-34.69364]]}},{"type":"Feature","properties":{"name":"Avenida Intendente Cantilo","ref":"AV1-N","osm":"way/925011837"},"geometry":{"type":"LineString","coordinates":[[-58.455924,-34.539155],[-58.456516,-34.538873],[-58.456964,-34.538656]]}},{"type":"Feature","properties":{"name":"Avenida Teniente General Luis Dellepiane","ref":null,"osm":"way/932626576"},"geometry":{"type":"LineString","coordinates":[[-58.468362,-34.652552],[-58.469061,-34.65379],[-58.469176,-34.654012],[-58.469311,-34.654324],[-58.469861,-34.655529],[-58.469905,-34.655626],[-58.470051,-34.655964],[-58.470083,-34.656022],[-58.470353,-34.65659],[-58.4707,-34.657313],[-58.470748,-34.657413],[-58.471046,-34.658046]]}},{"type":"Feature","properties":{"name":"Paseo del Bajo - Presidente Dr. Raúl R. Alfonsín","ref":null,"osm":"way/939599143"},"geometry":{"type":"LineString","coordinates":[[-58.371519,-34.588468],[-58.371225,-34.589317]]}},{"type":"Feature","properties":{"name":"Paseo del Bajo - Presidente Dr. Raúl R. Alfonsín","ref":null,"osm":"way/939599144"},"geometry":{"type":"LineString","coordinates":[[-58.371793,-34.587688],[-58.371519,-34.588468]]}},{"type":"Feature","properties":{"name":"Paseo del Bajo - Presidente Dr. Raúl R. Alfonsín","ref":null,"osm":"way/939599145"},"geometry":{"type":"LineString","coordinates":[[-58.371701,-34.587659],[-58.371979,-34.586949]]}},{"type":"Feature","properties":{"name":"Paseo del Bajo - Presidente Dr. Raúl R. Alfonsín","ref":null,"osm":"way/939599146"},"geometry":{"type":"LineString","coordinates":[[-58.371424,-34.588443],[-58.371701,-34.587659]]}},{"type":"Feature","properties":{"name":"Avenida Don Pedro de Mendoza","ref":null,"osm":"way/947438539"},"geometry":{"type":"LineString","coordinates":[[-58.353259,-34.633176],[-58.353288,-34.632873],[-58.353335,-34.63261],[-58.35337,-34.632424],[-58.353404,-34.632272],[-58.353458,-34.632074],[-58.353518,-34.631847],[-58.353605,-34.631641]]}},{"type":"Feature","properties":{"name":"Avenida Elvira Rawson de Dellepiane","ref":null,"osm":"way/947438544"},"geometry":{"type":"LineString","coordinates":[[-58.361666,-34.623405],[-58.361529,-34.623334]]}},{"type":"Feature","properties":{"name":"California","ref":null,"osm":"way/949531757"},"geometry":{"type":"LineString","coordinates":[[-58.373033,-34.646638],[-58.37191,-34.646382],[-58.371113,-34.646224],[-58.371068,-34.646215],[-58.370999,-34.646199],[-58.37084,-34.646166]]}},{"type":"Feature","properties":{"name":null,"ref":null,"osm":"way/954081790"},"geometry":{"type":"LineString","coordinates":[[-58.388403,-34.570788],[-58.388949,-34.569734],[-58.386433,-34.569528],[-58.386409,-34.56953],[-58.386384,-34.569539],[-58.386358,-34.569562],[-58.38631,-34.569608],[-58.386263,-34.569606],[-58.386119,-34.57083],[-58.387523,-34.570943],[-58.3876,-34.57095],[-58.38767,-34.570966],[-58.38772,-34.570992],[-58.387946,-34.571015],[-58.388403,-34.570788]]}},{"type":"Feature","properties":{"name":"Avenida General Paz","ref":null,"osm":"way/955140996"},"geometry":{"type":"LineString","coordinates":[[-58.472508,-34.537322],[-58.47269,-34.537386],[-58.472852,-34.537426],[-58.473049,-34.537459],[-58.473234,-34.537481],[-58.473401,-34.537503],[-58.473604,-34.537534],[-58.473814,-34.53757],[-58.474023,-34.537612]]}},{"type":"Feature","properties":{"name":"Avenida Nazca","ref":null,"osm":"way/980766623"},"geometry":{"type":"LineString","coordinates":[[-58.470386,-34.629052],[-58.47045,-34.628909]]}},{"type":"Feature","properties":{"name":"Godoy Cruz","ref":null,"osm":"way/983729719"},"geometry":{"type":"LineString","coordinates":[[-58.438142,-34.590348],[-58.437114,-34.589606]]}},{"type":"Feature","properties":{"name":null,"ref":null,"osm":"way/1004131143"},"geometry":{"type":"LineString","coordinates":[[-58.374016,-34.650146],[-58.373706,-34.650334]]}},{"type":"Feature","properties":{"name":"General Hornos","ref":null,"osm":"way/1004460475"},"geometry":{"type":"LineString","coordinates":[[-58.373277,-34.649385],[-58.373823,-34.648344]]}},{"type":"Feature","properties":{"name":"General Hornos","ref":null,"osm":"way/1006336193"},"geometry":{"type":"LineString","coordinates":[[-58.375774,-34.639776],[-58.375827,-34.639521],[-58.376173,-34.63834],[-58.376206,-34.638234],[-58.37628,-34.638]]}},{"type":"Feature","properties":{"name":"Avenida Coronel Niceto Vega","ref":null,"osm":"way/1014626895"},"geometry":{"type":"LineString","coordinates":[[-58.443557,-34.583769],[-58.442657,-34.584402],[-58.442534,-34.584489]]}},{"type":"Feature","properties":{"name":"Avenida Escalada","ref":null,"osm":"way/1028141249"},"geometry":{"type":"LineString","coordinates":[[-58.472066,-34.663155],[-58.471367,-34.663681]]}},{"type":"Feature","properties":{"name":"Pinzón","ref":null,"osm":"way/1032650872"},"geometry":{"type":"LineString","coordinates":[[-58.355894,-34.632064],[-58.354358,-34.631442],[-58.353774,-34.631195]]}},{"type":"Feature","properties":{"name":"Paseo del Bajo - Presidente Dr. Raúl R. Alfonsín","ref":null,"osm":"way/1033903900"},"geometry":{"type":"LineString","coordinates":[[-58.367593,-34.601011],[-58.367748,-34.600373]]}},{"type":"Feature","properties":{"name":"Paseo del Bajo - Presidente Dr. Raúl R. Alfonsín","ref":null,"osm":"way/1033903901"},"geometry":{"type":"LineString","coordinates":[[-58.367748,-34.600373],[-58.367829,-34.600083]]}},{"type":"Feature","properties":{"name":"Avenida Francisco Beiró","ref":null,"osm":"way/1042392318"},"geometry":{"type":"LineString","coordinates":[[-58.509197,-34.604253],[-58.509455,-34.604411],[-58.509648,-34.60453],[-58.510453,-34.605025]]}},{"type":"Feature","properties":{"name":null,"ref":null,"osm":"way/1047351858"},"geometry":{"type":"LineString","coordinates":[[-58.389123,-34.578198],[-58.388817,-34.578178]]}},{"type":"Feature","properties":{"name":null,"ref":null,"osm":"way/1047351859"},"geometry":{"type":"LineString","coordinates":[[-58.389858,-34.578234],[-58.389123,-34.578198]]}},{"type":"Feature","properties":{"name":"Avenida General Francisco Fernández de La Cruz","ref":null,"osm":"way/1047438845"},"geometry":{"type":"LineString","coordinates":[[-58.432996,-34.651958],[-58.432861,-34.651834]]}},{"type":"Feature","properties":{"name":"Lafayette","ref":null,"osm":"way/1047438846"},"geometry":{"type":"LineString","coordinates":[[-58.390645,-34.651226],[-58.390643,-34.65129]]}},{"type":"Feature","properties":{"name":"Avenida General Iriarte","ref":null,"osm":"way/1047438847"},"geometry":{"type":"LineString","coordinates":[[-58.390643,-34.65129],[-58.390548,-34.651284],[-58.389434,-34.651226],[-58.389173,-34.651214],[-58.389007,-34.6512]]}},{"type":"Feature","properties":{"name":"Lafayette","ref":null,"osm":"way/1047438848"},"geometry":{"type":"LineString","coordinates":[[-58.390643,-34.65129],[-58.390562,-34.652523]]}},{"type":"Feature","properties":{"name":"Avenida Vélez Sársfield","ref":null,"osm":"way/1047438850"},"geometry":{"type":"LineString","coordinates":[[-58.388855,-34.653128],[-58.388907,-34.652427]]}},{"type":"Feature","properties":{"name":"Avenida Juan Bautista Justo","ref":null,"osm":"way/1047498962"},"geometry":{"type":"LineString","coordinates":[[-58.525807,-34.634581],[-58.525748,-34.634576],[-58.525613,-34.634566]]}},{"type":"Feature","properties":{"name":"Avenida de los Constituyentes","ref":null,"osm":"way/1050823585"},"geometry":{"type":"LineString","coordinates":[[-58.485077,-34.588722],[-58.484845,-34.588968],[-58.484821,-34.588992],[-58.484706,-34.589103]]}},{"type":"Feature","properties":{"name":"Avenida de los Constituyentes","ref":null,"osm":"way/1050823586"},"geometry":{"type":"LineString","coordinates":[[-58.487448,-34.586209],[-58.487381,-34.58628],[-58.487354,-34.586309],[-58.486965,-34.586718],[-58.486899,-34.58679],[-58.486875,-34.586816],[-58.486804,-34.586889]]}},{"type":"Feature","properties":{"name":null,"ref":null,"osm":"way/1051708862"},"geometry":{"type":"LineString","coordinates":[[-58.388877,-34.577064],[-58.388831,-34.577144]]}},{"type":"Feature","properties":{"name":null,"ref":null,"osm":"way/1051708863"},"geometry":{"type":"LineString","coordinates":[[-58.388835,-34.577074],[-58.388831,-34.577144],[-58.388793,-34.577203],[-58.388742,-34.577263],[-58.388638,-34.577347]]}},{"type":"Feature","properties":{"name":null,"ref":null,"osm":"way/1051708864"},"geometry":{"type":"LineString","coordinates":[[-58.388638,-34.577347],[-58.388556,-34.577383],[-58.388388,-34.577426],[-58.387305,-34.577669]]}},{"type":"Feature","properties":{"name":"Avenida Coronel Roca","ref":null,"osm":"way/1051713840"},"geometry":{"type":"LineString","coordinates":[[-58.464022,-34.69234],[-58.464779,-34.693038]]}},{"type":"Feature","properties":{"name":"Avenida Triunvirato","ref":null,"osm":"way/1052185557"},"geometry":{"type":"LineString","coordinates":[[-58.486634,-34.574091],[-58.486464,-34.574236],[-58.486373,-34.574317]]}},{"type":"Feature","properties":{"name":"Avenida Triunvirato","ref":null,"osm":"way/1052185558"},"geometry":{"type":"LineString","coordinates":[[-58.487172,-34.573662],[-58.487077,-34.573738],[-58.486794,-34.573963]]}},{"type":"Feature","properties":{"name":"Avenida Warnes","ref":null,"osm":"way/1058347978"},"geometry":{"type":"LineString","coordinates":[[-58.468102,-34.596277],[-58.466972,-34.596305]]}},{"type":"Feature","properties":{"name":"Avenida Don Pedro de Mendoza","ref":null,"osm":"way/1064909820"},"geometry":{"type":"LineString","coordinates":[[-58.356635,-34.637561],[-58.356345,-34.637351],[-58.356286,-34.637311],[-58.356261,-34.637295],[-58.356224,-34.637275],[-58.356186,-34.637257],[-58.356113,-34.637227],[-58.355683,-34.6371],[-58.355616,-34.637077],[-58.35556,-34.637057],[-58.355496,-34.637029],[-58.35541,-34.636988],[-58.354734,-34.636653]]}},{"type":"Feature","properties":{"name":"Avenida de los Constituyentes","ref":null,"osm":"way/1065982388"},"geometry":{"type":"LineString","coordinates":[[-58.509371,-34.569892],[-58.509355,-34.569902],[-58.509219,-34.569993]]}},{"type":"Feature","properties":{"name":"Avenida de los Constituyentes","ref":null,"osm":"way/1065982389"},"geometry":{"type":"LineString","coordinates":[[-58.50971,-34.569421],[-58.509809,-34.569325],[-58.509923,-34.569253]]}},{"type":"Feature","properties":{"name":"Avenida de los Constituyentes","ref":null,"osm":"way/1065982390"},"geometry":{"type":"LineString","coordinates":[[-58.509756,-34.569559],[-58.50947,-34.56982],[-58.509371,-34.569892]]}},{"type":"Feature","properties":{"name":"Avenida Álvarez Thomas","ref":null,"osm":"way/1066283742"},"geometry":{"type":"LineString","coordinates":[[-58.460507,-34.578287],[-58.460629,-34.578285],[-58.461624,-34.578276],[-58.461777,-34.578275],[-58.461951,-34.578284],[-58.46268,-34.578334],[-58.462986,-34.578359],[-58.46323,-34.578392]]}},{"type":"Feature","properties":{"name":"Avenida Warnes","ref":null,"osm":"way/1066610828"},"geometry":{"type":"LineString","coordinates":[[-58.465551,-34.596363],[-58.465632,-34.59635],[-58.465795,-34.596334]]}},{"type":"Feature","properties":{"name":"Avenida de los Constituyentes","ref":null,"osm":"way/1066617018"},"geometry":{"type":"LineString","coordinates":[[-58.509331,-34.569778],[-58.509567,-34.569564],[-58.50971,-34.569421]]}},{"type":"Feature","properties":{"name":"Avenida Nazca","ref":null,"osm":"way/1073241634"},"geometry":{"type":"LineString","coordinates":[[-58.492687,-34.597376],[-58.492756,-34.597268]]}},{"type":"Feature","properties":{"name":"Avenida de los Constituyentes","ref":null,"osm":"way/1074979175"},"geometry":{"type":"LineString","coordinates":[[-58.501485,-34.574674],[-58.500965,-34.575073],[-58.500825,-34.575178],[-58.500687,-34.575281]]}},{"type":"Feature","properties":{"name":"Avenida Argentina","ref":null,"osm":"way/1076970368"},"geometry":{"type":"LineString","coordinates":[[-58.478992,-34.672854],[-58.47828,-34.672816],[-58.477953,-34.672788]]}},{"type":"Feature","properties":{"name":"Avenida de los Constituyentes","ref":null,"osm":"way/1095388850"},"geometry":{"type":"LineString","coordinates":[[-58.488081,-34.585539],[-58.487541,-34.586111],[-58.487513,-34.58614],[-58.487448,-34.586209]]}},{"type":"Feature","properties":{"name":"Avenida de los Constituyentes","ref":null,"osm":"way/1132936973"},"geometry":{"type":"LineString","coordinates":[[-58.492539,-34.581583],[-58.492327,-34.581764],[-58.491763,-34.58225]]}},{"type":"Feature","properties":{"name":"Avenida San Martín","ref":null,"osm":"way/1136343615"},"geometry":{"type":"LineString","coordinates":[[-58.504886,-34.593895],[-58.505311,-34.593729]]}},{"type":"Feature","properties":{"name":"Avenida San Martín","ref":null,"osm":"way/1136343617"},"geometry":{"type":"LineString","coordinates":[[-58.502977,-34.594614],[-58.503681,-34.594345]]}},{"type":"Feature","properties":{"name":"Avenida San Martín","ref":null,"osm":"way/1136343618"},"geometry":{"type":"LineString","coordinates":[[-58.505848,-34.593637],[-58.505354,-34.593815],[-58.505148,-34.593891]]}},{"type":"Feature","properties":{"name":"Avenida San Martín","ref":null,"osm":"way/1136343619"},"geometry":{"type":"LineString","coordinates":[[-58.501925,-34.595009],[-58.502234,-34.594897],[-58.502977,-34.594614]]}},{"type":"Feature","properties":{"name":"Avenida San Martín","ref":null,"osm":"way/1136343621"},"geometry":{"type":"LineString","coordinates":[[-58.50301,-34.594676],[-58.502235,-34.594963],[-58.501919,-34.59508]]}},{"type":"Feature","properties":{"name":"Avenida San Martín","ref":null,"osm":"way/1136343623"},"geometry":{"type":"LineString","coordinates":[[-58.501739,-34.595067],[-58.50183,-34.59504],[-58.501925,-34.595009]]}},{"type":"Feature","properties":{"name":"Avenida San Martín","ref":null,"osm":"way/1136412581"},"geometry":{"type":"LineString","coordinates":[[-58.501598,-34.595233],[-58.500781,-34.595553]]}},{"type":"Feature","properties":{"name":"Avenida de los Constituyentes","ref":null,"osm":"way/1156468606"},"geometry":{"type":"LineString","coordinates":[[-58.499665,-34.576078],[-58.499006,-34.576588],[-58.49885,-34.576713]]}},{"type":"Feature","properties":{"name":"Avenida Francisco Beiró","ref":null,"osm":"way/1160083939"},"geometry":{"type":"LineString","coordinates":[[-58.529696,-34.61754],[-58.529715,-34.617555],[-58.529835,-34.617649],[-58.529912,-34.617707],[-58.530125,-34.61787]]}},{"type":"Feature","properties":{"name":"Avenida Francisco Beiró","ref":null,"osm":"way/1160083940"},"geometry":{"type":"LineString","coordinates":[[-58.524476,-34.613584],[-58.52471,-34.61372],[-58.52487,-34.613821],[-58.52493,-34.613859],[-58.525097,-34.613971]]}},{"type":"Feature","properties":{"name":"Avenida Francisco Beiró","ref":null,"osm":"way/1160083941"},"geometry":{"type":"LineString","coordinates":[[-58.486619,-34.590299],[-58.487204,-34.590655],[-58.487467,-34.590817]]}},{"type":"Feature","properties":{"name":"Paseo del Bajo - Presidente Dr. Raúl R. Alfonsín","ref":null,"osm":"way/1161953926"},"geometry":{"type":"LineString","coordinates":[[-58.396467,-34.573871],[-58.39592,-34.574218],[-58.395341,-34.57452],[-58.394136,-34.575167]]}},{"type":"Feature","properties":{"name":"Larrazábal","ref":null,"osm":"way/1162961118"},"geometry":{"type":"LineString","coordinates":[[-58.490961,-34.661648],[-58.492131,-34.660606],[-58.493175,-34.659668]]}},{"type":"Feature","properties":{"name":"Larrazábal","ref":null,"osm":"way/1162961119"},"geometry":{"type":"LineString","coordinates":[[-58.489772,-34.662663],[-58.49073,-34.661846],[-58.490843,-34.66175],[-58.490961,-34.661648]]}},{"type":"Feature","properties":{"name":"Bauness","ref":null,"osm":"way/1177412351"},"geometry":{"type":"LineString","coordinates":[[-58.489727,-34.572492],[-58.489665,-34.57257],[-58.489558,-34.572705]]}},{"type":"Feature","properties":{"name":"Avenida Vélez Sársfield","ref":null,"osm":"way/1184324067"},"geometry":{"type":"LineString","coordinates":[[-58.388543,-34.656923],[-58.388563,-34.656717],[-58.388614,-34.656195]]}},{"type":"Feature","properties":{"name":"Avenida Don Pedro de Mendoza","ref":null,"osm":"way/1184324071"},"geometry":{"type":"LineString","coordinates":[[-58.354858,-34.62952],[-58.355402,-34.629061],[-58.355695,-34.628831],[-58.355971,-34.628629]]}},{"type":"Feature","properties":{"name":null,"ref":null,"osm":"way/1184324072"},"geometry":{"type":"LineString","coordinates":[[-58.361556,-34.624958],[-58.361967,-34.624958],[-58.361987,-34.624957],[-58.362016,-34.624954],[-58.362038,-34.624949],[-58.362063,-34.624942],[-58.362091,-34.624931],[-58.362431,-34.624763],[-58.362674,-34.624641],[-58.362945,-34.624502],[-58.362963,-34.624494],[-58.362997,-34.624482],[-58.363027,-34.624475],[-58.363059,-34.624468],[-58.363221,-34.624442],[-58.363352,-34.62442],[-58.363375,-34.624414],[-58.363396,-34.624407],[-58.363423,-34.624394],[-58.363473,-34.624368],[-58.36375,-34.624195]]}},{"type":"Feature","properties":{"name":"Avenida Don Pedro de Mendoza","ref":null,"osm":"way/1184326485"},"geometry":{"type":"LineString","coordinates":[[-58.360933,-34.625366],[-58.361556,-34.624958]]}},{"type":"Feature","properties":{"name":"Avenida Regimiento de Patricios","ref":null,"osm":"way/1184517960"},"geometry":{"type":"LineString","coordinates":[[-58.367791,-34.64942],[-58.367713,-34.649854],[-58.367667,-34.649939]]}},{"type":"Feature","properties":{"name":"Paseo del Bajo - Presidente Dr. Raúl R. Alfonsín","ref":null,"osm":"way/1188172160"},"geometry":{"type":"LineString","coordinates":[[-58.366062,-34.617921],[-58.366047,-34.61817]]}},{"type":"Feature","properties":{"name":"Paseo del Bajo - Presidente Dr. Raúl R. Alfonsín","ref":null,"osm":"way/1188172161"},"geometry":{"type":"LineString","coordinates":[[-58.365955,-34.617917],[-58.365986,-34.617539]]}},{"type":"Feature","properties":{"name":"Paseo del Bajo - Presidente Dr. Raúl R. Alfonsín","ref":null,"osm":"way/1188172162"},"geometry":{"type":"LineString","coordinates":[[-58.366091,-34.617546],[-58.366062,-34.617921]]}},{"type":"Feature","properties":{"name":"Paseo del Bajo - Presidente Dr. Raúl R. Alfonsín","ref":null,"osm":"way/1188172163"},"geometry":{"type":"LineString","coordinates":[[-58.365934,-34.618168],[-58.365955,-34.617917]]}},{"type":"Feature","properties":{"name":"Paseo del Bajo - Presidente Dr. Raúl R. Alfonsín","ref":null,"osm":"way/1188172164"},"geometry":{"type":"LineString","coordinates":[[-58.367431,-34.602605],[-58.367392,-34.602913]]}},{"type":"Feature","properties":{"name":"Paseo del Bajo - Presidente Dr. Raúl R. Alfonsín","ref":null,"osm":"way/1188172165"},"geometry":{"type":"LineString","coordinates":[[-58.367548,-34.601806],[-58.367431,-34.602605]]}},{"type":"Feature","properties":{"name":"Paseo del Bajo - Presidente Dr. Raúl R. Alfonsín","ref":null,"osm":"way/1188172167"},"geometry":{"type":"LineString","coordinates":[[-58.366966,-34.606619],[-58.367007,-34.605575],[-58.367018,-34.605303],[-58.367035,-34.604858],[-58.367283,-34.602904],[-58.367321,-34.602604]]}},{"type":"Feature","properties":{"name":"Paseo del Bajo - Presidente Dr. Raúl R. Alfonsín","ref":null,"osm":"way/1188172168"},"geometry":{"type":"LineString","coordinates":[[-58.367321,-34.602604],[-58.367443,-34.601786],[-58.367486,-34.601562],[-58.367593,-34.601011]]}},{"type":"Feature","properties":{"name":"Paseo del Bajo - Presidente Dr. Raúl R. Alfonsín","ref":null,"osm":"way/1188172169"},"geometry":{"type":"LineString","coordinates":[[-58.367583,-34.601569],[-58.367548,-34.601806]]}},{"type":"Feature","properties":{"name":"Paseo del Bajo - Presidente Dr. Raúl R. Alfonsín","ref":null,"osm":"way/1188172170"},"geometry":{"type":"LineString","coordinates":[[-58.367828,-34.600394],[-58.367683,-34.601019],[-58.367583,-34.601569]]}},{"type":"Feature","properties":{"name":"Paseo del Bajo - Presidente Dr. Raúl R. Alfonsín","ref":null,"osm":"way/1188172174"},"geometry":{"type":"LineString","coordinates":[[-58.36792,-34.6001],[-58.367828,-34.600394]]}},{"type":"Feature","properties":{"name":"Paseo del Bajo - Presidente Dr. Raúl R. Alfonsín","ref":null,"osm":"way/1188172181"},"geometry":{"type":"LineString","coordinates":[[-58.368433,-34.59856],[-58.368241,-34.599124]]}},{"type":"Feature","properties":{"name":"Paseo del Bajo - Presidente Dr. Raúl R. Alfonsín","ref":null,"osm":"way/1188172183"},"geometry":{"type":"LineString","coordinates":[[-58.367829,-34.600083],[-58.368051,-34.5994]]}},{"type":"Feature","properties":{"name":"Avenida Vélez Sársfield","ref":null,"osm":"way/1190723790"},"geometry":{"type":"LineString","coordinates":[[-58.389656,-34.64293],[-58.389666,-34.642824]]}},{"type":"Feature","properties":{"name":"Avenida Perito Moreno","ref":null,"osm":"way/1191348753"},"geometry":{"type":"LineString","coordinates":[[-58.41649,-34.649732],[-58.416388,-34.649727]]}},{"type":"Feature","properties":{"name":"Autopista 25 de Mayo","ref":"AU1","osm":"way/1194859331"},"geometry":{"type":"LineString","coordinates":[[-58.456306,-34.638427],[-58.456503,-34.638584],[-58.456836,-34.638868],[-58.457424,-34.639367],[-58.457888,-34.639742],[-58.458151,-34.639953],[-58.45823,-34.640018],[-58.459204,-34.640719],[-58.459503,-34.640926],[-58.45993,-34.641221],[-58.460244,-34.641438],[-58.460483,-34.641614],[-58.460783,-34.641844]]}},{"type":"Feature","properties":{"name":"Autopista 25 de Mayo","ref":"AU1","osm":"way/1194859353"},"geometry":{"type":"LineString","coordinates":[[-58.460623,-34.642013],[-58.460372,-34.641799],[-58.46012,-34.641606],[-58.459535,-34.641175],[-58.458861,-34.640677],[-58.458411,-34.640345],[-58.458082,-34.640102],[-58.458029,-34.640059],[-58.457931,-34.63998],[-58.457776,-34.639855],[-58.456835,-34.639094],[-58.456072,-34.638467]]}},{"type":"Feature","properties":{"name":"Pedro de Luján","ref":null,"osm":"way/1197752524"},"geometry":{"type":"LineString","coordinates":[[-58.380005,-34.656452],[-58.379256,-34.656414],[-58.378886,-34.656395],[-58.378727,-34.656387],[-58.378646,-34.656383],[-58.378473,-34.656383],[-58.378296,-34.656388],[-58.378186,-34.656393]]}},{"type":"Feature","properties":{"name":"Avenida General Iriarte","ref":null,"osm":"way/1208599645"},"geometry":{"type":"LineString","coordinates":[[-58.394304,-34.651427],[-58.395308,-34.651478],[-58.39543,-34.651515]]}},{"type":"Feature","properties":{"name":"Avenida General Iriarte","ref":null,"osm":"way/1208599647"},"geometry":{"type":"LineString","coordinates":[[-58.39543,-34.651515],[-58.395306,-34.651535],[-58.394841,-34.651513]]}},{"type":"Feature","properties":{"name":"Avenida General Iriarte","ref":null,"osm":"way/1208599648"},"geometry":{"type":"LineString","coordinates":[[-58.394841,-34.651513],[-58.394299,-34.651481]]}},{"type":"Feature","properties":{"name":"Avenida San Martín","ref":null,"osm":"way/1215911537"},"geometry":{"type":"LineString","coordinates":[[-58.517856,-34.589579],[-58.518096,-34.589512],[-58.518135,-34.5895]]}},{"type":"Feature","properties":{"name":"Avenida de los Constituyentes","ref":null,"osm":"way/1216066886"},"geometry":{"type":"LineString","coordinates":[[-58.504095,-34.572847],[-58.503351,-34.573291],[-58.503265,-34.573346],[-58.502978,-34.573523]]}},{"type":"Feature","properties":{"name":"Avenida de los Constituyentes","ref":null,"osm":"way/1216066887"},"geometry":{"type":"LineString","coordinates":[[-58.504262,-34.572748],[-58.504186,-34.572792]]}},{"type":"Feature","properties":{"name":"Avenida de los Constituyentes","ref":null,"osm":"way/1216066904"},"geometry":{"type":"LineString","coordinates":[[-58.505342,-34.572133],[-58.505234,-34.572193]]}},{"type":"Feature","properties":{"name":"Avenida de los Constituyentes","ref":null,"osm":"way/1216066905"},"geometry":{"type":"LineString","coordinates":[[-58.505453,-34.57207],[-58.505342,-34.572133]]}},{"type":"Feature","properties":{"name":"Avenida Córdoba","ref":null,"osm":"way/1216611143"},"geometry":{"type":"LineString","coordinates":[[-58.444788,-34.584522],[-58.444938,-34.584442],[-58.44633,-34.583835]]}},{"type":"Feature","properties":{"name":"Avenida Córdoba","ref":null,"osm":"way/1216611145"},"geometry":{"type":"LineString","coordinates":[[-58.444504,-34.584711],[-58.444578,-34.584663]]}},{"type":"Feature","properties":{"name":"Avenida Coronel Niceto Vega","ref":null,"osm":"way/1216611147"},"geometry":{"type":"LineString","coordinates":[[-58.443625,-34.583722],[-58.443557,-34.583769]]}},{"type":"Feature","properties":{"name":"Avenida Coronel Niceto Vega","ref":null,"osm":"way/1216611148"},"geometry":{"type":"LineString","coordinates":[[-58.443734,-34.583648],[-58.443625,-34.583722]]}},{"type":"Feature","properties":{"name":"Avenida Álvarez Thomas","ref":null,"osm":"way/1216611176"},"geometry":{"type":"LineString","coordinates":[[-58.444522,-34.583128],[-58.444418,-34.58318]]}},{"type":"Feature","properties":{"name":"Avenida Coronel Niceto Vega","ref":null,"osm":"way/1216611177"},"geometry":{"type":"LineString","coordinates":[[-58.444418,-34.58318],[-58.444313,-34.583251],[-58.4438,-34.583603],[-58.443734,-34.583648]]}},{"type":"Feature","properties":{"name":"Avenida Álvarez Thomas","ref":null,"osm":"way/1216611190"},"geometry":{"type":"LineString","coordinates":[[-58.445731,-34.582609],[-58.444522,-34.583128]]}},{"type":"Feature","properties":{"name":"Avenida Córdoba","ref":null,"osm":"way/1216614694"},"geometry":{"type":"LineString","coordinates":[[-58.446436,-34.583789],[-58.446534,-34.583745]]}},{"type":"Feature","properties":{"name":"Avenida Córdoba","ref":null,"osm":"way/1216614695"},"geometry":{"type":"LineString","coordinates":[[-58.44633,-34.583835],[-58.446436,-34.583789]]}},{"type":"Feature","properties":{"name":"Avenida Lafuente","ref":null,"osm":"way/1219115152"},"geometry":{"type":"LineString","coordinates":[[-58.454069,-34.650206],[-58.454363,-34.650124],[-58.454498,-34.650074],[-58.454622,-34.650018]]}},{"type":"Feature","properties":{"name":"Avenida Lafuente","ref":null,"osm":"way/1219115154"},"geometry":{"type":"LineString","coordinates":[[-58.460623,-34.644448],[-58.460766,-34.64429],[-58.460832,-34.644202]]}},{"type":"Feature","properties":{"name":"Avenida Lafuente","ref":null,"osm":"way/1219115155"},"geometry":{"type":"LineString","coordinates":[[-58.46098,-34.644261],[-58.460911,-34.644309],[-58.460704,-34.644504]]}},{"type":"Feature","properties":{"name":"Avenida General Francisco Fernández de La Cruz","ref":null,"osm":"way/1219849254"},"geometry":{"type":"LineString","coordinates":[[-58.45593,-34.670488],[-58.4554,-34.669992],[-58.454965,-34.669549],[-58.454865,-34.669447]]}},{"type":"Feature","properties":{"name":"Avenida General Francisco Fernández de La Cruz","ref":null,"osm":"way/1219849255"},"geometry":{"type":"LineString","coordinates":[[-58.457572,-34.672029],[-58.457297,-34.671769],[-58.45699,-34.671471]]}},{"type":"Feature","properties":{"name":"Avenida del Barco Centenera","ref":null,"osm":"way/1219876035"},"geometry":{"type":"LineString","coordinates":[[-58.425281,-34.650124],[-58.425146,-34.650216]]}},{"type":"Feature","properties":{"name":"Avenida Perito Moreno","ref":null,"osm":"way/1219876036"},"geometry":{"type":"LineString","coordinates":[[-58.424786,-34.650099],[-58.424456,-34.650078],[-58.424088,-34.650073]]}},{"type":"Feature","properties":{"name":"Avenida Perito Moreno","ref":null,"osm":"way/1219876037"},"geometry":{"type":"LineString","coordinates":[[-58.425465,-34.650134],[-58.425281,-34.650124]]}},{"type":"Feature","properties":{"name":"Avenida Perito Moreno","ref":null,"osm":"way/1219876038"},"geometry":{"type":"LineString","coordinates":[[-58.425138,-34.650036],[-58.425391,-34.650047]]}},{"type":"Feature","properties":{"name":"Avenida Perito Moreno","ref":null,"osm":"way/1219876039"},"geometry":{"type":"LineString","coordinates":[[-58.421101,-34.649845],[-58.422328,-34.649899],[-58.422597,-34.649913],[-58.424169,-34.649978],[-58.424617,-34.650018],[-58.425025,-34.650029],[-58.425138,-34.650036]]}},{"type":"Feature","properties":{"name":"Avenida Perito Moreno","ref":null,"osm":"way/1219903192"},"geometry":{"type":"LineString","coordinates":[[-58.466886,-34.649839],[-58.466645,-34.649848],[-58.46647,-34.64986]]}},{"type":"Feature","properties":{"name":"Avenida Perito Moreno","ref":null,"osm":"way/1219903193"},"geometry":{"type":"LineString","coordinates":[[-58.464547,-34.649981],[-58.464374,-34.649994]]}},{"type":"Feature","properties":{"name":"Avenida Perito Moreno","ref":null,"osm":"way/1219903200"},"geometry":{"type":"LineString","coordinates":[[-58.463433,-34.650062],[-58.462944,-34.650102],[-58.462578,-34.650131],[-58.462451,-34.650142],[-58.462398,-34.650145],[-58.462239,-34.65016]]}},{"type":"Feature","properties":{"name":"Avenida Perito Moreno","ref":null,"osm":"way/1219903201"},"geometry":{"type":"LineString","coordinates":[[-58.463433,-34.64995],[-58.464352,-34.649861],[-58.464492,-34.649848]]}},{"type":"Feature","properties":{"name":"Avenida Perito Moreno","ref":null,"osm":"way/1219903212"},"geometry":{"type":"LineString","coordinates":[[-58.457142,-34.650531],[-58.457352,-34.650511]]}},{"type":"Feature","properties":{"name":"Avenida Perito Moreno","ref":null,"osm":"way/1219903213"},"geometry":{"type":"LineString","coordinates":[[-58.454634,-34.650775],[-58.455151,-34.650722],[-58.455566,-34.65068],[-58.457142,-34.650531]]}},{"type":"Feature","properties":{"name":"Avenida Perito Moreno","ref":null,"osm":"way/1219903214"},"geometry":{"type":"LineString","coordinates":[[-58.457187,-34.650615],[-58.455011,-34.650824],[-58.454882,-34.650837],[-58.454646,-34.650859]]}},{"type":"Feature","properties":{"name":"Avenida Perito Moreno","ref":null,"osm":"way/1219903215"},"geometry":{"type":"LineString","coordinates":[[-58.45779,-34.650557],[-58.457426,-34.650592],[-58.457187,-34.650615]]}},{"type":"Feature","properties":{"name":"Avenida Lacarra","ref":null,"osm":"way/1219906440"},"geometry":{"type":"LineString","coordinates":[[-58.467346,-34.651163],[-58.467483,-34.651058]]}},{"type":"Feature","properties":{"name":"Avenida Teniente General Luis Dellepiane","ref":null,"osm":"way/1219906442"},"geometry":{"type":"LineString","coordinates":[[-58.467346,-34.651163],[-58.467411,-34.651245]]}},{"type":"Feature","properties":{"name":"Avenida Teniente General Luis Dellepiane","ref":null,"osm":"way/1219906443"},"geometry":{"type":"LineString","coordinates":[[-58.467302,-34.651044],[-58.467346,-34.651163]]}},{"type":"Feature","properties":{"name":null,"ref":null,"osm":"way/1225124603"},"geometry":{"type":"LineString","coordinates":[[-58.454634,-34.650775],[-58.454646,-34.650859]]}},{"type":"Feature","properties":{"name":"Avenida General Francisco Fernández de La Cruz","ref":null,"osm":"way/1225341347"},"geometry":{"type":"LineString","coordinates":[[-58.446367,-34.66248],[-58.446343,-34.662459],[-58.446311,-34.662435],[-58.446239,-34.662381]]}},{"type":"Feature","properties":{"name":"Avenida General Francisco Fernández de La Cruz","ref":null,"osm":"way/1225341348"},"geometry":{"type":"LineString","coordinates":[[-58.446346,-34.662294],[-58.446414,-34.662351],[-58.446444,-34.662376],[-58.446471,-34.662399]]}},{"type":"Feature","properties":{"name":"Avenida General Francisco Fernández de La Cruz","ref":null,"osm":"way/1225341349"},"geometry":{"type":"LineString","coordinates":[[-58.444771,-34.66104],[-58.445522,-34.661648],[-58.445596,-34.661706],[-58.445671,-34.661765],[-58.446258,-34.662225],[-58.446346,-34.662294]]}},{"type":"Feature","properties":{"name":"Avenida Perito Moreno","ref":null,"osm":"way/1226348242"},"geometry":{"type":"LineString","coordinates":[[-58.425391,-34.650047],[-58.425564,-34.650056]]}},{"type":"Feature","properties":{"name":"Avenida Perito Moreno","ref":null,"osm":"way/1226348243"},"geometry":{"type":"LineString","coordinates":[[-58.425281,-34.650124],[-58.425047,-34.65011]]}},{"type":"Feature","properties":{"name":"Avenida del Barco Centenera","ref":null,"osm":"way/1226348244"},"geometry":{"type":"LineString","coordinates":[[-58.425391,-34.650047],[-58.425281,-34.650124]]}},{"type":"Feature","properties":{"name":"Avenida Presidente Figueroa Alcorta","ref":null,"osm":"way/1227482953"},"geometry":{"type":"LineString","coordinates":[[-58.411907,-34.571345],[-58.412019,-34.5713],[-58.412063,-34.571282]]}},{"type":"Feature","properties":{"name":"Avenida Presidente Sarmiento","ref":null,"osm":"way/1227482955"},"geometry":{"type":"LineString","coordinates":[[-58.411785,-34.571265],[-58.411907,-34.571345]]}},{"type":"Feature","properties":{"name":"Avenida Presidente Figueroa Alcorta","ref":null,"osm":"way/1227937539"},"geometry":{"type":"LineString","coordinates":[[-58.417784,-34.566711],[-58.417964,-34.566611]]}},{"type":"Feature","properties":{"name":"Pinzón","ref":null,"osm":"way/1230931866"},"geometry":{"type":"LineString","coordinates":[[-58.359128,-34.633364],[-58.359002,-34.633311],[-58.358509,-34.633112]]}},{"type":"Feature","properties":{"name":"Avenida de los Constituyentes","ref":null,"osm":"way/1236133145"},"geometry":{"type":"LineString","coordinates":[[-58.485429,-34.588345],[-58.485077,-34.588722]]}},{"type":"Feature","properties":{"name":"Autopista Presidente Arturo Frondizi","ref":"AV1-Sur","osm":"way/1242709556"},"geometry":{"type":"LineString","coordinates":[[-58.372155,-34.65293],[-58.371735,-34.654269]]}},{"type":"Feature","properties":{"name":"Avenida Triunvirato","ref":null,"osm":"way/1245101733"},"geometry":{"type":"LineString","coordinates":[[-58.496803,-34.563041],[-58.496793,-34.56313],[-58.496768,-34.563232],[-58.496724,-34.56334],[-58.49667,-34.563437],[-58.49661,-34.563533]]}},{"type":"Feature","properties":{"name":"Avenida Juan Bautista Justo","ref":null,"osm":"way/1246995812"},"geometry":{"type":"LineString","coordinates":[[-58.428987,-34.580835],[-58.429058,-34.580901],[-58.429154,-34.580992]]}},{"type":"Feature","properties":{"name":"Avenida Juan Bautista Justo","ref":null,"osm":"way/1246995813"},"geometry":{"type":"LineString","coordinates":[[-58.428037,-34.579975],[-58.428182,-34.580031],[-58.428952,-34.580803],[-58.428987,-34.580835]]}},{"type":"Feature","properties":{"name":"Avenida Juan Bautista Justo","ref":null,"osm":"way/1246995817"},"geometry":{"type":"LineString","coordinates":[[-58.429047,-34.581072],[-58.42895,-34.580981]]}},{"type":"Feature","properties":{"name":"Avenida Juan Bautista Justo","ref":null,"osm":"way/1246995818"},"geometry":{"type":"LineString","coordinates":[[-58.42895,-34.580981],[-58.428877,-34.580913]]}},{"type":"Feature","properties":{"name":"Avenida Intendente Bullrich","ref":null,"osm":"way/1247011747"},"geometry":{"type":"LineString","coordinates":[[-58.426616,-34.577742],[-58.426636,-34.577803],[-58.426644,-34.577871],[-58.426643,-34.577938]]}},{"type":"Feature","properties":{"name":"Avenida Ruiz Huidobro","ref":null,"osm":"way/1250501989"},"geometry":{"type":"LineString","coordinates":[[-58.494351,-34.555159],[-58.494251,-34.555081]]}},{"type":"Feature","properties":{"name":"Avenida Ruiz Huidobro","ref":null,"osm":"way/1250501990"},"geometry":{"type":"LineString","coordinates":[[-58.494161,-34.555009],[-58.493954,-34.554865]]}},{"type":"Feature","properties":{"name":"Avenida Doctor Ricardo Balbín","ref":null,"osm":"way/1250501992"},"geometry":{"type":"LineString","coordinates":[[-58.494428,-34.55507],[-58.494524,-34.555075],[-58.494609,-34.555081]]}},{"type":"Feature","properties":{"name":"Avenida Ruiz Huidobro","ref":null,"osm":"way/1250501996"},"geometry":{"type":"LineString","coordinates":[[-58.493878,-34.554813],[-58.493816,-34.554782]]}},{"type":"Feature","properties":{"name":"Avenida Ruiz Huidobro","ref":null,"osm":"way/1250501997"},"geometry":{"type":"LineString","coordinates":[[-58.494251,-34.555081],[-58.494161,-34.555009]]}},{"type":"Feature","properties":{"name":"Avenida Amancio Alcorta","ref":null,"osm":"way/1253162712"},"geometry":{"type":"LineString","coordinates":[[-58.400846,-34.644954],[-58.400863,-34.644962],[-58.401223,-34.645155]]}},{"type":"Feature","properties":{"name":"Avenida Amancio Alcorta","ref":null,"osm":"way/1253162714"},"geometry":{"type":"LineString","coordinates":[[-58.396266,-34.642535],[-58.396405,-34.642608],[-58.397593,-34.6432],[-58.397763,-34.643286]]}},{"type":"Feature","properties":{"name":"Avenida Leopoldo Lugones","ref":"AV1-N","osm":"way/1257942373"},"geometry":{"type":"LineString","coordinates":[[-58.439992,-34.547672],[-58.438755,-34.548344],[-58.438266,-34.548598],[-58.437054,-34.549244]]}},{"type":"Feature","properties":{"name":"Avenida Leopoldo Lugones","ref":"AV1-N","osm":"way/1257942375"},"geometry":{"type":"LineString","coordinates":[[-58.456043,-34.539696],[-58.45485,-34.540256],[-58.454532,-34.540387],[-58.454186,-34.540506],[-58.453912,-34.540586],[-58.453647,-34.540656],[-58.45279,-34.540884],[-58.452541,-34.540962],[-58.452278,-34.541051],[-58.452036,-34.541149],[-58.451999,-34.541164]]}},{"type":"Feature","properties":{"name":"Avenida Ruiz Huidobro","ref":null,"osm":"way/1265418106"},"geometry":{"type":"LineString","coordinates":[[-58.493954,-34.554865],[-58.493878,-34.554813]]}},{"type":"Feature","properties":{"name":"Avenida Doctor Ricardo Balbín","ref":null,"osm":"way/1265418108"},"geometry":{"type":"LineString","coordinates":[[-58.495569,-34.555784],[-58.495484,-34.55578],[-58.495414,-34.555762],[-58.495316,-34.555722],[-58.495197,-34.555663]]}},{"type":"Feature","properties":{"name":"Avenida Doctor Ricardo Balbín","ref":null,"osm":"way/1265418109"},"geometry":{"type":"LineString","coordinates":[[-58.498069,-34.552648],[-58.498122,-34.552577],[-58.498535,-34.552092],[-58.498602,-34.552011]]}},{"type":"Feature","properties":{"name":"Avenida Doctor Ricardo Balbín","ref":null,"osm":"way/1265418110"},"geometry":{"type":"LineString","coordinates":[[-58.497459,-34.553397],[-58.497523,-34.553318],[-58.498015,-34.552718],[-58.498069,-34.552648]]}},{"type":"Feature","properties":{"name":"Avenida Doctor Ricardo Balbín","ref":null,"osm":"way/1265418111"},"geometry":{"type":"LineString","coordinates":[[-58.495694,-34.555313],[-58.495798,-34.555284],[-58.495862,-34.555251],[-58.495906,-34.55522],[-58.495987,-34.55515],[-58.496062,-34.555073],[-58.496202,-34.554912]]}},{"type":"Feature","properties":{"name":"Avenida Doctor Ricardo Balbín","ref":null,"osm":"way/1265418112"},"geometry":{"type":"LineString","coordinates":[[-58.496202,-34.554912],[-58.496274,-34.554824],[-58.496764,-34.554219],[-58.49682,-34.554156],[-58.496875,-34.554089],[-58.497284,-34.553598],[-58.497373,-34.553495],[-58.497459,-34.553397]]}},{"type":"Feature","properties":{"name":"Donado","ref":null,"osm":"way/1265697395"},"geometry":{"type":"LineString","coordinates":[[-58.491334,-34.551252],[-58.490763,-34.552033],[-58.490347,-34.552631],[-58.490322,-34.552667],[-58.490305,-34.552691]]}},{"type":"Feature","properties":{"name":"Donado","ref":null,"osm":"way/1265697398"},"geometry":{"type":"LineString","coordinates":[[-58.492417,-34.549671],[-58.49186,-34.550478]]}},{"type":"Feature","properties":{"name":"Paseo del Bajo - Presidente Dr. Raúl R. Alfonsín","ref":null,"osm":"way/1267257099"},"geometry":{"type":"LineString","coordinates":[[-58.367392,-34.602913],[-58.367145,-34.604862],[-58.367143,-34.605001]]}},{"type":"Feature","properties":{"name":"Paseo del Bajo - Presidente Dr. Raúl R. Alfonsín","ref":null,"osm":"way/1267257100"},"geometry":{"type":"LineString","coordinates":[[-58.367143,-34.605001],[-58.367136,-34.605298],[-58.367132,-34.605407]]}},{"type":"Feature","properties":{"name":"Avenida Lisandro de la Torre","ref":null,"osm":"way/1267946038"},"geometry":{"type":"LineString","coordinates":[[-58.504594,-34.658906],[-58.504374,-34.659084],[-58.504287,-34.659157],[-58.50312,-34.660129]]}},{"type":"Feature","properties":{"name":"Avenida San Martín","ref":null,"osm":"way/1268201305"},"geometry":{"type":"LineString","coordinates":[[-58.464888,-34.602922],[-58.46467,-34.602972],[-58.462916,-34.603421]]}},{"type":"Feature","properties":{"name":"Avenida San Martín","ref":null,"osm":"way/1268201306"},"geometry":{"type":"LineString","coordinates":[[-58.468988,-34.601934],[-58.467441,-34.602298],[-58.467252,-34.602343]]}},{"type":"Feature","properties":{"name":"Avenida San Martín","ref":null,"osm":"way/1268201307"},"geometry":{"type":"LineString","coordinates":[[-58.480752,-34.598752],[-58.480841,-34.598715],[-58.482272,-34.598098]]}},{"type":"Feature","properties":{"name":"Avenida San Martín","ref":null,"osm":"way/1268201308"},"geometry":{"type":"LineString","coordinates":[[-58.486537,-34.59742],[-58.486856,-34.597399],[-58.487139,-34.597377]]}},{"type":"Feature","properties":{"name":"Avenida San Martín","ref":null,"osm":"way/1268201309"},"geometry":{"type":"LineString","coordinates":[[-58.484842,-34.597551],[-58.485149,-34.597529],[-58.485383,-34.59751]]}},{"type":"Feature","properties":{"name":"Avenida San Martín","ref":null,"osm":"way/1268201310"},"geometry":{"type":"LineString","coordinates":[[-58.486049,-34.597603],[-58.485757,-34.597621],[-58.485399,-34.597643]]}},{"type":"Feature","properties":{"name":"Avenida San Martín","ref":null,"osm":"way/1268201312"},"geometry":{"type":"LineString","coordinates":[[-58.488646,-34.597415],[-58.487918,-34.597466],[-58.487775,-34.597476]]}},{"type":"Feature","properties":{"name":"Avenida San Martín","ref":null,"osm":"way/1268201313"},"geometry":{"type":"LineString","coordinates":[[-58.496728,-34.596874],[-58.495109,-34.596981],[-58.494899,-34.596995]]}},{"type":"Feature","properties":{"name":"Avenida San Martín","ref":null,"osm":"way/1268201314"},"geometry":{"type":"LineString","coordinates":[[-58.499647,-34.595973],[-58.499505,-34.596029],[-58.499472,-34.596042],[-58.498632,-34.596353],[-58.498454,-34.596424]]}},{"type":"Feature","properties":{"name":"Avenida San Martín","ref":null,"osm":"way/1268201315"},"geometry":{"type":"LineString","coordinates":[[-58.506313,-34.59347],[-58.506164,-34.593524],[-58.505848,-34.593637]]}},{"type":"Feature","properties":{"name":"Avenida San Martín","ref":null,"osm":"way/1268201317"},"geometry":{"type":"LineString","coordinates":[[-58.513976,-34.590876],[-58.512715,-34.591241],[-58.512654,-34.591258],[-58.512499,-34.591302]]}},{"type":"Feature","properties":{"name":"Autopista Perito Moreno","ref":"AU6","osm":"way/1271058604"},"geometry":{"type":"LineString","coordinates":[[-58.52492,-34.635965],[-58.526086,-34.635425]]}},{"type":"Feature","properties":{"name":"Autopista Perito Moreno","ref":"AU6","osm":"way/1279555899"},"geometry":{"type":"LineString","coordinates":[[-58.487523,-34.644771],[-58.48689,-34.645128],[-58.486677,-34.645242],[-58.485643,-34.645747],[-58.485027,-34.646017]]}},{"type":"Feature","properties":{"name":"Paseo del Bajo - Presidente Dr. Raúl R. Alfonsín","ref":null,"osm":"way/1281777277"},"geometry":{"type":"LineString","coordinates":[[-58.366022,-34.61906],[-58.365934,-34.619906]]}},{"type":"Feature","properties":{"name":"Avenida Teniente General Luis Dellepiane","ref":null,"osm":"way/1282248550"},"geometry":{"type":"LineString","coordinates":[[-58.475612,-34.66794],[-58.475678,-34.66817],[-58.475938,-34.66901]]}},{"type":"Feature","properties":{"name":null,"ref":null,"osm":"way/1282248551"},"geometry":{"type":"LineString","coordinates":[[-58.477494,-34.672875],[-58.47745,-34.672923],[-58.477426,-34.672946]]}},{"type":"Feature","properties":{"name":"Avenida Argentina","ref":null,"osm":"way/1282248553"},"geometry":{"type":"LineString","coordinates":[[-58.479926,-34.672913],[-58.479111,-34.672897]]}},{"type":"Feature","properties":{"name":"Avenida Piedra Buena","ref":null,"osm":"way/1282248555"},"geometry":{"type":"LineString","coordinates":[[-58.4917,-34.674198],[-58.491537,-34.67439]]}},{"type":"Feature","properties":{"name":"Avenida Juan Bautista Justo","ref":null,"osm":"way/1282536030"},"geometry":{"type":"LineString","coordinates":[[-58.428037,-34.579975],[-58.427889,-34.579796]]}},{"type":"Feature","properties":{"name":"Autopista Perito Moreno","ref":"AU6","osm":"way/1284415409"},"geometry":{"type":"LineString","coordinates":[[-58.47786,-34.647542],[-58.47818,-34.647496],[-58.478435,-34.647497],[-58.478978,-34.647543]]}},{"type":"Feature","properties":{"name":"Avenida Don Pedro de Mendoza","ref":null,"osm":"way/1285400228"},"geometry":{"type":"LineString","coordinates":[[-58.36019,-34.62586],[-58.360933,-34.625366]]}},{"type":"Feature","properties":{"name":"Avenida Don Pedro de Mendoza","ref":null,"osm":"way/1285400229"},"geometry":{"type":"LineString","coordinates":[[-58.359446,-34.626346],[-58.36019,-34.62586]]}},{"type":"Feature","properties":{"name":"Avenida Don Pedro de Mendoza","ref":null,"osm":"way/1285400230"},"geometry":{"type":"LineString","coordinates":[[-58.357034,-34.627912],[-58.357354,-34.627703],[-58.358446,-34.626989]]}},{"type":"Feature","properties":{"name":"Avenida Don Pedro de Mendoza","ref":null,"osm":"way/1285400231"},"geometry":{"type":"LineString","coordinates":[[-58.355971,-34.628629],[-58.357034,-34.627912]]}},{"type":"Feature","properties":{"name":"Avenida de los Constituyentes","ref":null,"osm":"way/1290134410"},"geometry":{"type":"LineString","coordinates":[[-58.482006,-34.59006],[-58.481576,-34.590207],[-58.481454,-34.590247]]}},{"type":"Feature","properties":{"name":"Avenida de los Constituyentes","ref":null,"osm":"way/1290134411"},"geometry":{"type":"LineString","coordinates":[[-58.482497,-34.589886],[-58.482006,-34.59006]]}},{"type":"Feature","properties":{"name":"Avenida de los Constituyentes","ref":null,"osm":"way/1290134412"},"geometry":{"type":"LineString","coordinates":[[-58.486114,-34.58762],[-58.485429,-34.588345]]}},{"type":"Feature","properties":{"name":"Avenida de los Constituyentes","ref":null,"osm":"way/1290134413"},"geometry":{"type":"LineString","coordinates":[[-58.490428,-34.583398],[-58.490273,-34.583535]]}},{"type":"Feature","properties":{"name":"Avenida de los Constituyentes","ref":null,"osm":"way/1290134414"},"geometry":{"type":"LineString","coordinates":[[-58.491038,-34.582876],[-58.490796,-34.583084],[-58.490733,-34.583138],[-58.490428,-34.583398]]}},{"type":"Feature","properties":{"name":"Avenida de los Constituyentes","ref":null,"osm":"way/1290134415"},"geometry":{"type":"LineString","coordinates":[[-58.491763,-34.58225],[-58.491038,-34.582876]]}},{"type":"Feature","properties":{"name":"Avenida de los Constituyentes","ref":null,"osm":"way/1290134416"},"geometry":{"type":"LineString","coordinates":[[-58.500151,-34.575707],[-58.499665,-34.576078]]}},{"type":"Feature","properties":{"name":"Avenida de los Constituyentes","ref":null,"osm":"way/1290134418"},"geometry":{"type":"LineString","coordinates":[[-58.504186,-34.572792],[-58.504095,-34.572847]]}},{"type":"Feature","properties":{"name":"Avenida de los Constituyentes","ref":null,"osm":"way/1290134419"},"geometry":{"type":"LineString","coordinates":[[-58.50607,-34.571722],[-58.50558,-34.572],[-58.505525,-34.57203],[-58.505453,-34.57207]]}},{"type":"Feature","properties":{"name":"Avenida Eva Perón","ref":null,"osm":"way/1290379877"},"geometry":{"type":"LineString","coordinates":[[-58.501659,-34.673978],[-58.501451,-34.673861]]}},{"type":"Feature","properties":{"name":"Avenida Dorrego","ref":null,"osm":"way/1293310097"},"geometry":{"type":"LineString","coordinates":[[-58.423536,-34.570458],[-58.423194,-34.570048]]}},{"type":"Feature","properties":{"name":"Avenida Intendente Bullrich","ref":null,"osm":"way/1293471257"},"geometry":{"type":"LineString","coordinates":[[-58.423349,-34.57147],[-58.423267,-34.571238]]}},{"type":"Feature","properties":{"name":"Avenida Triunvirato","ref":null,"osm":"way/1294964829"},"geometry":{"type":"LineString","coordinates":[[-58.49661,-34.563533],[-58.496541,-34.563624],[-58.496266,-34.563986],[-58.49611,-34.5642],[-58.495637,-34.564852]]}},{"type":"Feature","properties":{"name":"Avenida Dorrego","ref":null,"osm":"way/1297206491"},"geometry":{"type":"LineString","coordinates":[[-58.421848,-34.568584],[-58.42196,-34.568778],[-58.422048,-34.568892],[-58.42283,-34.569705],[-58.423194,-34.570048]]}},{"type":"Feature","properties":{"name":"Avenida Doctor Ricardo Balbín","ref":null,"osm":"way/1298634714"},"geometry":{"type":"LineString","coordinates":[[-58.499055,-34.552035],[-58.498961,-34.552167]]}},{"type":"Feature","properties":{"name":"Avenida Doctor Ricardo Balbín","ref":null,"osm":"way/1300370557"},"geometry":{"type":"LineString","coordinates":[[-58.498602,-34.552011],[-58.498618,-34.551994],[-58.498692,-34.551896]]}},{"type":"Feature","properties":{"name":"Avenida Doctor Ricardo Balbín","ref":null,"osm":"way/1300370558"},"geometry":{"type":"LineString","coordinates":[[-58.498692,-34.551896],[-58.498757,-34.551814]]}},{"type":"Feature","properties":{"name":"Avenida Amancio Alcorta","ref":null,"osm":"way/1300377184"},"geometry":{"type":"LineString","coordinates":[[-58.405525,-34.650158],[-58.405596,-34.650223]]}},{"type":"Feature","properties":{"name":"Avenida Amancio Alcorta","ref":null,"osm":"way/1300377185"},"geometry":{"type":"LineString","coordinates":[[-58.405378,-34.650394],[-58.405268,-34.650302]]}},{"type":"Feature","properties":{"name":"Avenida Amancio Alcorta","ref":null,"osm":"way/1300377186"},"geometry":{"type":"LineString","coordinates":[[-58.404997,-34.650025],[-58.404898,-34.649885]]}},{"type":"Feature","properties":{"name":"Avenida Amancio Alcorta","ref":null,"osm":"way/1300377187"},"geometry":{"type":"LineString","coordinates":[[-58.405047,-34.64976],[-58.405236,-34.649936]]}},{"type":"Feature","properties":{"name":"Paseo del Bajo - Presidente Dr. Raúl R. Alfonsín","ref":null,"osm":"way/1301074002"},"geometry":{"type":"LineString","coordinates":[[-58.368153,-34.599104],[-58.368337,-34.598571]]}},{"type":"Feature","properties":{"name":"Paseo del Bajo - Presidente Dr. Raúl R. Alfonsín","ref":null,"osm":"way/1301074003"},"geometry":{"type":"LineString","coordinates":[[-58.368051,-34.5994],[-58.368153,-34.599104]]}},{"type":"Feature","properties":{"name":"Paseo del Bajo - Presidente Dr. Raúl R. Alfonsín","ref":null,"osm":"way/1301074004"},"geometry":{"type":"LineString","coordinates":[[-58.368139,-34.59942],[-58.36792,-34.6001]]}},{"type":"Feature","properties":{"name":"Paseo del Bajo - Presidente Dr. Raúl R. Alfonsín","ref":null,"osm":"way/1301074005"},"geometry":{"type":"LineString","coordinates":[[-58.368241,-34.599124],[-58.368139,-34.59942]]}},{"type":"Feature","properties":{"name":"Paseo del Bajo - Presidente Dr. Raúl R. Alfonsín","ref":null,"osm":"way/1301074006"},"geometry":{"type":"LineString","coordinates":[[-58.368553,-34.598215],[-58.368433,-34.59856]]}},{"type":"Feature","properties":{"name":"Paseo del Bajo - Presidente Dr. Raúl R. Alfonsín","ref":null,"osm":"way/1301074007"},"geometry":{"type":"LineString","coordinates":[[-58.369175,-34.596426],[-58.368553,-34.598215]]}},{"type":"Feature","properties":{"name":"Paseo del Bajo - Presidente Dr. Raúl R. Alfonsín","ref":null,"osm":"way/1301074008"},"geometry":{"type":"LineString","coordinates":[[-58.368448,-34.598234],[-58.369087,-34.596393]]}},{"type":"Feature","properties":{"name":"Paseo del Bajo - Presidente Dr. Raúl R. Alfonsín","ref":null,"osm":"way/1301074009"},"geometry":{"type":"LineString","coordinates":[[-58.368337,-34.598571],[-58.368448,-34.598234]]}},{"type":"Feature","properties":{"name":"Donado","ref":null,"osm":"way/1301634974"},"geometry":{"type":"LineString","coordinates":[[-58.490305,-34.552691],[-58.490257,-34.552758]]}},{"type":"Feature","properties":{"name":"Donado","ref":null,"osm":"way/1301634975"},"geometry":{"type":"LineString","coordinates":[[-58.490181,-34.552866],[-58.490134,-34.552933]]}},{"type":"Feature","properties":{"name":"Avenida Ruiz Huidobro","ref":null,"osm":"way/1301634976"},"geometry":{"type":"LineString","coordinates":[[-58.49029,-34.552927],[-58.490181,-34.552866],[-58.490033,-34.552785],[-58.489926,-34.552724]]}},{"type":"Feature","properties":{"name":"Avenida Ruiz Huidobro","ref":null,"osm":"way/1301634977"},"geometry":{"type":"LineString","coordinates":[[-58.493816,-34.554782],[-58.492944,-34.554347],[-58.492028,-34.553858],[-58.491934,-34.553808],[-58.491118,-34.553372],[-58.490305,-34.552935],[-58.49029,-34.552927]]}},{"type":"Feature","properties":{"name":"Avenida San Martín","ref":null,"osm":"way/1301644656"},"geometry":{"type":"LineString","coordinates":[[-58.518299,-34.589576],[-58.518185,-34.589612]]}},{"type":"Feature","properties":{"name":"Avenida San Martín","ref":null,"osm":"way/1301644657"},"geometry":{"type":"LineString","coordinates":[[-58.518135,-34.5895],[-58.518249,-34.589466]]}},{"type":"Feature","properties":{"name":"Avenida 27 de Febrero","ref":null,"osm":"way/1302142890"},"geometry":{"type":"LineString","coordinates":[[-58.437922,-34.676335],[-58.438303,-34.676591],[-58.438496,-34.676728],[-58.438625,-34.676825],[-58.438732,-34.676935],[-58.43884,-34.67705],[-58.438944,-34.677181],[-58.439016,-34.677286],[-58.439071,-34.677372],[-58.439143,-34.677512],[-58.439185,-34.677611],[-58.439238,-34.677744],[-58.439287,-34.677897],[-58.439333,-34.678039],[-58.439377,-34.678184],[-58.439447,-34.678424]]}},{"type":"Feature","properties":{"name":"Avenida Juan Bautista Justo","ref":null,"osm":"way/1302706762"},"geometry":{"type":"LineString","coordinates":[[-58.429154,-34.580992],[-58.429221,-34.581054],[-58.430099,-34.581822]]}},{"type":"Feature","properties":{"name":"Avenida Intendente Francisco Rabanal","ref":null,"osm":"way/1302969248"},"geometry":{"type":"LineString","coordinates":[[-58.423224,-34.657385],[-58.423162,-34.657358],[-58.423115,-34.657338],[-58.421688,-34.656773]]}},{"type":"Feature","properties":{"name":"Avenida 27 de Febrero","ref":null,"osm":"way/1302969249"},"geometry":{"type":"LineString","coordinates":[[-58.42024,-34.660144],[-58.41803,-34.659488]]}},{"type":"Feature","properties":{"name":"Avenida 27 de Febrero","ref":null,"osm":"way/1302969250"},"geometry":{"type":"LineString","coordinates":[[-58.436592,-34.675631],[-58.436048,-34.674993],[-58.435293,-34.674045],[-58.43468,-34.673347]]}},{"type":"Feature","properties":{"name":"Avenida 27 de Febrero","ref":null,"osm":"way/1302969252"},"geometry":{"type":"LineString","coordinates":[[-58.416813,-34.65889],[-58.416853,-34.658952],[-58.416898,-34.658998],[-58.416946,-34.659029],[-58.41701,-34.659055],[-58.418137,-34.659389]]}},{"type":"Feature","properties":{"name":"Avenida Intendente Francisco Rabanal","ref":null,"osm":"way/1302969255"},"geometry":{"type":"LineString","coordinates":[[-58.423818,-34.657347],[-58.423873,-34.657372],[-58.42482,-34.657801],[-58.425242,-34.657991]]}},{"type":"Feature","properties":{"name":"Avenida Juan Bautista Justo","ref":null,"osm":"way/1303051833"},"geometry":{"type":"LineString","coordinates":[[-58.43288,-34.58407],[-58.431612,-34.583135]]}},{"type":"Feature","properties":{"name":"Avenida Juan Bautista Justo","ref":null,"osm":"way/1303051834"},"geometry":{"type":"LineString","coordinates":[[-58.431714,-34.583042],[-58.431879,-34.583164],[-58.43208,-34.583312],[-58.432975,-34.583973]]}},{"type":"Feature","properties":{"name":"Avenida Juan Bautista Justo","ref":null,"osm":"way/1303051835"},"geometry":{"type":"LineString","coordinates":[[-58.433744,-34.58472],[-58.433002,-34.584162],[-58.43288,-34.58407]]}},{"type":"Feature","properties":{"name":"Avenida Juan Bautista Justo","ref":null,"osm":"way/1303051836"},"geometry":{"type":"LineString","coordinates":[[-58.432975,-34.583973],[-58.433458,-34.584323],[-58.433683,-34.584495],[-58.433748,-34.584546],[-58.433856,-34.584624],[-58.43469,-34.585224],[-58.434824,-34.585314]]}},{"type":"Feature","properties":{"name":"Avenida Teniente General Luis Dellepiane","ref":null,"osm":"way/1308060564"},"geometry":{"type":"LineString","coordinates":[[-58.482219,-34.682723],[-58.482092,-34.682611],[-58.481849,-34.682374],[-58.481632,-34.682057],[-58.481436,-34.681725],[-58.48132,-34.681567]]}},{"type":"Feature","properties":{"name":null,"ref":null,"osm":"way/1308673082"},"geometry":{"type":"LineString","coordinates":[[-58.46966,-34.657685],[-58.469704,-34.657629],[-58.469747,-34.657568],[-58.469784,-34.657503],[-58.469815,-34.657437],[-58.469843,-34.657352],[-58.469861,-34.657265],[-58.469868,-34.657177],[-58.469864,-34.657089]]}},{"type":"Feature","properties":{"name":null,"ref":null,"osm":"way/1308938806"},"geometry":{"type":"LineString","coordinates":[[-58.471617,-34.663316],[-58.47178,-34.663104],[-58.471835,-34.663034],[-58.471932,-34.662896]]}},{"type":"Feature","properties":{"name":"Avenida de los Incas","ref":null,"osm":"way/1310600600"},"geometry":{"type":"LineString","coordinates":[[-58.469473,-34.57856],[-58.469763,-34.578722]]}},{"type":"Feature","properties":{"name":"Avenida Teniente General Luis Dellepiane","ref":null,"osm":"way/1310780040"},"geometry":{"type":"LineString","coordinates":[[-58.469777,-34.657974],[-58.46966,-34.657685]]}},{"type":"Feature","properties":{"name":"Autopista Teniente General Luis Dellepiane","ref":null,"osm":"way/1310780041"},"geometry":{"type":"LineString","coordinates":[[-58.470856,-34.659408],[-58.470652,-34.658941],[-58.470189,-34.657884],[-58.469864,-34.657089]]}},{"type":"Feature","properties":{"name":"Avenida Perito Moreno","ref":null,"osm":"way/1313401560"},"geometry":{"type":"LineString","coordinates":[[-58.462239,-34.65016],[-58.462008,-34.65018]]}},{"type":"Feature","properties":{"name":"Avenida General Francisco Fernández de La Cruz","ref":null,"osm":"way/1313640800"},"geometry":{"type":"LineString","coordinates":[[-58.438405,-34.655481],[-58.438489,-34.65555]]}},{"type":"Feature","properties":{"name":"Avenida Teniente General Luis Dellepiane","ref":null,"osm":"way/1315628503"},"geometry":{"type":"LineString","coordinates":[[-58.47807,-34.676392],[-58.477782,-34.675606],[-58.477699,-34.675404]]}},{"type":"Feature","properties":{"name":"Avenida Juan Bautista Alberdi","ref":null,"osm":"way/1317800454"},"geometry":{"type":"LineString","coordinates":[[-58.506498,-34.655032],[-58.506568,-34.655085],[-58.506709,-34.655186],[-58.506805,-34.655259],[-58.506927,-34.655347],[-58.507201,-34.65555]]}},{"type":"Feature","properties":{"name":"Avenida Perito Moreno","ref":null,"osm":"way/1319910010"},"geometry":{"type":"LineString","coordinates":[[-58.430767,-34.650358],[-58.429793,-34.650325]]}},{"type":"Feature","properties":{"name":"Avenida Perito Moreno","ref":null,"osm":"way/1319931566"},"geometry":{"type":"LineString","coordinates":[[-58.419394,-34.649869],[-58.418429,-34.649824]]}},{"type":"Feature","properties":{"name":"Avenida Perito Moreno","ref":null,"osm":"way/1319931581"},"geometry":{"type":"LineString","coordinates":[[-58.425047,-34.65011],[-58.424786,-34.650099]]}},{"type":"Feature","properties":{"name":"Avenida Perito Moreno","ref":null,"osm":"way/1319931582"},"geometry":{"type":"LineString","coordinates":[[-58.426693,-34.650193],[-58.425465,-34.650134]]}},{"type":"Feature","properties":{"name":"Avenida Perito Moreno","ref":null,"osm":"way/1319931583"},"geometry":{"type":"LineString","coordinates":[[-58.426828,-34.650199],[-58.426693,-34.650193]]}},{"type":"Feature","properties":{"name":"Avenida Perito Moreno","ref":null,"osm":"way/1319935528"},"geometry":{"type":"LineString","coordinates":[[-58.41469,-34.649663],[-58.413274,-34.649603]]}},{"type":"Feature","properties":{"name":"Avenida Perito Moreno","ref":null,"osm":"way/1319935529"},"geometry":{"type":"LineString","coordinates":[[-58.415905,-34.64971],[-58.41469,-34.649663]]}},{"type":"Feature","properties":{"name":"Avenida Perito Moreno","ref":null,"osm":"way/1319947714"},"geometry":{"type":"LineString","coordinates":[[-58.408741,-34.649306],[-58.410114,-34.649371]]}},{"type":"Feature","properties":{"name":"Avenida Perito Moreno","ref":null,"osm":"way/1319947721"},"geometry":{"type":"LineString","coordinates":[[-58.411892,-34.649537],[-58.410093,-34.64946]]}},{"type":"Feature","properties":{"name":"Avenida Perito Moreno","ref":null,"osm":"way/1319947722"},"geometry":{"type":"LineString","coordinates":[[-58.413274,-34.649603],[-58.411892,-34.649537]]}},{"type":"Feature","properties":{"name":"Avenida Perito Moreno","ref":null,"osm":"way/1319947725"},"geometry":{"type":"LineString","coordinates":[[-58.410114,-34.649371],[-58.411913,-34.649443]]}},{"type":"Feature","properties":{"name":"Avenida Perito Moreno","ref":null,"osm":"way/1319947726"},"geometry":{"type":"LineString","coordinates":[[-58.411913,-34.649443],[-58.413153,-34.649513],[-58.413297,-34.64952]]}},{"type":"Feature","properties":{"name":"Avenida San Pedrito","ref":null,"osm":"way/1319977332"},"geometry":{"type":"LineString","coordinates":[[-58.463191,-34.641194],[-58.46337,-34.640927]]}},{"type":"Feature","properties":{"name":"Avenida Elvira Rawson de Dellepiane","ref":null,"osm":"way/1321954161"},"geometry":{"type":"LineString","coordinates":[[-58.359091,-34.620791],[-58.358953,-34.620681],[-58.358813,-34.620545],[-58.358766,-34.620499],[-58.357841,-34.619495]]}},{"type":"Feature","properties":{"name":"Avenida Don Pedro de Mendoza","ref":null,"osm":"way/1322336847"},"geometry":{"type":"LineString","coordinates":[[-58.353593,-34.635243],[-58.353567,-34.635165],[-58.353535,-34.635052],[-58.353503,-34.634919],[-58.353479,-34.634815],[-58.35346,-34.634699],[-58.353369,-34.634158],[-58.353353,-34.634035],[-58.353287,-34.633489],[-58.353271,-34.633345],[-58.35326,-34.633238],[-58.353259,-34.633176]]}},{"type":"Feature","properties":{"name":"Avenida Ingeniero Huergo","ref":null,"osm":"way/1322660552"},"geometry":{"type":"LineString","coordinates":[[-58.363811,-34.624889],[-58.363735,-34.624924],[-58.363655,-34.624952],[-58.363585,-34.624979],[-58.363428,-34.62502]]}},{"type":"Feature","properties":{"name":"Larrazábal","ref":null,"osm":"way/1322947887"},"geometry":{"type":"LineString","coordinates":[[-58.478556,-34.671461],[-58.478839,-34.671242],[-58.479417,-34.670781],[-58.480017,-34.670326],[-58.480481,-34.669969],[-58.481293,-34.66935]]}},{"type":"Feature","properties":{"name":"Larrazábal","ref":null,"osm":"way/1322947889"},"geometry":{"type":"LineString","coordinates":[[-58.477417,-34.672289],[-58.477525,-34.67225],[-58.478365,-34.671612]]}},{"type":"Feature","properties":{"name":"Avenida General Francisco Fernández de La Cruz","ref":null,"osm":"way/1322970435"},"geometry":{"type":"LineString","coordinates":[[-58.438084,-34.655854],[-58.438002,-34.65579]]}},{"type":"Feature","properties":{"name":"Avenida Pergamino","ref":null,"osm":"way/1322991080"},"geometry":{"type":"LineString","coordinates":[[-58.432515,-34.670776],[-58.432495,-34.670669],[-58.432493,-34.670596],[-58.432508,-34.670537]]}},{"type":"Feature","properties":{"name":"Avenida General Iriarte","ref":null,"osm":"way/1323050455"},"geometry":{"type":"LineString","coordinates":[[-58.400551,-34.651121],[-58.399817,-34.650995]]}},{"type":"Feature","properties":{"name":"Avenida Presidente Sarmiento","ref":null,"osm":"way/1323077880"},"geometry":{"type":"LineString","coordinates":[[-58.40782,-34.567188],[-58.407879,-34.567261]]}},{"type":"Feature","properties":{"name":"Avenida Presidente Sarmiento","ref":null,"osm":"way/1323077881"},"geometry":{"type":"LineString","coordinates":[[-58.407754,-34.567106],[-58.40782,-34.567188]]}},{"type":"Feature","properties":{"name":"Avenida Presidente Sarmiento","ref":null,"osm":"way/1323077886"},"geometry":{"type":"LineString","coordinates":[[-58.407737,-34.567084],[-58.407754,-34.567106]]}},{"type":"Feature","properties":{"name":"Avenida Presidente Sarmiento","ref":null,"osm":"way/1323077887"},"geometry":{"type":"LineString","coordinates":[[-58.407602,-34.566939],[-58.407737,-34.567084]]}},{"type":"Feature","properties":{"name":"Avenida Presidente Sarmiento","ref":null,"osm":"way/1323077889"},"geometry":{"type":"LineString","coordinates":[[-58.4081,-34.567526],[-58.408874,-34.568413]]}},{"type":"Feature","properties":{"name":"Avenida Presidente Sarmiento","ref":null,"osm":"way/1323077890"},"geometry":{"type":"LineString","coordinates":[[-58.407879,-34.567261],[-58.408005,-34.567416]]}},{"type":"Feature","properties":{"name":"Avenida Presidente Sarmiento","ref":null,"osm":"way/1323077891"},"geometry":{"type":"LineString","coordinates":[[-58.40902,-34.568571],[-58.40921,-34.568771]]}},{"type":"Feature","properties":{"name":"Avenida Presidente Sarmiento","ref":null,"osm":"way/1323077892"},"geometry":{"type":"LineString","coordinates":[[-58.408874,-34.568413],[-58.40902,-34.568571]]}},{"type":"Feature","properties":{"name":"Avenida Don Pedro de Mendoza","ref":null,"osm":"way/1323260913"},"geometry":{"type":"LineString","coordinates":[[-58.353605,-34.631641],[-58.353669,-34.631432],[-58.353774,-34.631195],[-58.353993,-34.630741],[-58.354215,-34.630309]]}},{"type":"Feature","properties":{"name":"Avenida Don Pedro de Mendoza","ref":null,"osm":"way/1323260914"},"geometry":{"type":"LineString","coordinates":[[-58.353605,-34.631641],[-58.353574,-34.631849],[-58.353566,-34.632116],[-58.353557,-34.632344],[-58.353533,-34.632711],[-58.353511,-34.633033],[-58.353506,-34.63321],[-58.35352,-34.633608],[-58.353548,-34.634044],[-58.353556,-34.634222],[-58.353593,-34.635243]]}},{"type":"Feature","properties":{"name":"Avenida Escalada","ref":null,"osm":"way/1323264412"},"geometry":{"type":"LineString","coordinates":[[-58.470344,-34.664498],[-58.470253,-34.664573],[-58.47016,-34.664647]]}},{"type":"Feature","properties":{"name":"Avenida Escalada","ref":null,"osm":"way/1323264413"},"geometry":{"type":"LineString","coordinates":[[-58.47016,-34.664647],[-58.469765,-34.664943]]}},{"type":"Feature","properties":{"name":null,"ref":null,"osm":"way/1323264414"},"geometry":{"type":"LineString","coordinates":[[-58.469765,-34.664943],[-58.46963,-34.664985],[-58.469414,-34.664965]]}},{"type":"Feature","properties":{"name":null,"ref":null,"osm":"way/1323264415"},"geometry":{"type":"LineString","coordinates":[[-58.469414,-34.664965],[-58.469363,-34.664973]]}},{"type":"Feature","properties":{"name":"Avenida 27 de Febrero","ref":null,"osm":"way/1323275819"},"geometry":{"type":"LineString","coordinates":[[-58.444396,-34.68465],[-58.444485,-34.684758]]}},{"type":"Feature","properties":{"name":"Avenida Escalada","ref":null,"osm":"way/1323275820"},"geometry":{"type":"LineString","coordinates":[[-58.444276,-34.684744],[-58.444396,-34.68465]]}},{"type":"Feature","properties":{"name":"Avenida Juan Bautista Alberdi","ref":null,"osm":"way/1323962015"},"geometry":{"type":"LineString","coordinates":[[-58.510501,-34.657883],[-58.510692,-34.658009],[-58.511391,-34.658471]]}},{"type":"Feature","properties":{"name":"Avenida Juan Bautista Alberdi","ref":null,"osm":"way/1323962017"},"geometry":{"type":"LineString","coordinates":[[-58.511391,-34.658471],[-58.51199,-34.658824]]}},{"type":"Feature","properties":{"name":"Avenida Juan Bautista Alberdi","ref":null,"osm":"way/1323962018"},"geometry":{"type":"LineString","coordinates":[[-58.51199,-34.658824],[-58.512111,-34.658896],[-58.512324,-34.659022]]}},{"type":"Feature","properties":{"name":"Avenida Juan Bautista Alberdi","ref":null,"osm":"way/1323962019"},"geometry":{"type":"LineString","coordinates":[[-58.512324,-34.659022],[-58.512515,-34.659134],[-58.512556,-34.659158],[-58.513251,-34.659567]]}},{"type":"Feature","properties":{"name":"Avenida Juan Bautista Alberdi","ref":null,"osm":"way/1323962020"},"geometry":{"type":"LineString","coordinates":[[-58.513251,-34.659567],[-58.513486,-34.659704],[-58.514006,-34.660004],[-58.514055,-34.660032],[-58.514204,-34.66012]]}},{"type":"Feature","properties":{"name":"Avenida Juan Bautista Alberdi","ref":null,"osm":"way/1323962021"},"geometry":{"type":"LineString","coordinates":[[-58.514542,-34.660312],[-58.514921,-34.660525],[-58.515599,-34.660915]]}},{"type":"Feature","properties":{"name":"Avenida Eva Perón","ref":null,"osm":"way/1324160439"},"geometry":{"type":"LineString","coordinates":[[-58.482344,-34.66014],[-58.481428,-34.659552]]}},{"type":"Feature","properties":{"name":"Avenida Suárez","ref":null,"osm":"way/1324193819"},"geometry":{"type":"LineString","coordinates":[[-58.38101,-34.642112],[-58.380905,-34.642111],[-58.380802,-34.642107]]}},{"type":"Feature","properties":{"name":"Avenida Suárez","ref":null,"osm":"way/1324193820"},"geometry":{"type":"LineString","coordinates":[[-58.381276,-34.642146],[-58.381208,-34.642134],[-58.381096,-34.64212],[-58.38101,-34.642112]]}},{"type":"Feature","properties":{"name":"Avenida Australia","ref":null,"osm":"way/1324194489"},"geometry":{"type":"LineString","coordinates":[[-58.383181,-34.645907],[-58.382844,-34.645826]]}},{"type":"Feature","properties":{"name":"Avenida Australia","ref":null,"osm":"way/1324194490"},"geometry":{"type":"LineString","coordinates":[[-58.382844,-34.645826],[-58.381783,-34.64557]]}},{"type":"Feature","properties":{"name":"Avenida Pinedo","ref":null,"osm":"way/1324194494"},"geometry":{"type":"LineString","coordinates":[[-58.381131,-34.643376],[-58.38111,-34.642439]]}},{"type":"Feature","properties":{"name":"Avenida Eva Perón","ref":null,"osm":"way/1324196769"},"geometry":{"type":"LineString","coordinates":[[-58.483218,-34.66071],[-58.482344,-34.66014]]}},{"type":"Feature","properties":{"name":"Suárez","ref":null,"osm":"way/1324196997"},"geometry":{"type":"LineString","coordinates":[[-58.389656,-34.64293],[-58.389596,-34.642923],[-58.389516,-34.642921]]}},{"type":"Feature","properties":{"name":"Avenida Australia","ref":null,"osm":"way/1324196998"},"geometry":{"type":"LineString","coordinates":[[-58.38936,-34.646821],[-58.388514,-34.646784]]}},{"type":"Feature","properties":{"name":"Perdriel","ref":null,"osm":"way/1324211162"},"geometry":{"type":"LineString","coordinates":[[-58.3868,-34.641863],[-58.386849,-34.64292],[-58.386855,-34.64304]]}},{"type":"Feature","properties":{"name":"Perdriel","ref":null,"osm":"way/1324211163"},"geometry":{"type":"LineString","coordinates":[[-58.38666,-34.639522],[-58.386664,-34.639591],[-58.38673,-34.640714],[-58.3868,-34.641863]]}},{"type":"Feature","properties":{"name":"Murguiondo","ref":null,"osm":"way/1324220650"},"geometry":{"type":"LineString","coordinates":[[-58.502842,-34.655461],[-58.501833,-34.65647],[-58.501756,-34.656544]]}},{"type":"Feature","properties":{"name":"Avenida Piedra Buena","ref":null,"osm":"way/1324235619"},"geometry":{"type":"LineString","coordinates":[[-58.493458,-34.67241],[-58.492702,-34.673181]]}},{"type":"Feature","properties":{"name":"Avenida Piedra Buena","ref":null,"osm":"way/1324235620"},"geometry":{"type":"LineString","coordinates":[[-58.495743,-34.670044],[-58.494772,-34.671066],[-58.494548,-34.671291]]}},{"type":"Feature","properties":{"name":"Avenida Eva Perón","ref":null,"osm":"way/1324235621"},"geometry":{"type":"LineString","coordinates":[[-58.494346,-34.668675],[-58.494243,-34.66857],[-58.49419,-34.668519],[-58.49412,-34.66845],[-58.494048,-34.66838],[-58.493982,-34.668316],[-58.493948,-34.668281]]}},{"type":"Feature","properties":{"name":"Avenida Lisandro de la Torre","ref":null,"osm":"way/1324235622"},"geometry":{"type":"LineString","coordinates":[[-58.49497,-34.666838],[-58.494344,-34.66735],[-58.493731,-34.667845]]}},{"type":"Feature","properties":{"name":"Avenida Lisandro de la Torre","ref":null,"osm":"way/1324235623"},"geometry":{"type":"LineString","coordinates":[[-58.496089,-34.665908],[-58.495606,-34.666316],[-58.495073,-34.666754]]}},{"type":"Feature","properties":{"name":"Avenida Lisandro de la Torre","ref":null,"osm":"way/1324235624"},"geometry":{"type":"LineString","coordinates":[[-58.50012,-34.662592],[-58.500017,-34.662676],[-58.499888,-34.662783],[-58.499198,-34.663353]]}},{"type":"Feature","properties":{"name":"Avenida Lisandro de la Torre","ref":null,"osm":"way/1324235625"},"geometry":{"type":"LineString","coordinates":[[-58.500306,-34.662438],[-58.500214,-34.662514]]}},{"type":"Feature","properties":{"name":"Avenida Lisandro de la Torre","ref":null,"osm":"way/1324235626"},"geometry":{"type":"LineString","coordinates":[[-58.502056,-34.661008],[-58.501659,-34.661324]]}},{"type":"Feature","properties":{"name":"Avenida Lisandro de la Torre","ref":null,"osm":"way/1324235627"},"geometry":{"type":"LineString","coordinates":[[-58.50579,-34.657923],[-58.50484,-34.658704],[-58.504772,-34.65876],[-58.504594,-34.658906]]}},{"type":"Feature","properties":{"name":"Avenida Escalada","ref":null,"osm":"way/1324404324"},"geometry":{"type":"LineString","coordinates":[[-58.461736,-34.671214],[-58.461338,-34.671518],[-58.460949,-34.671824],[-58.460706,-34.672015],[-58.460476,-34.672195],[-58.460389,-34.672263],[-58.460177,-34.672435],[-58.460022,-34.672563]]}},{"type":"Feature","properties":{"name":null,"ref":null,"osm":"way/1324404325"},"geometry":{"type":"LineString","coordinates":[[-58.465757,-34.65202],[-58.465901,-34.651926]]}},{"type":"Feature","properties":{"name":"Avenida Lafuente","ref":null,"osm":"way/1324454962"},"geometry":{"type":"LineString","coordinates":[[-58.458464,-34.64656],[-58.4586,-34.646426]]}},{"type":"Feature","properties":{"name":"Autopista 25 de Mayo","ref":"AU1","osm":"way/1324456468"},"geometry":{"type":"LineString","coordinates":[[-58.462667,-34.645156],[-58.462687,-34.645212]]}},{"type":"Feature","properties":{"name":"Autopista 25 de Mayo","ref":"AU1","osm":"way/1324456469"},"geometry":{"type":"LineString","coordinates":[[-58.462426,-34.645311],[-58.462411,-34.645264]]}},{"type":"Feature","properties":{"name":"Avenida 27 de Febrero","ref":null,"osm":"way/1324473881"},"geometry":{"type":"LineString","coordinates":[[-58.43468,-34.673347],[-58.434046,-34.672611],[-58.432515,-34.670776],[-58.43046,-34.66832],[-58.428436,-34.665926]]}},{"type":"Feature","properties":{"name":"Murguiondo","ref":null,"osm":"way/1324473929"},"geometry":{"type":"LineString","coordinates":[[-58.481135,-34.67287],[-58.481024,-34.672949]]}},{"type":"Feature","properties":{"name":"Avenida 27 de Febrero","ref":null,"osm":"way/1324475022"},"geometry":{"type":"LineString","coordinates":[[-58.428056,-34.66548],[-58.427371,-34.664681],[-58.426732,-34.664003],[-58.426422,-34.663713],[-58.426268,-34.663573]]}},{"type":"Feature","properties":{"name":"Avenida 27 de Febrero","ref":null,"osm":"way/1324477594"},"geometry":{"type":"LineString","coordinates":[[-58.420296,-34.66005],[-58.420426,-34.660092]]}},{"type":"Feature","properties":{"name":"Avenida Piedra Buena","ref":null,"osm":"way/1324480751"},"geometry":{"type":"LineString","coordinates":[[-58.486819,-34.678735],[-58.486547,-34.678963]]}},{"type":"Feature","properties":{"name":"Avenida Amancio Alcorta","ref":null,"osm":"way/1324481452"},"geometry":{"type":"LineString","coordinates":[[-58.41589,-34.656758],[-58.415763,-34.656689]]}},{"type":"Feature","properties":{"name":"Avenida Amancio Alcorta","ref":null,"osm":"way/1324489483"},"geometry":{"type":"LineString","coordinates":[[-58.401768,-34.645788],[-58.401936,-34.646005],[-58.402074,-34.646179]]}},{"type":"Feature","properties":{"name":"Avenida Amancio Alcorta","ref":null,"osm":"way/1324490374"},"geometry":{"type":"LineString","coordinates":[[-58.403003,-34.647382],[-58.403117,-34.647537],[-58.403149,-34.647579]]}},{"type":"Feature","properties":{"name":"Avenida Amancio Alcorta","ref":null,"osm":"way/1324490375"},"geometry":{"type":"LineString","coordinates":[[-58.402816,-34.647134],[-58.403003,-34.647382]]}},{"type":"Feature","properties":{"name":"Avenida Amancio Alcorta","ref":null,"osm":"way/1324491282"},"geometry":{"type":"LineString","coordinates":[[-58.403477,-34.648028],[-58.403962,-34.648633]]}},{"type":"Feature","properties":{"name":"Avenida Piedra Buena","ref":null,"osm":"way/1324500391"},"geometry":{"type":"LineString","coordinates":[[-58.483449,-34.681655],[-58.48338,-34.681715]]}},{"type":"Feature","properties":{"name":"Avenida Piedra Buena","ref":null,"osm":"way/1324500392"},"geometry":{"type":"LineString","coordinates":[[-58.484398,-34.680846],[-58.483449,-34.681655]]}},{"type":"Feature","properties":{"name":"Avenida Directorio","ref":null,"osm":"way/1324708387"},"geometry":{"type":"LineString","coordinates":[[-58.498258,-34.656867],[-58.497835,-34.656522]]}},{"type":"Feature","properties":{"name":"Avenida Directorio","ref":null,"osm":"way/1324708389"},"geometry":{"type":"LineString","coordinates":[[-58.497835,-34.656522],[-58.497254,-34.656042]]}},{"type":"Feature","properties":{"name":"Avenida del Barco Centenera","ref":null,"osm":"way/1325192821"},"geometry":{"type":"LineString","coordinates":[[-58.419009,-34.654657],[-58.418507,-34.65502],[-58.418364,-34.655139],[-58.418258,-34.655235]]}},{"type":"Feature","properties":{"name":"Avenida del Barco Centenera","ref":null,"osm":"way/1325192822"},"geometry":{"type":"LineString","coordinates":[[-58.422241,-34.652328],[-58.421838,-34.652622]]}},{"type":"Feature","properties":{"name":"Avenida General Francisco Fernández de La Cruz","ref":null,"osm":"way/1325270987"},"geometry":{"type":"LineString","coordinates":[[-58.433135,-34.65184],[-58.433706,-34.652316],[-58.433775,-34.652372]]}},{"type":"Feature","properties":{"name":"Avenida General Francisco Fernández de La Cruz","ref":null,"osm":"way/1325273568"},"geometry":{"type":"LineString","coordinates":[[-58.436149,-34.654236],[-58.436278,-34.654302],[-58.436396,-34.654353],[-58.437102,-34.65456]]}},{"type":"Feature","properties":{"name":"Avenida General Francisco Fernández de La Cruz","ref":null,"osm":"way/1325273569"},"geometry":{"type":"LineString","coordinates":[[-58.433775,-34.652372],[-58.43385,-34.652429],[-58.434502,-34.652919],[-58.43456,-34.65297]]}},{"type":"Feature","properties":{"name":"Avenida Perito Moreno","ref":null,"osm":"way/1325295943"},"geometry":{"type":"LineString","coordinates":[[-58.461983,-34.650091],[-58.462204,-34.650068]]}},{"type":"Feature","properties":{"name":"Avenida Perito Moreno","ref":null,"osm":"way/1325295945"},"geometry":{"type":"LineString","coordinates":[[-58.462204,-34.650068],[-58.462351,-34.650054],[-58.463433,-34.64995]]}},{"type":"Feature","properties":{"name":"Avenida Perito Moreno","ref":null,"osm":"way/1325353444"},"geometry":{"type":"LineString","coordinates":[[-58.438913,-34.650738],[-58.433594,-34.65047],[-58.433042,-34.650454]]}},{"type":"Feature","properties":{"name":null,"ref":null,"osm":"way/1327047729"},"geometry":{"type":"LineString","coordinates":[[-58.470064,-34.656993],[-58.47027,-34.657208],[-58.470315,-34.657246],[-58.470333,-34.657261]]}},{"type":"Feature","properties":{"name":null,"ref":null,"osm":"way/1327047730"},"geometry":{"type":"LineString","coordinates":[[-58.470333,-34.657261],[-58.47042,-34.657316],[-58.47049,-34.65735],[-58.470748,-34.657413]]}},{"type":"Feature","properties":{"name":"Avenida 27 de Febrero","ref":null,"osm":"way/1327069500"},"geometry":{"type":"LineString","coordinates":[[-58.418137,-34.659389],[-58.420296,-34.66005]]}},{"type":"Feature","properties":{"name":"Calle 12","ref":null,"osm":"way/1327073034"},"geometry":{"type":"LineString","coordinates":[[-58.385344,-34.577203],[-58.385393,-34.57749]]}},{"type":"Feature","properties":{"name":"Avenida Costanera Rafael Obligado","ref":null,"osm":"way/1327073035"},"geometry":{"type":"LineString","coordinates":[[-58.387516,-34.575283],[-58.387995,-34.57503],[-58.38948,-34.574188],[-58.391804,-34.572861]]}},{"type":"Feature","properties":{"name":"Avenida Perito Moreno","ref":null,"osm":"way/1327081844"},"geometry":{"type":"LineString","coordinates":[[-58.459417,-34.650419],[-58.459088,-34.650449],[-58.45779,-34.650557]]}},{"type":"Feature","properties":{"name":"Avenida Perito Moreno","ref":null,"osm":"way/1327081846"},"geometry":{"type":"LineString","coordinates":[[-58.459301,-34.650329],[-58.459693,-34.650294],[-58.45991,-34.650275],[-58.461231,-34.650152]]}},{"type":"Feature","properties":{"name":"Avenida Perito Moreno","ref":null,"osm":"way/1327081849"},"geometry":{"type":"LineString","coordinates":[[-58.457352,-34.650511],[-58.457778,-34.650472]]}},{"type":"Feature","properties":{"name":"Avenida del Barco Centenera","ref":null,"osm":"way/1327091982"},"geometry":{"type":"LineString","coordinates":[[-58.421431,-34.652914],[-58.420605,-34.653539]]}},{"type":"Feature","properties":{"name":"Avenida del Barco Centenera","ref":null,"osm":"way/1327091983"},"geometry":{"type":"LineString","coordinates":[[-58.423101,-34.651703],[-58.422241,-34.652328]]}},{"type":"Feature","properties":{"name":"Avenida Elvira Rawson de Dellepiane","ref":null,"osm":"way/1327117690"},"geometry":{"type":"LineString","coordinates":[[-58.362254,-34.624058],[-58.36217,-34.623951],[-58.36211,-34.623862]]}},{"type":"Feature","properties":{"name":"Calle 14","ref":null,"osm":"way/1327286525"},"geometry":{"type":"LineString","coordinates":[[-58.387859,-34.575764],[-58.38828,-34.576244]]}},{"type":"Feature","properties":{"name":"Avenida General Francisco Fernández de La Cruz","ref":null,"osm":"way/1327313157"},"geometry":{"type":"LineString","coordinates":[[-58.441527,-34.658498],[-58.441616,-34.658568]]}},{"type":"Feature","properties":{"name":"Avenida General Francisco Fernández de La Cruz","ref":null,"osm":"way/1327313158"},"geometry":{"type":"LineString","coordinates":[[-58.441616,-34.658568],[-58.441695,-34.658627]]}},{"type":"Feature","properties":{"name":"Avenida General Francisco Fernández de La Cruz","ref":null,"osm":"way/1327313159"},"geometry":{"type":"LineString","coordinates":[[-58.442813,-34.659691],[-58.442721,-34.65962]]}},{"type":"Feature","properties":{"name":"Avenida General Francisco Fernández de La Cruz","ref":null,"osm":"way/1327313160"},"geometry":{"type":"LineString","coordinates":[[-58.442742,-34.659454],[-58.442834,-34.659532]]}},{"type":"Feature","properties":{"name":"Avenida General Francisco Fernández de La Cruz","ref":null,"osm":"way/1327313161"},"geometry":{"type":"LineString","coordinates":[[-58.445492,-34.661794],[-58.445419,-34.661728]]}},{"type":"Feature","properties":{"name":"Avenida General Francisco Fernández de La Cruz","ref":null,"osm":"way/1327313162"},"geometry":{"type":"LineString","coordinates":[[-58.445568,-34.661854],[-58.445492,-34.661794]]}},{"type":"Feature","properties":{"name":"Avenida Lafuente","ref":null,"osm":"way/1327316456"},"geometry":{"type":"LineString","coordinates":[[-58.455672,-34.649225],[-58.455785,-34.649136]]}},{"type":"Feature","properties":{"name":null,"ref":null,"osm":"way/1327316457"},"geometry":{"type":"LineString","coordinates":[[-58.453335,-34.650908],[-58.453327,-34.650823]]}},{"type":"Feature","properties":{"name":"Avenida Juan Bautista Justo","ref":null,"osm":"way/1327356274"},"geometry":{"type":"LineString","coordinates":[[-58.518002,-34.633203],[-58.517937,-34.633192]]}},{"type":"Feature","properties":{"name":"Autopista Arturo Illia","ref":"AV1-N","osm":"way/1327387697"},"geometry":{"type":"LineString","coordinates":[[-58.40528,-34.568626],[-58.405407,-34.56854]]}},{"type":"Feature","properties":{"name":"Avenida Pergamino","ref":null,"osm":"way/1327583827"},"geometry":{"type":"LineString","coordinates":[[-58.436674,-34.66805],[-58.436816,-34.667961]]}},{"type":"Feature","properties":{"name":"Avenida Pergamino","ref":null,"osm":"way/1327583829"},"geometry":{"type":"LineString","coordinates":[[-58.435779,-34.668704],[-58.435577,-34.668824]]}},{"type":"Feature","properties":{"name":"Avenida General Francisco Fernández de La Cruz","ref":null,"osm":"way/1327597753"},"geometry":{"type":"LineString","coordinates":[[-58.442834,-34.659532],[-58.442911,-34.659598]]}},{"type":"Feature","properties":{"name":"Avenida General Francisco Fernández de La Cruz","ref":null,"osm":"way/1327597754"},"geometry":{"type":"LineString","coordinates":[[-58.442522,-34.659462],[-58.441606,-34.658733],[-58.441509,-34.658655]]}},{"type":"Feature","properties":{"name":"Avenida Perito Moreno","ref":null,"osm":"way/1327597755"},"geometry":{"type":"LineString","coordinates":[[-58.444821,-34.651038],[-58.444578,-34.651026]]}},{"type":"Feature","properties":{"name":"Avenida Intendente Francisco Rabanal","ref":null,"osm":"way/1327603031"},"geometry":{"type":"LineString","coordinates":[[-58.421728,-34.65629],[-58.421796,-34.656312],[-58.421887,-34.656342]]}},{"type":"Feature","properties":{"name":"Avenida Intendente Francisco Rabanal","ref":null,"osm":"way/1327603032"},"geometry":{"type":"LineString","coordinates":[[-58.419764,-34.655675],[-58.419852,-34.655701],[-58.42162,-34.656258],[-58.421728,-34.65629]]}},{"type":"Feature","properties":{"name":"Avenida Intendente Francisco Rabanal","ref":null,"osm":"way/1327603033"},"geometry":{"type":"LineString","coordinates":[[-58.421688,-34.656773],[-58.421445,-34.656672]]}},{"type":"Feature","properties":{"name":"Avenida Intendente Francisco Rabanal","ref":null,"osm":"way/1327603034"},"geometry":{"type":"LineString","coordinates":[[-58.425242,-34.657991],[-58.42573,-34.658211]]}},{"type":"Feature","properties":{"name":"Avenida Intendente Francisco Rabanal","ref":null,"osm":"way/1327603035"},"geometry":{"type":"LineString","coordinates":[[-58.42573,-34.658211],[-58.426647,-34.658619],[-58.426749,-34.658665],[-58.426908,-34.658737],[-58.427387,-34.658954],[-58.427722,-34.659106],[-58.427871,-34.659172],[-58.428087,-34.659269]]}},{"type":"Feature","properties":{"name":"Avenida Intendente Francisco Rabanal","ref":null,"osm":"way/1327603036"},"geometry":{"type":"LineString","coordinates":[[-58.4256,-34.658603],[-58.425412,-34.658494]]}},{"type":"Feature","properties":{"name":"Avenida Intendente Francisco Rabanal","ref":null,"osm":"way/1327603037"},"geometry":{"type":"LineString","coordinates":[[-58.425412,-34.658494],[-58.424518,-34.658014],[-58.423557,-34.657546],[-58.423465,-34.6575],[-58.423287,-34.657414],[-58.423224,-34.657385]]}},{"type":"Feature","properties":{"name":"Avenida Vélez Sársfield","ref":null,"osm":"way/1327632327"},"geometry":{"type":"LineString","coordinates":[[-58.388329,-34.659787],[-58.388343,-34.659582]]}},{"type":"Feature","properties":{"name":null,"ref":null,"osm":"way/1327650675"},"geometry":{"type":"LineString","coordinates":[[-58.46741,-34.650312],[-58.467405,-34.65032]]}},{"type":"Feature","properties":{"name":"Autopista Teniente General Luis Dellepiane","ref":null,"osm":"way/1327650676"},"geometry":{"type":"LineString","coordinates":[[-58.466755,-34.651262],[-58.466737,-34.651238]]}},{"type":"Feature","properties":{"name":"Avenida Lisandro de la Torre","ref":null,"osm":"way/1327880428"},"geometry":{"type":"LineString","coordinates":[[-58.502341,-34.660762],[-58.502056,-34.661008]]}},{"type":"Feature","properties":{"name":"Avenida Directorio","ref":null,"osm":"way/1327880429"},"geometry":{"type":"LineString","coordinates":[[-58.502902,-34.659975],[-58.503029,-34.660056],[-58.50312,-34.660129]]}},{"type":"Feature","properties":{"name":"Avenida Lisandro de la Torre","ref":null,"osm":"way/1327880430"},"geometry":{"type":"LineString","coordinates":[[-58.50312,-34.660129],[-58.502996,-34.660229]]}},{"type":"Feature","properties":{"name":"Larrazábal","ref":null,"osm":"way/1327896234"},"geometry":{"type":"LineString","coordinates":[[-58.482264,-34.668584],[-58.482482,-34.66841]]}},{"type":"Feature","properties":{"name":"Larrazábal","ref":null,"osm":"way/1327896236"},"geometry":{"type":"LineString","coordinates":[[-58.481512,-34.669184],[-58.482264,-34.668584]]}},{"type":"Feature","properties":{"name":"Larrazábal","ref":null,"osm":"way/1327896238"},"geometry":{"type":"LineString","coordinates":[[-58.481293,-34.66935],[-58.481512,-34.669184]]}},{"type":"Feature","properties":{"name":"Larrazábal","ref":null,"osm":"way/1327896239"},"geometry":{"type":"LineString","coordinates":[[-58.478365,-34.671612],[-58.478556,-34.671461]]}},{"type":"Feature","properties":{"name":"Avenida Eva Perón","ref":null,"osm":"way/1327901153"},"geometry":{"type":"LineString","coordinates":[[-58.490086,-34.664382],[-58.489049,-34.66343]]}},{"type":"Feature","properties":{"name":"Larrazábal","ref":null,"osm":"way/1327901154"},"geometry":{"type":"LineString","coordinates":[[-58.4888,-34.663448],[-58.488927,-34.663352]]}},{"type":"Feature","properties":{"name":"Avenida San Pedrito","ref":null,"osm":"way/1327905443"},"geometry":{"type":"LineString","coordinates":[[-58.46337,-34.640927],[-58.46348,-34.640823],[-58.463564,-34.640752],[-58.46376,-34.640612]]}},{"type":"Feature","properties":{"name":"Avenida Eva Perón","ref":null,"osm":"way/1327909587"},"geometry":{"type":"LineString","coordinates":[[-58.464391,-34.644619],[-58.464576,-34.644703],[-58.464878,-34.64484]]}},{"type":"Feature","properties":{"name":"Puente Beiró","ref":null,"osm":"way/1327918075"},"geometry":{"type":"LineString","coordinates":[[-58.530564,-34.618011],[-58.530628,-34.618013]]}},{"type":"Feature","properties":{"name":"Avenida Juan Bautista Justo","ref":null,"osm":"way/1327932682"},"geometry":{"type":"LineString","coordinates":[[-58.491933,-34.627475],[-58.492016,-34.627534]]}},{"type":"Feature","properties":{"name":"Avenida Juan Bautista Justo","ref":null,"osm":"way/1327932683"},"geometry":{"type":"LineString","coordinates":[[-58.491953,-34.627678],[-58.491869,-34.627623]]}},{"type":"Feature","properties":{"name":"Autopista Arturo Illia","ref":"AV1-N","osm":"way/1327953140"},"geometry":{"type":"LineString","coordinates":[[-58.40755,-34.56711],[-58.407836,-34.566919]]}},{"type":"Feature","properties":{"name":"Calle 14","ref":null,"osm":"way/1328225796"},"geometry":{"type":"LineString","coordinates":[[-58.388498,-34.576424],[-58.388694,-34.576668],[-58.388761,-34.576759]]}},{"type":"Feature","properties":{"name":"Calle 13","ref":null,"osm":"way/1328225797"},"geometry":{"type":"LineString","coordinates":[[-58.392177,-34.5733],[-58.39383,-34.572341]]}},{"type":"Feature","properties":{"name":"Autopista Teniente General Luis Dellepiane","ref":null,"osm":"way/1328246957"},"geometry":{"type":"LineString","coordinates":[[-58.465597,-34.649959],[-58.46539,-34.649679]]}},{"type":"Feature","properties":{"name":"Avenida Lacarra","ref":null,"osm":"way/1328250059"},"geometry":{"type":"LineString","coordinates":[[-58.466718,-34.651784],[-58.466634,-34.651846],[-58.466553,-34.651909]]}},{"type":"Feature","properties":{"name":"Avenida Perito Moreno","ref":null,"osm":"way/1328850604"},"geometry":{"type":"LineString","coordinates":[[-58.439018,-34.650744],[-58.438913,-34.650738]]}},{"type":"Feature","properties":{"name":"Avenida Perito Moreno","ref":null,"osm":"way/1328851916"},"geometry":{"type":"LineString","coordinates":[[-58.424088,-34.650073],[-58.42248,-34.650004],[-58.421224,-34.649954]]}},{"type":"Feature","properties":{"name":"Avenida General Iriarte","ref":null,"osm":"way/1328879412"},"geometry":{"type":"LineString","coordinates":[[-58.399817,-34.650995],[-58.399683,-34.650975],[-58.399539,-34.650961],[-58.399459,-34.650962],[-58.399375,-34.650961],[-58.399277,-34.650966],[-58.399206,-34.650973],[-58.399012,-34.651015],[-58.398885,-34.651029]]}},{"type":"Feature","properties":{"name":"Avenida Triunvirato","ref":null,"osm":"way/1329423174"},"geometry":{"type":"LineString","coordinates":[[-58.47542,-34.579966],[-58.475756,-34.579896],[-58.475764,-34.579894]]}},{"type":"Feature","properties":{"name":"Avenida Juan Bautista Justo","ref":null,"osm":"way/1329473814"},"geometry":{"type":"LineString","coordinates":[[-58.517154,-34.633085],[-58.516831,-34.633145]]}},{"type":"Feature","properties":{"name":"Avenida Doctor Ricardo Balbín","ref":null,"osm":"way/1329706044"},"geometry":{"type":"LineString","coordinates":[[-58.493606,-34.555205],[-58.493788,-34.555175]]}},{"type":"Feature","properties":{"name":"Avenida Francisco Beiró","ref":null,"osm":"way/1329795936"},"geometry":{"type":"LineString","coordinates":[[-58.520416,-34.611126],[-58.520507,-34.611186]]}},{"type":"Feature","properties":{"name":"Avenida 27 de Febrero","ref":null,"osm":"way/1329888540"},"geometry":{"type":"LineString","coordinates":[[-58.426063,-34.663401],[-58.425876,-34.663246]]}},{"type":"Feature","properties":{"name":"Avenida 27 de Febrero","ref":null,"osm":"way/1329888541"},"geometry":{"type":"LineString","coordinates":[[-58.426268,-34.663573],[-58.426063,-34.663401]]}},{"type":"Feature","properties":{"name":"Avenida 27 de Febrero","ref":null,"osm":"way/1329888542"},"geometry":{"type":"LineString","coordinates":[[-58.428205,-34.665654],[-58.428056,-34.66548]]}},{"type":"Feature","properties":{"name":"Avenida 27 de Febrero","ref":null,"osm":"way/1329888543"},"geometry":{"type":"LineString","coordinates":[[-58.428436,-34.665926],[-58.428205,-34.665654]]}},{"type":"Feature","properties":{"name":"Larrazábal","ref":null,"osm":"way/1329896313"},"geometry":{"type":"LineString","coordinates":[[-58.489063,-34.663254],[-58.489772,-34.662663]]}},{"type":"Feature","properties":{"name":"Avenida Lisandro de la Torre","ref":null,"osm":"way/1329896314"},"geometry":{"type":"LineString","coordinates":[[-58.495073,-34.666754],[-58.49497,-34.666838]]}},{"type":"Feature","properties":{"name":"Avenida Lisandro de la Torre","ref":null,"osm":"way/1329896316"},"geometry":{"type":"LineString","coordinates":[[-58.493731,-34.667845],[-58.493619,-34.667935]]}},{"type":"Feature","properties":{"name":"Avenida Eva Perón","ref":null,"osm":"way/1329896318"},"geometry":{"type":"LineString","coordinates":[[-58.494525,-34.668849],[-58.494346,-34.668675]]}},{"type":"Feature","properties":{"name":"Avenida Piedra Buena","ref":null,"osm":"way/1329896320"},"geometry":{"type":"LineString","coordinates":[[-58.492702,-34.673181],[-58.492465,-34.673428]]}},{"type":"Feature","properties":{"name":"Avenida de los Constituyentes","ref":null,"osm":"way/1330280510"},"geometry":{"type":"LineString","coordinates":[[-58.486432,-34.587275],[-58.486114,-34.58762]]}},{"type":"Feature","properties":{"name":"Avenida del Barco Centenera","ref":null,"osm":"way/1330702005"},"geometry":{"type":"LineString","coordinates":[[-58.423857,-34.65115],[-58.423511,-34.651403]]}},{"type":"Feature","properties":{"name":"Avenida del Barco Centenera","ref":null,"osm":"way/1330702008"},"geometry":{"type":"LineString","coordinates":[[-58.421838,-34.652622],[-58.421431,-34.652914]]}},{"type":"Feature","properties":{"name":"Avenida Perito Moreno","ref":null,"osm":"way/1330712214"},"geometry":{"type":"LineString","coordinates":[[-58.421224,-34.649954],[-58.420982,-34.649941]]}},{"type":"Feature","properties":{"name":"Avenida Perito Moreno","ref":null,"osm":"way/1330712216"},"geometry":{"type":"LineString","coordinates":[[-58.408601,-34.6493],[-58.408741,-34.649306]]}},{"type":"Feature","properties":{"name":"Avenida General Francisco Fernández de La Cruz","ref":null,"osm":"way/1330718330"},"geometry":{"type":"LineString","coordinates":[[-58.436196,-34.654465],[-58.436038,-34.654358]]}},{"type":"Feature","properties":{"name":"Avenida General Francisco Fernández de La Cruz","ref":null,"osm":"way/1330718331"},"geometry":{"type":"LineString","coordinates":[[-58.435982,-34.654102],[-58.436149,-34.654236]]}},{"type":"Feature","properties":{"name":"Avenida Francisco Beiró","ref":null,"osm":"way/1330729602"},"geometry":{"type":"LineString","coordinates":[[-58.528307,-34.616459],[-58.528791,-34.616828]]}},{"type":"Feature","properties":{"name":"Oliden","ref":null,"osm":"way/1330733120"},"geometry":{"type":"LineString","coordinates":[[-58.49883,-34.657339],[-58.498973,-34.657219]]}},{"type":"Feature","properties":{"name":"Avenida Directorio","ref":null,"osm":"way/1330733122"},"geometry":{"type":"LineString","coordinates":[[-58.498969,-34.657456],[-58.49883,-34.657339]]}},{"type":"Feature","properties":{"name":"Avenida Directorio","ref":null,"osm":"way/1330733123"},"geometry":{"type":"LineString","coordinates":[[-58.499808,-34.658159],[-58.498969,-34.657456]]}},{"type":"Feature","properties":{"name":"Avenida Chorroarín","ref":null,"osm":"way/1330771895"},"geometry":{"type":"LineString","coordinates":[[-58.476041,-34.592273],[-58.47604,-34.59222]]}},{"type":"Feature","properties":{"name":"Avenida Warnes","ref":null,"osm":"way/1330922885"},"geometry":{"type":"LineString","coordinates":[[-58.464501,-34.596455],[-58.464641,-34.596465],[-58.464774,-34.596475]]}},{"type":"Feature","properties":{"name":"Avenida Francisco Beiró","ref":null,"osm":"way/1331129435"},"geometry":{"type":"LineString","coordinates":[[-58.484706,-34.589103],[-58.48482,-34.589177]]}},{"type":"Feature","properties":{"name":"Avenida Francisco Beiró","ref":null,"osm":"way/1331134878"},"geometry":{"type":"LineString","coordinates":[[-58.494177,-34.594956],[-58.494276,-34.595014]]}},{"type":"Feature","properties":{"name":"Avenida Francisco Beiró","ref":null,"osm":"way/1331134880"},"geometry":{"type":"LineString","coordinates":[[-58.494276,-34.595014],[-58.494411,-34.5951]]}},{"type":"Feature","properties":{"name":"Avenida San Martín","ref":null,"osm":"way/1331134882"},"geometry":{"type":"LineString","coordinates":[[-58.492738,-34.597005],[-58.492765,-34.597003],[-58.492944,-34.596991]]}},{"type":"Feature","properties":{"name":"Avenida San Martín","ref":null,"osm":"way/1331134883"},"geometry":{"type":"LineString","coordinates":[[-58.493013,-34.597116],[-58.492852,-34.597127]]}},{"type":"Feature","properties":{"name":"Avenida Nazca","ref":null,"osm":"way/1331135909"},"geometry":{"type":"LineString","coordinates":[[-58.48806,-34.603614],[-58.488176,-34.603484]]}},{"type":"Feature","properties":{"name":"Avenida San Martín","ref":null,"osm":"way/1331135911"},"geometry":{"type":"LineString","coordinates":[[-58.492944,-34.596991],[-58.493219,-34.596974]]}},{"type":"Feature","properties":{"name":"Avenida Juan Bautista Justo","ref":null,"osm":"way/1331141961"},"geometry":{"type":"LineString","coordinates":[[-58.480786,-34.622179],[-58.480715,-34.622118]]}},{"type":"Feature","properties":{"name":"Avenida Juan Bautista Justo","ref":null,"osm":"way/1331142807"},"geometry":{"type":"LineString","coordinates":[[-58.481803,-34.622763],[-58.481909,-34.622847]]}},{"type":"Feature","properties":{"name":"Avenida Teniente General Luis Dellepiane","ref":null,"osm":"way/1331147035"},"geometry":{"type":"LineString","coordinates":[[-58.480002,-34.680909],[-58.48004,-34.681029],[-58.480162,-34.681326],[-58.4802,-34.681526]]}},{"type":"Feature","properties":{"name":"Avenida Warnes","ref":null,"osm":"way/1331198040"},"geometry":{"type":"LineString","coordinates":[[-58.466202,-34.596321],[-58.465795,-34.596334]]}},{"type":"Feature","properties":{"name":"Avenida Juan Bautista Justo","ref":null,"osm":"way/1331446860"},"geometry":{"type":"LineString","coordinates":[[-58.439636,-34.591426],[-58.439709,-34.591478]]}},{"type":"Feature","properties":{"name":"Avenida San Martín","ref":null,"osm":"way/1331469145"},"geometry":{"type":"LineString","coordinates":[[-58.479911,-34.599279],[-58.479789,-34.599334]]}},{"type":"Feature","properties":{"name":"Avenida Chorroarín","ref":null,"osm":"way/1331469147"},"geometry":{"type":"LineString","coordinates":[[-58.478764,-34.599534],[-58.478688,-34.599327],[-58.47867,-34.599281]]}},{"type":"Feature","properties":{"name":"Zuviría","ref":null,"osm":"way/1331640561"},"geometry":{"type":"LineString","coordinates":[[-58.463613,-34.648778],[-58.463528,-34.648705]]}},{"type":"Feature","properties":{"name":"Avenida de los Constituyentes","ref":null,"osm":"way/1331713615"},"geometry":{"type":"LineString","coordinates":[[-58.49885,-34.576713],[-58.498755,-34.576789]]}},{"type":"Feature","properties":{"name":"Avenida de los Constituyentes","ref":null,"osm":"way/1331713617"},"geometry":{"type":"LineString","coordinates":[[-58.498152,-34.577266],[-58.498037,-34.577356]]}},{"type":"Feature","properties":{"name":"Avenida Warnes","ref":null,"osm":"way/1331714174"},"geometry":{"type":"LineString","coordinates":[[-58.456491,-34.597502],[-58.456247,-34.597586]]}},{"type":"Feature","properties":{"name":"Avenida de los Constituyentes","ref":null,"osm":"way/1331715126"},"geometry":{"type":"LineString","coordinates":[[-58.507914,-34.570681],[-58.507754,-34.570771]]}},{"type":"Feature","properties":{"name":"Avenida Dorrego","ref":null,"osm":"way/1331729506"},"geometry":{"type":"LineString","coordinates":[[-58.424041,-34.57088],[-58.424141,-34.570982]]}},{"type":"Feature","properties":{"name":"Avenida Juan Bautista Justo","ref":null,"osm":"way/1331730603"},"geometry":{"type":"LineString","coordinates":[[-58.506685,-34.634245],[-58.506812,-34.634268]]}},{"type":"Feature","properties":{"name":null,"ref":null,"osm":"way/1333011338"},"geometry":{"type":"LineString","coordinates":[[-58.416963,-34.562671],[-58.41717,-34.562835]]}},{"type":"Feature","properties":{"name":null,"ref":null,"osm":"way/1333011339"},"geometry":{"type":"LineString","coordinates":[[-58.417051,-34.56294],[-58.416836,-34.56277]]}},{"type":"Feature","properties":{"name":"Avenida Francisco Beiró","ref":null,"osm":"way/1333512630"},"geometry":{"type":"LineString","coordinates":[[-58.525412,-34.614217],[-58.525466,-34.614258]]}},{"type":"Feature","properties":{"name":"Avenida Francisco Beiró","ref":null,"osm":"way/1333512632"},"geometry":{"type":"LineString","coordinates":[[-58.526825,-34.61531],[-58.526908,-34.615374]]}},{"type":"Feature","properties":{"name":"Avenida Francisco Beiró","ref":null,"osm":"way/1333512634"},"geometry":{"type":"LineString","coordinates":[[-58.527374,-34.615736],[-58.527511,-34.615843]]}},{"type":"Feature","properties":{"name":"Avenida San Martín","ref":null,"osm":"way/1333584481"},"geometry":{"type":"LineString","coordinates":[[-58.513673,-34.590806],[-58.513804,-34.590769]]}},{"type":"Feature","properties":{"name":"Avenida San Martín","ref":null,"osm":"way/1333584482"},"geometry":{"type":"LineString","coordinates":[[-58.515666,-34.590367],[-58.515416,-34.590438]]}},{"type":"Feature","properties":{"name":"Avenida San Martín","ref":null,"osm":"way/1333584483"},"geometry":{"type":"LineString","coordinates":[[-58.516437,-34.58998],[-58.516595,-34.589957]]}},{"type":"Feature","properties":{"name":"Avenida San Martín","ref":null,"osm":"way/1333585511"},"geometry":{"type":"LineString","coordinates":[[-58.497309,-34.596684],[-58.498167,-34.596366]]}},{"type":"Feature","properties":{"name":"Avenida San Martín","ref":null,"osm":"way/1333585512"},"geometry":{"type":"LineString","coordinates":[[-58.497438,-34.596802],[-58.497354,-34.596824],[-58.49723,-34.596838]]}},{"type":"Feature","properties":{"name":"Avenida Francisco Beiró","ref":null,"osm":"way/1333585513"},"geometry":{"type":"LineString","coordinates":[[-58.49723,-34.596838],[-58.497332,-34.596902]]}},{"type":"Feature","properties":{"name":"Avenida San Martín","ref":null,"osm":"way/1333585514"},"geometry":{"type":"LineString","coordinates":[[-58.498167,-34.596366],[-58.498305,-34.596315]]}},{"type":"Feature","properties":{"name":"Avenida San Martín","ref":null,"osm":"way/1333585515"},"geometry":{"type":"LineString","coordinates":[[-58.506195,-34.593391],[-58.506376,-34.59332],[-58.507173,-34.593011]]}},{"type":"Feature","properties":{"name":"Avenida San Martín","ref":null,"osm":"way/1333585516"},"geometry":{"type":"LineString","coordinates":[[-58.506476,-34.593431],[-58.506313,-34.59347]]}},{"type":"Feature","properties":{"name":"Avenida San Martín","ref":null,"osm":"way/1333585517"},"geometry":{"type":"LineString","coordinates":[[-58.507173,-34.593011],[-58.50731,-34.592958]]}},{"type":"Feature","properties":{"name":"Avenida Francisco Beiró","ref":null,"osm":"way/1333586010"},"geometry":{"type":"LineString","coordinates":[[-58.502214,-34.59992],[-58.502312,-34.599983]]}},{"type":"Feature","properties":{"name":"Avenida Francisco Beiró","ref":null,"osm":"way/1333586013"},"geometry":{"type":"LineString","coordinates":[[-58.500755,-34.59904],[-58.500888,-34.599121]]}},{"type":"Feature","properties":{"name":"Avenida Francisco Beiró","ref":null,"osm":"way/1333586015"},"geometry":{"type":"LineString","coordinates":[[-58.499647,-34.598351],[-58.500755,-34.59904]]}},{"type":"Feature","properties":{"name":"Avenida Francisco Beiró","ref":null,"osm":"way/1333586017"},"geometry":{"type":"LineString","coordinates":[[-58.498128,-34.597397],[-58.498215,-34.597449]]}},{"type":"Feature","properties":{"name":"Avenida Nazca","ref":null,"osm":"way/1333776072"},"geometry":{"type":"LineString","coordinates":[[-58.48515,-34.606904],[-58.485231,-34.606813]]}},{"type":"Feature","properties":{"name":"Avenida Eva Perón","ref":null,"osm":"way/1334086713"},"geometry":{"type":"LineString","coordinates":[[-58.501931,-34.674129],[-58.501659,-34.673978]]}},{"type":"Feature","properties":{"name":"Avenida Eva Perón","ref":null,"osm":"way/1334086714"},"geometry":{"type":"LineString","coordinates":[[-58.502207,-34.674282],[-58.501931,-34.674129]]}},{"type":"Feature","properties":{"name":"Hipólito Vieytes","ref":null,"osm":"way/1336994945"},"geometry":{"type":"LineString","coordinates":[[-58.379402,-34.642939],[-58.379408,-34.642919],[-58.37942,-34.642905],[-58.379445,-34.642887],[-58.379472,-34.642864]]}},{"type":"Feature","properties":{"name":"Brandsen","ref":null,"osm":"way/1336994946"},"geometry":{"type":"LineString","coordinates":[[-58.377672,-34.63815],[-58.378954,-34.638296]]}},{"type":"Feature","properties":{"name":"Avenida Suárez","ref":null,"osm":"way/1336994948"},"geometry":{"type":"LineString","coordinates":[[-58.378377,-34.641179],[-58.377374,-34.640524],[-58.377084,-34.640335]]}},{"type":"Feature","properties":{"name":"Avenida Escalada","ref":null,"osm":"way/1337315312"},"geometry":{"type":"LineString","coordinates":[[-58.47262,-34.662617],[-58.472984,-34.662426]]}},{"type":"Feature","properties":{"name":"Avenida Escalada","ref":null,"osm":"way/1337315313"},"geometry":{"type":"LineString","coordinates":[[-58.47237,-34.662805],[-58.47262,-34.662617]]}},{"type":"Feature","properties":{"name":"Avenida Escalada","ref":null,"osm":"way/1337315314"},"geometry":{"type":"LineString","coordinates":[[-58.472422,-34.66291],[-58.47234,-34.662964],[-58.472182,-34.663082],[-58.472066,-34.663155]]}},{"type":"Feature","properties":{"name":"Avenida Escalada","ref":null,"osm":"way/1337315315"},"geometry":{"type":"LineString","coordinates":[[-58.472672,-34.662727],[-58.472422,-34.66291]]}},{"type":"Feature","properties":{"name":"Avenida Escalada","ref":null,"osm":"way/1338606134"},"geometry":{"type":"LineString","coordinates":[[-58.471617,-34.663316],[-58.471893,-34.66313],[-58.472007,-34.663055]]}},{"type":"Feature","properties":{"name":"Avenida Álvarez Thomas","ref":null,"osm":"way/1346993569"},"geometry":{"type":"LineString","coordinates":[[-58.459155,-34.578327],[-58.459683,-34.578312]]}},{"type":"Feature","properties":{"name":"Paseo del Bajo - Presidente Dr. Raúl R. Alfonsín","ref":null,"osm":"way/1347897758"},"geometry":{"type":"LineString","coordinates":[[-58.39238,-34.574935],[-58.393061,-34.574553],[-58.393345,-34.574452],[-58.393568,-34.574404],[-58.394247,-34.57436],[-58.394756,-34.574321],[-58.39544,-34.574173]]}},{"type":"Feature","properties":{"name":null,"ref":null,"osm":"way/1347898243"},"geometry":{"type":"LineString","coordinates":[[-58.392304,-34.576121],[-58.39217,-34.576294],[-58.392103,-34.576363],[-58.392005,-34.57646],[-58.391938,-34.576529],[-58.391879,-34.576598]]}},{"type":"Feature","properties":{"name":null,"ref":null,"osm":"way/1348154776"},"geometry":{"type":"LineString","coordinates":[[-58.38617,-34.577628],[-58.386283,-34.577561]]}},{"type":"Feature","properties":{"name":null,"ref":null,"osm":"way/1348154777"},"geometry":{"type":"LineString","coordinates":[[-58.386494,-34.578012],[-58.386224,-34.577958]]}},{"type":"Feature","properties":{"name":"Avenida Nazca","ref":null,"osm":"way/1362044682"},"geometry":{"type":"LineString","coordinates":[[-58.476097,-34.618071],[-58.476145,-34.618009]]}},{"type":"Feature","properties":{"name":"Avenida General Francisco Fernández de La Cruz","ref":null,"osm":"way/1373574969"},"geometry":{"type":"LineString","coordinates":[[-58.4446,-34.660913],[-58.444771,-34.66104]]}},{"type":"Feature","properties":{"name":"Avenida General Francisco Fernández de La Cruz","ref":null,"osm":"way/1373574973"},"geometry":{"type":"LineString","coordinates":[[-58.442641,-34.659558],[-58.442522,-34.659462]]}},{"type":"Feature","properties":{"name":"Avenida Perito Moreno","ref":null,"osm":"way/1373574980"},"geometry":{"type":"LineString","coordinates":[[-58.462008,-34.65018],[-58.46188,-34.650193],[-58.46181,-34.650201]]}},{"type":"Feature","properties":{"name":"Avenida Dorrego","ref":null,"osm":"way/1375870526"},"geometry":{"type":"LineString","coordinates":[[-58.420483,-34.566481],[-58.420427,-34.566434],[-58.420348,-34.566389],[-58.420249,-34.566294],[-58.420138,-34.566088]]}},{"type":"Feature","properties":{"name":"Avenida Perito Moreno","ref":null,"osm":"way/1376491642"},"geometry":{"type":"LineString","coordinates":[[-58.418441,-34.649732],[-58.419336,-34.649773],[-58.419498,-34.649781],[-58.42089,-34.64984],[-58.421101,-34.649845]]}},{"type":"Feature","properties":{"name":"Avenida Juan Bautista Alberdi","ref":null,"osm":"way/1378473079"},"geometry":{"type":"LineString","coordinates":[[-58.505716,-34.654455],[-58.506179,-34.654798],[-58.506231,-34.654836],[-58.506498,-34.655032]]}},{"type":"Feature","properties":{"name":"Avenida Juan Bautista Alberdi","ref":null,"osm":"way/1378473080"},"geometry":{"type":"LineString","coordinates":[[-58.504588,-34.653539],[-58.504617,-34.653655]]}},{"type":"Feature","properties":{"name":"Avenida Teniente General Luis Dellepiane","ref":null,"osm":"way/1382432736"},"geometry":{"type":"LineString","coordinates":[[-58.470111,-34.658719],[-58.469777,-34.657974]]}},{"type":"Feature","properties":{"name":"Avenida Intendente Francisco Rabanal","ref":null,"osm":"way/1383649090"},"geometry":{"type":"LineString","coordinates":[[-58.4325,-34.661262],[-58.432616,-34.661316],[-58.433673,-34.6618],[-58.43376,-34.661839]]}},{"type":"Feature","properties":{"name":"Avenida Lafuente","ref":null,"osm":"way/1383649091"},"geometry":{"type":"LineString","coordinates":[[-58.459588,-34.645585],[-58.458774,-34.64637],[-58.458667,-34.646474]]}},{"type":"Feature","properties":{"name":"Avenida Ingeniero Huergo","ref":null,"osm":"way/1387429994"},"geometry":{"type":"LineString","coordinates":[[-58.365441,-34.623958],[-58.364999,-34.624222],[-58.363889,-34.624853],[-58.363811,-34.624889]]}},{"type":"Feature","properties":{"name":"Avenida General Iriarte","ref":null,"osm":"way/1388920397"},"geometry":{"type":"LineString","coordinates":[[-58.400564,-34.651055],[-58.400882,-34.651084],[-58.401065,-34.651091],[-58.40119,-34.651086],[-58.40172,-34.650992],[-58.402121,-34.650921],[-58.40249,-34.650855],[-58.402931,-34.650776],[-58.403492,-34.650663]]}},{"type":"Feature","properties":{"name":"Avenida Perito Moreno","ref":null,"osm":"way/1392182161"},"geometry":{"type":"LineString","coordinates":[[-58.430708,-34.650273],[-58.430867,-34.650282]]}},{"type":"Feature","properties":{"name":"Avenida Perito Moreno","ref":null,"osm":"way/1392182162"},"geometry":{"type":"LineString","coordinates":[[-58.43094,-34.650367],[-58.430767,-34.650358]]}},{"type":"Feature","properties":{"name":"Avenida Ruiz Huidobro","ref":null,"osm":"way/1410336796"},"geometry":{"type":"LineString","coordinates":[[-58.48983,-34.55267],[-58.489398,-34.552437],[-58.489298,-34.552386]]}},{"type":"Feature","properties":{"name":"Holmberg","ref":null,"osm":"way/1410336797"},"geometry":{"type":"LineString","coordinates":[[-58.489298,-34.552386],[-58.489363,-34.552293],[-58.489543,-34.552031],[-58.489623,-34.551915],[-58.489864,-34.551565],[-58.490331,-34.550911],[-58.490425,-34.550775]]}},{"type":"Feature","properties":{"name":"Autopista Arturo Illia","ref":"AV1-N","osm":"way/1411713574"},"geometry":{"type":"LineString","coordinates":[[-58.392746,-34.575838],[-58.392354,-34.576085],[-58.392304,-34.576121]]}},{"type":"Feature","properties":{"name":"Avenida Costanera Rafael Obligado","ref":null,"osm":"way/1411713576"},"geometry":{"type":"LineString","coordinates":[[-58.385299,-34.576596],[-58.385062,-34.57668]]}},{"type":"Feature","properties":{"name":"Avenida Costanera Rafael Obligado","ref":null,"osm":"way/1411713577"},"geometry":{"type":"LineString","coordinates":[[-58.385174,-34.576542],[-58.385299,-34.576596]]}},{"type":"Feature","properties":{"name":"Avenida Teniente General Luis Dellepiane","ref":null,"osm":"way/1413365796"},"geometry":{"type":"LineString","coordinates":[[-58.475938,-34.66901],[-58.476155,-34.669686]]}},{"type":"Feature","properties":{"name":"Autopista Teniente General Luis Dellepiane","ref":null,"osm":"way/1413365798"},"geometry":{"type":"LineString","coordinates":[[-58.475481,-34.669107],[-58.47605,-34.670502]]}},{"type":"Feature","properties":{"name":"Avenida Teniente General Luis Dellepiane","ref":null,"osm":"way/1413365799"},"geometry":{"type":"LineString","coordinates":[[-58.46966,-34.657685],[-58.469486,-34.657288]]}},{"type":"Feature","properties":{"name":null,"ref":null,"osm":"way/1413406480"},"geometry":{"type":"LineString","coordinates":[[-58.465304,-34.652957],[-58.465102,-34.653102],[-58.464866,-34.653253],[-58.464593,-34.653431]]}},{"type":"Feature","properties":{"name":"Hipólito Vieytes","ref":null,"osm":"way/1413410984"},"geometry":{"type":"LineString","coordinates":[[-58.374605,-34.655585],[-58.374568,-34.655678]]}},{"type":"Feature","properties":{"name":"Perdriel","ref":null,"osm":"way/1414248172"},"geometry":{"type":"LineString","coordinates":[[-58.386576,-34.637791],[-58.386658,-34.639416],[-58.38666,-34.639522]]}},{"type":"Feature","properties":{"name":"Avenida Amancio Alcorta","ref":null,"osm":"way/1414248173"},"geometry":{"type":"LineString","coordinates":[[-58.387018,-34.637865],[-58.387298,-34.63817],[-58.387421,-34.638297]]}},{"type":"Feature","properties":{"name":"Avenida Juan Bautista Alberdi","ref":null,"osm":"way/1415181900"},"geometry":{"type":"LineString","coordinates":[[-58.504077,-34.653042],[-58.504412,-34.653359],[-58.504475,-34.653419],[-58.504588,-34.653539]]}},{"type":"Feature","properties":{"name":"Oliden","ref":null,"osm":"way/1415181902"},"geometry":{"type":"LineString","coordinates":[[-58.49685,-34.658954],[-58.496944,-34.658884],[-58.497847,-34.658134],[-58.49883,-34.657339]]}},{"type":"Feature","properties":{"name":"Remedios","ref":null,"osm":"way/1415181904"},"geometry":{"type":"LineString","coordinates":[[-58.497831,-34.659754],[-58.49685,-34.658954]]}},{"type":"Feature","properties":{"name":"Pergamino","ref":null,"osm":"way/1415486469"},"geometry":{"type":"LineString","coordinates":[[-58.439926,-34.666184],[-58.439992,-34.666146],[-58.440044,-34.666115],[-58.440093,-34.666083],[-58.440161,-34.666037]]}},{"type":"Feature","properties":{"name":"Calle 12","ref":null,"osm":"way/1415882752"},"geometry":{"type":"LineString","coordinates":[[-58.385344,-34.577203],[-58.385272,-34.576853],[-58.385264,-34.576773],[-58.385289,-34.576649],[-58.385299,-34.576596]]}},{"type":"Feature","properties":{"name":"Avenida Warnes","ref":null,"osm":"way/1415958399"},"geometry":{"type":"LineString","coordinates":[[-58.465132,-34.596446],[-58.46522,-34.596408],[-58.465279,-34.596374],[-58.465315,-34.596333],[-58.465342,-34.596293],[-58.465362,-34.596251],[-58.46538,-34.596207],[-58.465391,-34.596158],[-58.465394,-34.596109],[-58.46539,-34.596068],[-58.465413,-34.59599]]}},{"type":"Feature","properties":{"name":"Avenida Argentina","ref":null,"osm":"way/1419312627"},"geometry":{"type":"LineString","coordinates":[[-58.479111,-34.672897],[-58.478992,-34.672854]]}},{"type":"Feature","properties":{"name":"Avenida Triunvirato","ref":null,"osm":"way/1422652089"},"geometry":{"type":"LineString","coordinates":[[-58.496217,-34.561533],[-58.496264,-34.561757],[-58.496306,-34.561901],[-58.496357,-34.562022],[-58.49642,-34.56214],[-58.496489,-34.562255],[-58.496693,-34.562586],[-58.496738,-34.562668],[-58.496771,-34.562756],[-58.496795,-34.562843],[-58.496803,-34.56295],[-58.496803,-34.563041]]}},{"type":"Feature","properties":{"name":"Avenida Intendente Bullrich","ref":null,"osm":"way/1423784506"},"geometry":{"type":"LineString","coordinates":[[-58.423469,-34.571405],[-58.423562,-34.571806]]}},{"type":"Feature","properties":{"name":"Avenida Presidente Sarmiento","ref":null,"osm":"way/1423800858"},"geometry":{"type":"LineString","coordinates":[[-58.409557,-34.569116],[-58.4096,-34.569161]]}},{"type":"Feature","properties":{"name":"Avenida Elvira Rawson de Dellepiane","ref":null,"osm":"way/1424922715"},"geometry":{"type":"LineString","coordinates":[[-58.359698,-34.62146],[-58.359572,-34.621322],[-58.359238,-34.620954],[-58.359091,-34.620791]]}},{"type":"Feature","properties":{"name":"Avenida Ingeniero Huergo","ref":null,"osm":"way/1428175645"},"geometry":{"type":"LineString","coordinates":[[-58.363428,-34.62502],[-58.363268,-34.625057]]}},{"type":"Feature","properties":{"name":"Avenida Costanera Rafael Obligado","ref":null,"osm":"way/1428176850"},"geometry":{"type":"LineString","coordinates":[[-58.391804,-34.572861],[-58.391896,-34.57277],[-58.391929,-34.572737],[-58.3924,-34.572449],[-58.392604,-34.572332],[-58.392764,-34.572262],[-58.392866,-34.572232]]}},{"type":"Feature","properties":{"name":"Avenida Costanera Rafael Obligado","ref":null,"osm":"way/1428176852"},"geometry":{"type":"LineString","coordinates":[[-58.400079,-34.569402],[-58.399892,-34.569515]]}},{"type":"Feature","properties":{"name":"Avenida Lacarra","ref":null,"osm":"way/1428186265"},"geometry":{"type":"LineString","coordinates":[[-58.467029,-34.651542],[-58.466718,-34.651784]]}},{"type":"Feature","properties":{"name":null,"ref":null,"osm":"way/1428187915"},"geometry":{"type":"LineString","coordinates":[[-58.469454,-34.663778],[-58.469548,-34.663706]]}},{"type":"Feature","properties":{"name":"Avenida Escalada","ref":null,"osm":"way/1428187917"},"geometry":{"type":"LineString","coordinates":[[-58.464936,-34.668716],[-58.464844,-34.668797],[-58.46475,-34.668888],[-58.464338,-34.669384],[-58.464164,-34.669616]]}},{"type":"Feature","properties":{"name":"Avenida Escalada","ref":null,"osm":"way/1428187918"},"geometry":{"type":"LineString","coordinates":[[-58.461901,-34.670833],[-58.462257,-34.670538]]}},{"type":"Feature","properties":{"name":"Avenida Escalada","ref":null,"osm":"way/1428187920"},"geometry":{"type":"LineString","coordinates":[[-58.460022,-34.672563],[-58.459891,-34.672706],[-58.459864,-34.672749],[-58.459789,-34.672868],[-58.459659,-34.673192]]}},{"type":"Feature","properties":{"name":"Avenida San Martín","ref":null,"osm":"way/1428348107"},"geometry":{"type":"LineString","coordinates":[[-58.476366,-34.600194],[-58.476742,-34.600112]]}},{"type":"Feature","properties":{"name":"Autopista 25 de Mayo","ref":"AU1","osm":"way/1432195054"},"geometry":{"type":"LineString","coordinates":[[-58.371703,-34.622641],[-58.371282,-34.622606],[-58.370998,-34.622592],[-58.370862,-34.622589],[-58.370707,-34.622592],[-58.370481,-34.622596],[-58.370194,-34.622606],[-58.369556,-34.622621],[-58.368716,-34.622588]]}},{"type":"Feature","properties":{"name":"Herrera","ref":null,"osm":"way/1434400914"},"geometry":{"type":"LineString","coordinates":[[-58.373871,-34.651724],[-58.37385,-34.651784]]}},{"type":"Feature","properties":{"name":"Hipólito Vieytes","ref":null,"osm":"way/1434400915"},"geometry":{"type":"LineString","coordinates":[[-58.375848,-34.65234],[-58.375834,-34.652378]]}},{"type":"Feature","properties":{"name":"Avenida Sáenz","ref":null,"osm":"way/1434494618"},"geometry":{"type":"LineString","coordinates":[[-58.416289,-34.657456],[-58.416304,-34.657348],[-58.416365,-34.657164]]}},{"type":"Feature","properties":{"name":"Avenida Intendente Francisco Rabanal","ref":null,"osm":"way/1434494619"},"geometry":{"type":"LineString","coordinates":[[-58.417187,-34.655131],[-58.416784,-34.655007],[-58.416687,-34.654974],[-58.416561,-34.654926]]}},{"type":"Feature","properties":{"name":"Avenida Perito Moreno","ref":null,"osm":"way/1434499037"},"geometry":{"type":"LineString","coordinates":[[-58.429936,-34.650234],[-58.430653,-34.65027],[-58.430708,-34.650273]]}},{"type":"Feature","properties":{"name":"Avenida General Francisco Fernández de La Cruz","ref":null,"osm":"way/1436911684"},"geometry":{"type":"LineString","coordinates":[[-58.447401,-34.663314],[-58.446477,-34.662565],[-58.446449,-34.662543],[-58.446367,-34.66248]]}},{"type":"Feature","properties":{"name":"Avenida Warnes","ref":null,"osm":"way/1449934368"},"geometry":{"type":"LineString","coordinates":[[-58.470517,-34.596288],[-58.470376,-34.596273],[-58.470291,-34.596263]]}},{"type":"Feature","properties":{"name":"Avenida Coronel Roca","ref":null,"osm":"way/1450440920"},"geometry":{"type":"LineString","coordinates":[[-58.457775,-34.686454],[-58.458324,-34.686981]]}},{"type":"Feature","properties":{"name":"Avenida Coronel Roca","ref":null,"osm":"way/1450440921"},"geometry":{"type":"LineString","coordinates":[[-58.457539,-34.686224],[-58.45765,-34.686324],[-58.457674,-34.686347],[-58.457775,-34.686454]]}},{"type":"Feature","properties":{"name":"Avenida Coronel Roca","ref":null,"osm":"way/1450440922"},"geometry":{"type":"LineString","coordinates":[[-58.456981,-34.685734],[-58.45751,-34.686203],[-58.457539,-34.686224]]}},{"type":"Feature","properties":{"name":"Avenida Ruiz Huidobro","ref":null,"osm":"way/1452368357"},"geometry":{"type":"LineString","coordinates":[[-58.489926,-34.552724],[-58.48983,-34.55267]]}},{"type":"Feature","properties":{"name":"Avenida Eva Perón","ref":null,"osm":"way/1452754420"},"geometry":{"type":"LineString","coordinates":[[-58.463426,-34.644176],[-58.46328,-34.64412]]}},{"type":"Feature","properties":{"name":"Avenida Chorroarín","ref":null,"osm":"way/1452774295"},"geometry":{"type":"LineString","coordinates":[[-58.477779,-34.596878],[-58.47789,-34.597078]]}},{"type":"Feature","properties":{"name":"Autopista Teniente General Luis Dellepiane","ref":null,"osm":"way/1452921783"},"geometry":{"type":"LineString","coordinates":[[-58.477929,-34.674758],[-58.477983,-34.67492]]}},{"type":"Feature","properties":{"name":null,"ref":null,"osm":"way/1455976897"},"geometry":{"type":"LineString","coordinates":[[-58.36211,-34.623862],[-58.362223,-34.623944],[-58.362384,-34.624055],[-58.362493,-34.62413]]}},{"type":"Feature","properties":{"name":"Avenida Teniente General Luis Dellepiane","ref":null,"osm":"way/1457344495"},"geometry":{"type":"LineString","coordinates":[[-58.478373,-34.677266],[-58.47807,-34.676392]]}},{"type":"Feature","properties":{"name":"Avenida Juan Bautista Justo","ref":null,"osm":"way/1458726298"},"geometry":{"type":"LineString","coordinates":[[-58.526924,-34.63467],[-58.526811,-34.634661],[-58.526607,-34.634644]]}},{"type":"Feature","properties":{"name":"Avenida Escalada","ref":null,"osm":"way/1458774394"},"geometry":{"type":"LineString","coordinates":[[-58.450212,-34.679473],[-58.450351,-34.679557],[-58.450419,-34.679586],[-58.450454,-34.679607],[-58.450568,-34.679608],[-58.450655,-34.679596],[-58.450738,-34.679569],[-58.45082,-34.67953],[-58.450912,-34.679471]]}},{"type":"Feature","properties":{"name":"Avenida Escalada","ref":null,"osm":"way/1458774396"},"geometry":{"type":"LineString","coordinates":[[-58.451178,-34.679486],[-58.450843,-34.679764],[-58.450793,-34.679815],[-58.450752,-34.679873],[-58.450734,-34.679922],[-58.450725,-34.679972],[-58.450725,-34.680035],[-58.450728,-34.680137]]}},{"type":"Feature","properties":{"name":"Avenida Intendente Francisco Rabanal","ref":null,"osm":"way/1459081978"},"geometry":{"type":"LineString","coordinates":[[-58.418078,-34.655411],[-58.417963,-34.655371],[-58.417639,-34.655271]]}},{"type":"Feature","properties":{"name":"Avenida Leopoldo Lugones","ref":"AV1-N","osm":"way/1469416351"},"geometry":{"type":"LineString","coordinates":[[-58.448545,-34.543021],[-58.447266,-34.543707]]}},{"type":"Feature","properties":{"name":null,"ref":null,"osm":"way/1472336397"},"geometry":{"type":"LineString","coordinates":[[-58.478584,-34.598974],[-58.47868,-34.599093],[-58.478759,-34.599195]]}},{"type":"Feature","properties":{"name":"Avenida Presidente Sarmiento","ref":null,"osm":"way/1481282222"},"geometry":{"type":"LineString","coordinates":[[-58.409318,-34.568883],[-58.409517,-34.569079]]}},{"type":"Feature","properties":{"name":"Avenida Escalada","ref":null,"osm":"way/1481643692"},"geometry":{"type":"LineString","coordinates":[[-58.45755,-34.674496],[-58.457422,-34.67459]]}},{"type":"Feature","properties":{"name":"Avenida Escalada","ref":null,"osm":"way/1481643693"},"geometry":{"type":"LineString","coordinates":[[-58.457422,-34.67459],[-58.456602,-34.675232],[-58.456456,-34.675346],[-58.456406,-34.675385],[-58.45594,-34.675749],[-58.455203,-34.676326],[-58.455066,-34.676433],[-58.455013,-34.676474]]}},{"type":"Feature","properties":{"name":"Avenida Escalada","ref":null,"osm":"way/1481643694"},"geometry":{"type":"LineString","coordinates":[[-58.457289,-34.674463],[-58.457371,-34.674399],[-58.457437,-34.674348]]}},{"type":"Feature","properties":{"name":"Avenida Escalada","ref":null,"osm":"way/1481643695"},"geometry":{"type":"LineString","coordinates":[[-58.454897,-34.676338],[-58.455652,-34.675744],[-58.456472,-34.675103],[-58.456575,-34.675019],[-58.457245,-34.674497],[-58.457289,-34.674463]]}},{"type":"Feature","properties":{"name":"Avenida Escalada","ref":null,"osm":"way/1481643696"},"geometry":{"type":"LineString","coordinates":[[-58.454687,-34.676506],[-58.454752,-34.676454]]}},{"type":"Feature","properties":{"name":"Avenida Escalada","ref":null,"osm":"way/1481643697"},"geometry":{"type":"LineString","coordinates":[[-58.454752,-34.676454],[-58.454814,-34.676403],[-58.454897,-34.676338]]}},{"type":"Feature","properties":{"name":"Avenida Escalada","ref":null,"osm":"way/1481643698"},"geometry":{"type":"LineString","coordinates":[[-58.455013,-34.676474],[-58.454883,-34.676577]]}},{"type":"Feature","properties":{"name":"Avenida Escalada","ref":null,"osm":"way/1481643699"},"geometry":{"type":"LineString","coordinates":[[-58.454883,-34.676577],[-58.454198,-34.677116],[-58.45388,-34.677366],[-58.453146,-34.677942],[-58.453081,-34.677993],[-58.451472,-34.679258],[-58.45137,-34.679337],[-58.451178,-34.679486]]}},{"type":"Feature","properties":{"name":"Avenida Escalada","ref":null,"osm":"way/1481643700"},"geometry":{"type":"LineString","coordinates":[[-58.450912,-34.679471],[-58.450973,-34.679422],[-58.451192,-34.679252],[-58.452654,-34.678087],[-58.452855,-34.677926],[-58.452994,-34.677818],[-58.45357,-34.677366],[-58.453984,-34.677041],[-58.454687,-34.676506]]}},{"type":"Feature","properties":{"name":"Benito Quinquela Martín","ref":null,"osm":"way/1488710253"},"geometry":{"type":"LineString","coordinates":[[-58.381179,-34.645417],[-58.38105,-34.645413],[-58.380991,-34.645411],[-58.38093,-34.645407],[-58.380867,-34.645401],[-58.380807,-34.645393],[-58.380733,-34.645381],[-58.380539,-34.645336]]}},{"type":"Feature","properties":{"name":"Avenida Amancio Alcorta","ref":null,"osm":"way/1490016560"},"geometry":{"type":"LineString","coordinates":[[-58.407648,-34.652251],[-58.407507,-34.652143],[-58.407306,-34.65199]]}},{"type":"Feature","properties":{"name":"Avenida Amancio Alcorta","ref":null,"osm":"way/1490016561"},"geometry":{"type":"LineString","coordinates":[[-58.406077,-34.650622],[-58.406222,-34.650742]]}},{"type":"Feature","properties":{"name":"Avenida Álvarez Thomas","ref":null,"osm":"way/1490326125"},"geometry":{"type":"LineString","coordinates":[[-58.483371,-34.571416],[-58.483642,-34.571208]]}},{"type":"Feature","properties":{"name":null,"ref":null,"osm":"way/1490346459"},"geometry":{"type":"LineString","coordinates":[[-58.466083,-34.652362],[-58.465304,-34.652957]]}},{"type":"Feature","properties":{"name":"Avenida 27 de Febrero","ref":null,"osm":"way/1490346460"},"geometry":{"type":"LineString","coordinates":[[-58.435362,-34.67294],[-58.435541,-34.673052],[-58.435686,-34.673176],[-58.435874,-34.673394],[-58.435962,-34.67354],[-58.436014,-34.673671],[-58.436034,-34.673776],[-58.436049,-34.673912]]}},{"type":"Feature","properties":{"name":"Autopista Presidente Héctor José Cámpora","ref":"AU7","osm":"way/1490409009"},"geometry":{"type":"LineString","coordinates":[[-58.466553,-34.651909],[-58.466386,-34.651995],[-58.466238,-34.652091],[-58.46438,-34.65353]]}},{"type":"Feature","properties":{"name":"Avenida Álvarez Thomas","ref":null,"osm":"way/1490887699"},"geometry":{"type":"LineString","coordinates":[[-58.483642,-34.571208],[-58.483956,-34.570951]]}},{"type":"Feature","properties":{"name":"Avenida General Paz","ref":null,"osm":"way/1493546007"},"geometry":{"type":"LineString","coordinates":[[-58.468322,-34.535911],[-58.468265,-34.535891]]}},{"type":"Feature","properties":{"name":"Pedro de Luján","ref":null,"osm":"way/1494371815"},"geometry":{"type":"LineString","coordinates":[[-58.385331,-34.656757],[-58.38332,-34.656655]]}},{"type":"Feature","properties":{"name":"Avenida Don Pedro de Mendoza","ref":null,"osm":"way/1511443680"},"geometry":{"type":"LineString","coordinates":[[-58.353776,-34.635649],[-58.353711,-34.635517],[-58.353663,-34.635418],[-58.353624,-34.635328],[-58.353593,-34.635243]]}},{"type":"Feature","properties":{"name":"Avenida Teniente General Luis Dellepiane","ref":null,"osm":"way/1511460067"},"geometry":{"type":"LineString","coordinates":[[-58.474454,-34.668425],[-58.474426,-34.668356],[-58.474391,-34.668282]]}},{"type":"Feature","properties":{"name":null,"ref":null,"osm":"way/1517220892"},"geometry":{"type":"LineString","coordinates":[[-58.377371,-34.636445],[-58.377289,-34.637062]]}},{"type":"Feature","properties":{"name":"Calle 13","ref":null,"osm":"way/1517290062"},"geometry":{"type":"LineString","coordinates":[[-58.392177,-34.5733],[-58.389853,-34.57463],[-58.389337,-34.574925],[-58.387859,-34.575764]]}},{"type":"Feature","properties":{"name":"Río Negro","ref":null,"osm":"way/1521094769"},"geometry":{"type":"LineString","coordinates":[[-58.481193,-34.681566],[-58.48132,-34.681567]]}},{"type":"Feature","properties":{"name":"Avenida Escalada","ref":null,"osm":"way/1533012851"},"geometry":{"type":"LineString","coordinates":[[-58.44929,-34.680986],[-58.446261,-34.683354],[-58.444485,-34.684758],[-58.444368,-34.684851]]}},{"type":"Feature","properties":{"name":"Avenida Escalada","ref":null,"osm":"way/1533012852"},"geometry":{"type":"LineString","coordinates":[[-58.444396,-34.68465],[-58.446142,-34.683261],[-58.449113,-34.680933],[-58.449169,-34.680889]]}},{"type":"Feature","properties":{"name":"Avenida Juan Bautista Justo","ref":null,"osm":"way/1537918350"},"geometry":{"type":"LineString","coordinates":[[-58.521603,-34.633867],[-58.521253,-34.633824]]}},{"type":"Feature","properties":{"name":"Avenida Juan Bautista Justo","ref":null,"osm":"way/1537918351"},"geometry":{"type":"LineString","coordinates":[[-58.521253,-34.633824],[-58.521068,-34.63381]]}},{"type":"Feature","properties":{"name":"Avenida Piedra Buena","ref":null,"osm":"way/1538471506"},"geometry":{"type":"LineString","coordinates":[[-58.482219,-34.682723],[-58.482129,-34.682798]]}},{"type":"Feature","properties":{"name":"Avenida Teniente General Luis Dellepiane","ref":null,"osm":"way/1538471508"},"geometry":{"type":"LineString","coordinates":[[-58.480616,-34.680039],[-58.480962,-34.680751]]}},{"type":"Feature","properties":{"name":"Avenida Teniente General Luis Dellepiane","ref":null,"osm":"way/1538471509"},"geometry":{"type":"LineString","coordinates":[[-58.480962,-34.680751],[-58.481116,-34.68109],[-58.481169,-34.68115]]}},{"type":"Feature","properties":{"name":"Avenida Juan Bautista Justo","ref":null,"osm":"way/1545575956"},"geometry":{"type":"LineString","coordinates":[[-58.497511,-34.630818],[-58.497623,-34.630859],[-58.49919,-34.631395],[-58.499232,-34.63141],[-58.499347,-34.631449],[-58.499459,-34.631487],[-58.500145,-34.631725],[-58.500909,-34.632048]]}},{"type":"Feature","properties":{"name":"Avenida Juan Bautista Justo","ref":null,"osm":"way/1545579205"},"geometry":{"type":"LineString","coordinates":[[-58.497388,-34.630774],[-58.497511,-34.630818]]}},{"type":"Feature","properties":{"name":"Avenida Juan Bautista Justo","ref":null,"osm":"way/1545579206"},"geometry":{"type":"LineString","coordinates":[[-58.495715,-34.6302],[-58.495637,-34.630146]]}},{"type":"Feature","properties":{"name":"Avenida Juan Bautista Justo","ref":null,"osm":"way/1546457027"},"geometry":{"type":"LineString","coordinates":[[-58.500909,-34.632048],[-58.501098,-34.632134]]}},{"type":"Feature","properties":{"name":"Avenida General Iriarte","ref":null,"osm":"way/1548711390"},"geometry":{"type":"LineString","coordinates":[[-58.39543,-34.651515],[-58.395551,-34.651513],[-58.395803,-34.6515],[-58.396005,-34.651485],[-58.396519,-34.651447],[-58.396569,-34.651443],[-58.396629,-34.651441]]}}]}
